Date,510300,510500,512100,510880,512010,159928,512800,512880,512660,512480,512690,512400,518880,511010
2008-01-02,,,,2.7883,,,,,,,,,,
2008-01-03,,,,2.8726,,,,,,,,,,
2008-01-04,,,,2.875,,,,,,,,,,
2008-01-07,,,,2.9025,,,,,,,,,,
2008-01-08,,,,2.9055,,,,,,,,,,
2008-01-09,,,,2.9611,,,,,,,,,,
2008-01-10,,,,2.97,,,,,,,,,,
2008-01-11,,,,2.9599,,,,,,,,,,
2008-01-14,,,,2.9891,,,,,,,,,,
2008-01-15,,,,2.9724,,,,,,,,,,
2008-01-16,,,,2.8923,,,,,,,,,,
2008-01-17,,,,2.7811,,,,,,,,,,
2008-01-18,,,,2.7859,,,,,,,,,,
2008-01-21,,,,2.6311,,,,,,,,,,
2008-01-22,,,,2.4261,,,,,,,,,,
2008-01-23,,,,2.5546,,,,,,,,,,
2008-01-24,,,,2.566,,,,,,,,,,
2008-01-25,,,,2.5821,,,,,,,,,,
2008-01-28,,,,2.3741,,,,,,,,,,
2008-01-29,,,,2.3998,,,,,,,,,,
2008-01-30,,,,2.3914,,,,,,,,,,
2008-01-31,,,,2.3729,,,,,,,,,,
2008-02-01,,,,2.3299,,,,,,,,,,
2008-02-04,,,,2.5361,,,,,,,,,,
2008-02-05,,,,2.5265,,,,,,,,,,
2008-02-13,,,,2.4727,,,,,,,,,,
2008-02-14,,,,2.5164,,,,,,,,,,
2008-02-15,,,,2.496,,,,,,,,,,
2008-02-18,,,,2.5355,,,,,,,,,,
2008-02-19,,,,2.5964,,,,,,,,,,
2008-02-20,,,,2.557,,,,,,,,,,
2008-02-21,,,,2.5713,,,,,,,,,,
2008-02-22,,,,2.4787,,,,,,,,,,
2008-02-25,,,,2.395,,,,,,,,,,
2008-02-26,,,,2.389,,,,,,,,,,
2008-02-27,,,,2.4434,,,,,,,,,,
2008-02-28,,,,2.4393,,,,,,,,,,
2008-02-29,,,,2.4464,,,,,,,,,,
2008-03-03,,,,2.5032,,,,,,,,,,
2008-03-04,,,,2.4261,,,,,,,,,,
2008-03-05,,,,2.3729,,,,,,,,,,
2008-03-06,,,,2.392,,,,,,,,,,
2008-03-07,,,,2.352,,,,,,,,,,
2008-03-10,,,,2.2575,,,,,,,,,,
2008-03-11,,,,2.2599,,,,,,,,,,
2008-03-12,,,,2.19,,,,,,,,,,
2008-03-13,,,,2.1231,,,,,,,,,,
2008-03-14,,,,2.1004,,,,,,,,,,
2008-03-17,,,,1.9862,,,,,,,,,,
2008-03-18,,,,1.887,,,,,,,,,,
2008-03-19,,,,1.9539,,,,,,,,,,
2008-03-20,,,,2.0346,,,,,,,,,,
2008-03-21,,,,2.083,,,,,,,,,,
2008-03-24,,,,1.9772,,,,,,,,,,
2008-03-25,,,,2.0131,,,,,,,,,,
2008-03-26,,,,2.0101,,,,,,,,,,
2008-03-27,,,,1.8983,,,,,,,,,,
2008-03-28,,,,1.9605,,,,,,,,,,
2008-03-31,,,,1.872,,,,,,,,,,
2008-04-01,,,,1.7346,,,,,,,,,,
2008-04-02,,,,1.7053,,,,,,,,,,
2008-04-03,,,,1.7776,,,,,,,,,,
2008-04-07,,,,1.8726,,,,,,,,,,
2008-04-08,,,,1.8941,,,,,,,,,,
2008-04-09,,,,1.8021,,,,,,,,,,
2008-04-10,,,,1.8403,,,,,,,,,,
2008-04-11,,,,1.8535,,,,,,,,,,
2008-04-14,,,,1.731,,,,,,,,,,
2008-04-15,,,,1.7597,,,,,,,,,,
2008-04-16,,,,1.7059,,,,,,,,,,
2008-04-17,,,,1.6401,,,,,,,,,,
2008-04-18,,,,1.5648,,,,,,,,,,
2008-04-21,,,,1.5726,,,,,,,,,,
2008-04-22,,,,1.6019,,,,,,,,,,
2008-04-23,,,,1.682,,,,,,,,,,
2008-04-24,,,,1.8415,,,,,,,,,,
2008-04-25,,,,1.8714,,,,,,,,,,
2008-04-28,,,,1.8463,,,,,,,,,,
2008-04-29,,,,1.8786,,,,,,,,,,
2008-04-30,,,,1.976,,,,,,,,,,
2008-05-05,,,,2.0203,,,,,,,,,,
2008-05-06,,,,1.9958,,,,,,,,,,
2008-05-07,,,,1.8995,,,,,,,,,,
2008-05-08,,,,1.9527,,,,,,,,,,
2008-05-09,,,,1.9611,,,,,,,,,,
2008-05-12,,,,1.9862,,,,,,,,,,
2008-05-13,,,,1.9838,,,,,,,,,,
2008-05-14,,,,2.0232,,,,,,,,,,
2008-05-15,,,,2.025,,,,,,,,,,
2008-05-16,,,,2.0041,,,,,,,,,,
2008-05-19,,,,1.991,,,,,,,,,,
2008-05-20,,,,1.8858,,,,,,,,,,
2008-05-21,,,,1.9414,,,,,,,,,,
2008-05-22,,,,1.9103,,,,,,,,,,
2008-05-23,,,,1.8846,,,,,,,,,,
2008-05-26,,,,1.8182,,,,,,,,,,
2008-05-27,,,,1.8194,,,,,,,,,,
2008-05-28,,,,1.8732,,,,,,,,,,
2008-05-29,,,,1.8218,,,,,,,,,,
2008-05-30,,,,1.8517,,,,,,,,,,
2008-06-02,,,,1.8577,,,,,,,,,,
2008-06-03,,,,1.8523,,,,,,,,,,
2008-06-04,,,,1.8176,,,,,,,,,,
2008-06-05,,,,1.7961,,,,,,,,,,
2008-06-06,,,,1.7949,,,,,,,,,,
2008-06-10,,,,1.6437,,,,,,,,,,
2008-06-11,,,,1.6132,,,,,,,,,,
2008-06-12,,,,1.5827,,,,,,,,,,
2008-06-13,,,,1.5373,,,,,,,,,,
2008-06-16,,,,1.5391,,,,,,,,,,
2008-06-17,,,,1.4811,,,,,,,,,,
2008-06-18,,,,1.5678,,,,,,,,,,
2008-06-19,,,,1.4429,,,,,,,,,,
2008-06-20,,,,1.4668,,,,,,,,,,
2008-06-23,,,,1.4231,,,,,,,,,,
2008-06-24,,,,1.422,,,,,,,,,,
2008-06-25,,,,1.4949,,,,,,,,,,
2008-06-26,,,,1.4949,,,,,,,,,,
2008-06-27,,,,1.3891,,,,,,,,,,
2008-06-30,,,,1.3729,,,,,,,,,,
2008-07-01,,,,1.3275,,,,,,,,,,
2008-07-02,,,,1.3377,,,,,,,,,,
2008-07-03,,,,1.3735,,,,,,,,,,
2008-07-04,,,,1.3592,,,,,,,,,,
2008-07-07,,,,1.4381,,,,,,,,,,
2008-07-08,,,,1.4542,,,,,,,,,,
2008-07-09,,,,1.5092,,,,,,,,,,
2008-07-10,,,,1.4769,,,,,,,,,,
2008-07-11,,,,1.4644,,,,,,,,,,
2008-07-14,,,,1.4835,,,,,,,,,,
2008-07-15,,,,1.4321,,,,,,,,,,
2008-07-16,,,,1.3807,,,,,,,,,,
2008-07-17,,,,1.3616,,,,,,,,,,
2008-07-18,,,,1.4118,,,,,,,,,,
2008-07-21,,,,1.4608,,,,,,,,,,
2008-07-22,,,,1.456,,,,,,,,,,
2008-07-23,,,,1.4471,,,,,,,,,,
2008-07-24,,,,1.4889,,,,,,,,,,
2008-07-25,,,,1.4656,,,,,,,,,,
2008-07-28,,,,1.4859,,,,,,,,,,
2008-07-29,,,,1.4566,,,,,,,,,,
2008-07-30,,,,1.4494,,,,,,,,,,
2008-07-31,,,,1.4004,,,,,,,,,,
2008-08-01,,,,1.4058,,,,,,,,,,
2008-08-04,,,,1.3658,,,,,,,,,,
2008-08-05,,,,1.3257,,,,,,,,,,
2008-08-06,,,,1.3335,,,,,,,,,,
2008-08-07,,,,1.3329,,,,,,,,,,
2008-08-08,,,,1.2606,,,,,,,,,,
2008-08-11,,,,1.2014,,,,,,,,,,
2008-08-12,,,,1.2139,,,,,,,,,,
2008-08-13,,,,1.2211,,,,,,,,,,
2008-08-14,,,,1.2205,,,,,,,,,,
2008-08-15,,,,1.2205,,,,,,,,,,
2008-08-18,,,,1.1488,,,,,,,,,,
2008-08-19,,,,1.1637,,,,,,,,,,
2008-08-20,,,,1.2498,,,,,,,,,,
2008-08-21,,,,1.1888,,,,,,,,,,
2008-08-22,,,,1.1608,,,,,,,,,,
2008-08-25,,,,1.1548,,,,,,,,,,
2008-08-26,,,,1.1093,,,,,,,,,,
2008-08-27,,,,1.1099,,,,,,,,,,
2008-08-28,,,,1.1195,,,,,,,,,,
2008-08-29,,,,1.1482,,,,,,,,,,
2008-09-01,,,,1.1141,,,,,,,,,,
2008-09-02,,,,1.1129,,,,,,,,,,
2008-09-03,,,,1.1082,,,,,,,,,,
2008-09-04,,,,1.1165,,,,,,,,,,
2008-09-05,,,,1.0878,,,,,,,,,,
2008-09-08,,,,1.043,,,,,,,,,,
2008-09-09,,,,1.0567,,,,,,,,,,
2008-09-10,,,,1.0657,,,,,,,,,,
2008-09-11,,,,1.04,,,,,,,,,,
2008-09-12,,,,1.052,,,,,,,,,,
2008-09-16,,,,1.0388,,,,,,,,,,
2008-09-17,,,,1.0155,,,,,,,,,,
2008-09-18,,,,0.988,,,,,,,,,,
2008-09-19,,,,1.0789,,,,,,,,,,
2008-09-22,,,,1.135,,,,,,,,,,
2008-09-23,,,,1.0836,,,,,,,,,,
2008-09-24,,,,1.0986,,,,,,,,,,
2008-09-25,,,,1.1464,,,,,,,,,,
2008-09-26,,,,1.1578,,,,,,,,,,
2008-10-06,,,,1.0902,,,,,,,,,,
2008-10-07,,,,1.0825,,,,,,,,,,
2008-10-08,,,,1.0562,,,,,,,,,,
2008-10-09,,,,1.0394,,,,,,,,,,
2008-10-10,,,,0.9934,,,,,,,,,,
2008-10-13,,,,1.0191,,,,,,,,,,
2008-10-14,,,,0.9958,,,,,,,,,,
2008-10-15,,,,0.9767,,,,,,,,,,
2008-10-16,,,,0.93,,,,,,,,,,
2008-10-17,,,,0.942,,,,,,,,,,
2008-10-20,,,,0.9707,,,,,,,,,,
2008-10-21,,,,0.9605,,,,,,,,,,
2008-10-22,,,,0.9354,,,,,,,,,,
2008-10-23,,,,0.933,,,,,,,,,,
2008-10-24,,,,0.9073,,,,,,,,,,
2008-10-27,,,,0.8374,,,,,,,,,,
2008-10-28,,,,0.8589,,,,,,,,,,
2008-10-29,,,,0.826,,,,,,,,,,
2008-10-30,,,,0.8464,,,,,,,,,,
2008-10-31,,,,0.8272,,,,,,,,,,
2008-11-03,,,,0.8183,,,,,,,,,,
2008-11-04,,,,0.8081,,,,,,,,,,
2008-11-05,,,,0.8374,,,,,,,,,,
2008-11-06,,,,0.8272,,,,,,,,,,
2008-11-07,,,,0.838,,,,,,,,,,
2008-11-10,,,,0.8978,,,,,,,,,,
2008-11-11,,,,0.8918,,,,,,,,,,
2008-11-12,,,,0.8984,,,,,,,,,,
2008-11-13,,,,0.9396,,,,,,,,,,
2008-11-14,,,,0.9665,,,,,,,,,,
2008-11-17,,,,0.9934,,,,,,,,,,
2008-11-18,,,,0.9121,,,,,,,,,,
2008-11-19,,,,0.9695,,,,,,,,,,
2008-11-20,,,,0.9575,,,,,,,,,,
2008-11-21,,,,0.9539,,,,,,,,,,
2008-11-24,,,,0.9163,,,,,,,,,,
2008-11-25,,,,0.9091,,,,,,,,,,
2008-11-26,,,,0.9235,,,,,,,,,,
2008-11-27,,,,0.9378,,,,,,,,,,
2008-11-28,,,,0.9264,,,,,,,,,,
2008-12-01,,,,0.9396,,,,,,,,,,
2008-12-02,,,,0.939,,,,,,,,,,
2008-12-03,,,,0.9808,,,,,,,,,,
2008-12-04,,,,1.0012,,,,,,,,,,
2008-12-05,,,,1.0131,,,,,,,,,,
2008-12-08,,,,1.0496,,,,,,,,,,
2008-12-09,,,,1.0227,,,,,,,,,,
2008-12-10,,,,1.0364,,,,,,,,,,
2008-12-11,,,,1.0071,,,,,,,,,,
2008-12-12,,,,0.9659,,,,,,,,,,
2008-12-15,,,,0.9796,,,,,,,,,,
2008-12-16,,,,0.988,,,,,,,,,,
2008-12-17,,,,0.9892,,,,,,,,,,
2008-12-18,,,,1.0018,,,,,,,,,,
2008-12-19,,,,1.0059,,,,,,,,,,
2008-12-22,,,,0.9874,,,,,,,,,,
2008-12-23,,,,0.942,,,,,,,,,,
2008-12-24,,,,0.9193,,,,,,,,,,
2008-12-25,,,,0.9121,,,,,,,,,,
2008-12-26,,,,0.9097,,,,,,,,,,
2008-12-29,,,,0.9079,,,,,,,,,,
2008-12-30,,,,0.8924,,,,,,,,,,
2008-12-31,,,,0.8792,,,,,,,,,,
2009-01-05,,,,0.9115,,,,,,,,,,
2009-01-06,,,,0.9432,,,,,,,,,,
2009-01-07,,,,0.9396,,,,,,,,,,
2009-01-08,,,,0.9223,,,,,,,,,,
2009-01-09,,,,0.9408,,,,,,,,,,
2009-01-12,,,,0.9474,,,,,,,,,,
2009-01-13,,,,0.9288,,,,,,,,,,
2009-01-14,,,,0.9587,,,,,,,,,,
2009-01-15,,,,0.951,,,,,,,,,,
2009-01-16,,,,0.9761,,,,,,,,,,
2009-01-19,,,,0.9802,,,,,,,,,,
2009-01-20,,,,0.9868,,,,,,,,,,
2009-01-21,,,,0.9767,,,,,,,,,,
2009-01-22,,,,0.9892,,,,,,,,,,
2009-01-23,,,,0.9892,,,,,,,,,,
2009-02-02,,,,1.0018,,,,,,,,,,
2009-02-03,,,,1.0287,,,,,,,,,,
2009-02-04,,,,1.0573,,,,,,,,,,
2009-02-05,,,,1.0562,,,,,,,,,,
2009-02-06,,,,1.0998,,,,,,,,,,
2009-02-09,,,,1.1261,,,,,,,,,,
2009-02-10,,,,1.1404,,,,,,,,,,
2009-02-11,,,,1.1422,,,,,,,,,,
2009-02-12,,,,1.1368,,,,,,,,,,
2009-02-13,,,,1.1781,,,,,,,,,,
2009-02-16,,,,1.2229,,,,,,,,,,
2009-02-17,,,,1.1781,,,,,,,,,,
2009-02-18,,,,1.1177,,,,,,,,,,
2009-02-19,,,,1.138,,,,,,,,,,
2009-02-20,,,,1.1655,,,,,,,,,,
2009-02-23,,,,1.193,,,,,,,,,,
2009-02-24,,,,1.1374,,,,,,,,,,
2009-02-25,,,,1.1362,,,,,,,,,,
2009-02-26,,,,1.0801,,,,,,,,,,
2009-02-27,,,,1.0442,,,,,,,,,,
2009-03-02,,,,1.0532,,,,,,,,,,
2009-03-03,,,,1.055,,,,,,,,,,
2009-03-04,,,,1.1273,,,,,,,,,,
2009-03-05,,,,1.1297,,,,,,,,,,
2009-03-06,,,,1.1171,,,,,,,,,,
2009-03-09,,,,1.0807,,,,,,,,,,
2009-03-10,,,,1.0944,,,,,,,,,,
2009-03-11,,,,1.0825,,,,,,,,,,
2009-03-12,,,,1.0813,,,,,,,,,,
2009-03-13,,,,1.0711,,,,,,,,,,
2009-03-16,,,,1.0819,,,,,,,,,,
2009-03-17,,,,1.1201,,,,,,,,,,
2009-03-18,,,,1.1339,,,,,,,,,,
2009-03-19,,,,1.1572,,,,,,,,,,
2009-03-20,,,,1.1602,,,,,,,,,,
2009-03-23,,,,1.1847,,,,,,,,,,
2009-03-24,,,,1.1829,,,,,,,,,,
2009-03-25,,,,1.1512,,,,,,,,,,
2009-03-26,,,,1.1835,,,,,,,,,,
2009-03-27,,,,1.1996,,,,,,,,,,
2009-03-30,,,,1.1876,,,,,,,,,,
2009-03-31,,,,1.1876,,,,,,,,,,
2009-04-01,,,,1.211,,,,,,,,,,
2009-04-02,,,,1.2241,,,,,,,,,,
2009-04-03,,,,1.2169,,,,,,,,,,
2009-04-07,,,,1.2199,,,,,,,,,,
2009-04-08,,,,1.1763,,,,,,,,,,
2009-04-09,,,,1.1865,,,,,,,,,,
2009-04-10,,,,1.2128,,,,,,,,,,
2009-04-13,,,,1.2576,,,,,,,,,,
2009-04-14,,,,1.2677,,,,,,,,,,
2009-04-15,,,,1.2779,,,,,,,,,,
2009-04-16,,,,1.2821,,,,,,,,,,
2009-04-17,,,,1.2677,,,,,,,,,,
2009-04-20,,,,1.2911,,,,,,,,,,
2009-04-21,,,,1.2809,,,,,,,,,,
2009-04-22,,,,1.2331,,,,,,,,,,
2009-04-23,,,,1.2408,,,,,,,,,,
2009-04-24,,,,1.2271,,,,,,,,,,
2009-04-27,,,,1.1865,,,,,,,,,,
2009-04-28,,,,1.1924,,,,,,,,,,
2009-04-29,,,,1.2247,,,,,,,,,,
2009-04-30,,,,1.2313,,,,,,,,,,
2009-05-04,,,,1.2821,,,,,,,,,,
2009-05-05,,,,1.2905,,,,,,,,,,
2009-05-06,,,,1.3096,,,,,,,,,,
2009-05-07,,,,1.3102,,,,,,,,,,
2009-05-08,,,,1.3138,,,,,,,,,,
2009-05-11,,,,1.2839,,,,,,,,,,
2009-05-12,,,,1.3162,,,,,,,,,,
2009-05-13,,,,1.3257,,,,,,,,,,
2009-05-14,,,,1.3168,,,,,,,,,,
2009-05-15,,,,1.315,,,,,,,,,,
2009-05-18,,,,1.3245,,,,,,,,,,
2009-05-19,,,,1.3365,,,,,,,,,,
2009-05-20,,,,1.3233,,,,,,,,,,
2009-05-21,,,,1.2976,,,,,,,,,,
2009-05-22,,,,1.2922,,,,,,,,,,
2009-05-25,,,,1.2934,,,,,,,,,,
2009-05-26,,,,1.2773,,,,,,,,,,
2009-05-27,,,,1.2905,,,,,,,,,,
2009-06-01,,,,1.3275,,,,,,,,,,
2009-06-02,,,,1.3311,,,,,,,,,,
2009-06-03,,,,1.3544,,,,,,,,,,
2009-06-04,,,,1.3676,,,,,,,,,,
2009-06-05,,,,1.3526,,,,,,,,,,
2009-06-08,,,,1.3437,,,,,,,,,,
2009-06-09,,,,1.3442,,,,,,,,,,
2009-06-10,,,,1.3652,,,,,,,,,,
2009-06-11,,,,1.3568,,,,,,,,,,
2009-06-12,,,,1.3191,,,,,,,,,,
2009-06-15,,,,1.3341,,,,,,,,,,
2009-06-16,,,,1.3347,,,,,,,,,,
2009-06-17,,,,1.3556,,,,,,,,,,
2009-06-18,,,,1.3699,,,,,,,,,,
2009-06-19,,,,1.3735,,,,,,,,,,
2009-06-22,,,,1.3807,,,,,,,,,,
2009-06-23,,,,1.3879,,,,,,,,,,
2009-06-24,,,,1.4184,,,,,,,,,,
2009-06-25,,,,1.4154,,,,,,,,,,
2009-06-26,,,,1.4136,,,,,,,,,,
2009-06-29,,,,1.4285,,,,,,,,,,
2009-06-30,,,,1.4136,,,,,,,,,,
2009-07-01,,,,1.4399,,,,,,,,,,
2009-07-02,,,,1.4524,,,,,,,,,,
2009-07-03,,,,1.4686,,,,,,,,,,
2009-07-06,,,,1.5212,,,,,,,,,,
2009-07-07,,,,1.5116,,,,,,,,,,
2009-07-08,,,,1.523,,,,,,,,,,
2009-07-09,,,,1.5564,,,,,,,,,,
2009-07-10,,,,1.5523,,,,,,,,,,
2009-07-13,,,,1.5295,,,,,,,,,,
2009-07-14,,,,1.5809,,,,,,,,,,
2009-07-15,,,,1.621,,,,,,,,,,
2009-07-16,,,,1.6114,,,,,,,,,,
2009-07-17,,,,1.6216,,,,,,,,,,
2009-07-20,,,,1.6634,,,,,,,,,,
2009-07-21,,,,1.6317,,,,,,,,,,
2009-07-22,,,,1.6772,,,,,,,,,,
2009-07-23,,,,1.6879,,,,,,,,,,
2009-07-24,,,,1.7005,,,,,,,,,,
2009-07-27,,,,1.7381,,,,,,,,,,
2009-07-28,,,,1.7716,,,,,,,,,,
2009-07-29,,,,1.6915,,,,,,,,,,
2009-07-30,,,,1.7172,,,,,,,,,,
2009-07-31,,,,1.7758,,,,,,,,,,
2009-08-03,,,,1.8403,,,,,,,,,,
2009-08-04,,,,1.8655,,,,,,,,,,
2009-08-05,,,,1.835,,,,,,,,,,
2009-08-06,,,,1.7029,,,,,,,,,,
2009-08-07,,,,1.7029,,,,,,,,,,
2009-08-10,,,,1.7196,,,,,,,,,,
2009-08-11,,,,1.7256,,,,,,,,,,
2009-08-12,,,,1.6353,,,,,,,,,,
2009-08-13,,,,1.6449,,,,,,,,,,
2009-08-14,,,,1.5929,,,,,,,,,,
2009-08-17,,,,1.4823,,,,,,,,,,
2009-08-18,,,,1.5254,,,,,,,,,,
2009-08-19,,,,1.4315,,,,,,,,,,
2009-08-20,,,,1.4961,,,,,,,,,,
2009-08-21,,,,1.5337,,,,,,,,,,
2009-08-24,,,,1.5463,,,,,,,,,,
2009-08-25,,,,1.5014,,,,,,,,,,
2009-08-26,,,,1.5421,,,,,,,,,,
2009-08-27,,,,1.5242,,,,,,,,,,
2009-08-28,,,,1.4763,,,,,,,,,,
2009-08-31,,,,1.3448,,,,,,,,,,
2009-09-01,,,,1.3502,,,,,,,,,,
2009-09-02,,,,1.3682,,,,,,,,,,
2009-09-03,,,,1.4554,,,,,,,,,,
2009-09-04,,,,1.4626,,,,,,,,,,
2009-09-07,,,,1.4638,,,,,,,,,,
2009-09-08,,,,1.4943,,,,,,,,,,
2009-09-09,,,,1.517,,,,,,,,,,
2009-09-10,,,,1.4949,,,,,,,,,,
2009-09-11,,,,1.5212,,,,,,,,,,
2009-09-14,,,,1.5463,,,,,,,,,,
2009-09-15,,,,1.5534,,,,,,,,,,
2009-09-16,,,,1.5283,,,,,,,,,,
2009-09-17,,,,1.5618,,,,,,,,,,
2009-09-18,,,,1.5074,,,,,,,,,,
2009-09-21,,,,1.5056,,,,,,,,,,
2009-09-22,,,,1.4572,,,,,,,,,,
2009-09-23,,,,1.4261,,,,,,,,,,
2009-09-24,,,,1.4285,,,,,,,,,,
2009-09-25,,,,1.4196,,,,,,,,,,
2009-09-28,,,,1.3717,,,,,,,,,,
2009-09-29,,,,1.3694,,,,,,,,,,
2009-09-30,,,,1.3819,,,,,,,,,,
2009-10-09,,,,1.4548,,,,,,,,,,
2009-10-12,,,,1.4459,,,,,,,,,,
2009-10-13,,,,1.4757,,,,,,,,,,
2009-10-14,,,,1.4925,,,,,,,,,,
2009-10-15,,,,1.5026,,,,,,,,,,
2009-10-16,,,,1.5038,,,,,,,,,,
2009-10-19,,,,1.5427,,,,,,,,,,
2009-10-20,,,,1.5564,,,,,,,,,,
2009-10-21,,,,1.5493,,,,,,,,,,
2009-10-22,,,,1.523,,,,,,,,,,
2009-10-23,,,,1.5451,,,,,,,,,,
2009-10-26,,,,1.5517,,,,,,,,,,
2009-10-27,,,,1.5104,,,,,,,,,,
2009-10-28,,,,1.5152,,,,,,,,,,
2009-10-29,,,,1.4829,,,,,,,,,,
2009-10-30,,,,1.4949,,,,,,,,,,
2009-11-02,,,,1.5385,,,,,,,,,,
2009-11-03,,,,1.5612,,,,,,,,,,
2009-11-04,,,,1.5738,,,,,,,,,,
2009-11-05,,,,1.5899,,,,,,,,,,
2009-11-06,,,,1.6072,,,,,,,,,,
2009-11-09,,,,1.618,,,,,,,,,,
2009-11-10,,,,0.67,,,,,,,,,,
2009-11-11,,,,1.609,,,,,,,,,,
2009-11-12,,,,1.6126,,,,,,,,,,
2009-11-13,,,,1.6156,,,,,,,,,,
2009-11-16,,,,1.6664,,,,,,,,,,
2009-11-17,,,,1.6616,,,,,,,,,,
2009-11-18,,,,1.6676,,,,,,,,,,
2009-11-19,,,,1.6826,,,,,,,,,,
2009-11-20,,,,1.6712,,,,,,,,,,
2009-11-23,,,,1.6963,,,,,,,,,,
2009-11-24,,,,1.6497,,,,,,,,,,
2009-11-25,,,,1.6969,,,,,,,,,,
2009-11-26,,,,1.6252,,,,,,,,,,
2009-11-27,,,,1.5774,,,,,,,,,,
2009-11-30,,,,1.6401,,,,,,,,,,
2009-12-01,,,,1.6718,,,,,,,,,,
2009-12-02,,,,1.6826,,,,,,,,,,
2009-12-03,,,,1.6939,,,,,,,,,,
2009-12-04,,,,1.71,,,,,,,,,,
2009-12-07,,,,1.7196,,,,,,,,,,
2009-12-08,,,,1.7065,,,,,,,,,,
2009-12-09,,,,1.6754,,,,,,,,,,
2009-12-10,,,,1.6796,,,,,,,,,,
2009-12-11,,,,1.6736,,,,,,,,,,
2009-12-14,,,,1.6927,,,,,,,,,,
2009-12-15,,,,1.6915,,,,,,,,,,
2009-12-16,,,,1.6754,,,,,,,,,,
2009-12-17,,,,1.6329,,,,,,,,,,
2009-12-18,,,,1.6048,,,,,,,,,,
2009-12-21,,,,1.606,,,,,,,,,,
2009-12-22,,,,1.566,,,,,,,,,,
2009-12-23,,,,1.5809,,,,,,,,,,
2009-12-24,,,,1.6288,,,,,,,,,,
2009-12-25,,,,1.6228,,,,,,,,,,
2009-12-28,,,,1.6533,,,,,,,,,,
2009-12-29,,,,1.6539,,,,,,,,,,
2009-12-30,,,,1.6772,,,,,,,,,,
2009-12-31,,,,1.6843,,,,,,,,,,
2010-01-04,,,,1.6598,,,,,,,,,,
2010-01-05,,,,1.6814,,,,,,,,,,
2010-01-06,,,,1.6784,,,,,,,,,,
2010-01-07,,,,1.6365,,,,,,,,,,
2010-01-08,,,,1.6371,,,,,,,,,,
2010-01-11,,,,1.6383,,,,,,,,,,
2010-01-12,,,,1.6628,,,,,,,,,,
2010-01-13,,,,1.5983,,,,,,,,,,
2010-01-14,,,,1.6198,,,,,,,,,,
2010-01-15,,,,1.6246,,,,,,,,,,
2010-01-18,,,,1.63,,,,,,,,,,
2010-01-19,,,,1.6329,,,,,,,,,,
2010-01-20,,,,1.5839,,,,,,,,,,
2010-01-21,,,,1.5869,,,,,,,,,,
2010-01-22,,,,1.5863,,,,,,,,,,
2010-01-25,,,,1.5588,,,,,,,,,,
2010-01-26,,,,1.5194,,,,,,,,,,
2010-01-27,,,,1.4985,,,,,,,,,,
2010-01-28,,,,1.4895,,,,,,,,,,
2010-01-29,,,,1.4883,,,,,,,,,,
2010-02-01,,,,1.4638,,,,,,,,,,
2010-02-02,,,,1.4626,,,,,,,,,,
2010-02-03,,,,1.5038,,,,,,,,,,
2010-02-04,,,,1.4967,,,,,,,,,,
2010-02-05,,,,1.4638,,,,,,,,,,
2010-02-08,,,,1.465,,,,,,,,,,
2010-02-09,,,,1.4728,,,,,,,,,,
2010-02-10,,,,1.4889,,,,,,,,,,
2010-02-11,,,,1.4901,,,,,,,,,,
2010-02-12,,,,1.5056,,,,,,,,,,
2010-02-22,,,,1.5008,,,,,,,,,,
2010-02-23,,,,1.4877,,,,,,,,,,
2010-02-24,,,,1.5074,,,,,,,,,,
2010-02-25,,,,1.5271,,,,,,,,,,
2010-02-26,,,,1.5158,,,,,,,,,,
2010-03-01,,,,1.5367,,,,,,,,,,
2010-03-02,,,,1.5277,,,,,,,,,,
2010-03-03,,,,1.5367,,,,,,,,,,
2010-03-04,,,,1.502,,,,,,,,,,
2010-03-05,,,,1.5062,,,,,,,,,,
2010-03-08,,,,1.5212,,,,,,,,,,
2010-03-09,,,,1.5289,,,,,,,,,,
2010-03-10,,,,1.5212,,,,,,,,,,
2010-03-11,,,,1.5254,,,,,,,,,,
2010-03-12,,,,1.502,,,,,,,,,,
2010-03-15,,,,1.4853,,,,,,,,,,
2010-03-16,,,,1.4865,,,,,,,,,,
2010-03-17,,,,1.5122,,,,,,,,,,
2010-03-18,,,,1.5098,,,,,,,,,,
2010-03-19,,,,1.5176,,,,,,,,,,
2010-03-22,,,,1.5206,,,,,,,,,,
2010-03-23,,,,1.5098,,,,,,,,,,
2010-03-24,,,,1.5116,,,,,,,,,,
2010-03-25,,,,1.4955,,,,,,,,,,
2010-03-26,,,,1.52,,,,,,,,,,
2010-03-29,,,,1.5558,,,,,,,,,,
2010-03-30,,,,1.5564,,,,,,,,,,
2010-03-31,,,,1.5433,,,,,,,,,,
2010-04-01,,,,1.5612,,,,,,,,,,
2010-04-02,,,,1.569,,,,,,,,,,
2010-04-06,,,,1.5738,,,,,,,,,,
2010-04-07,,,,1.5642,,,,,,,,,,
2010-04-08,,,,1.5439,,,,,,,,,,
2010-04-09,,,,1.5546,,,,,,,,,,
2010-04-12,,,,1.5355,,,,,,,,,,
2010-04-13,,,,1.5612,,,,,,,,,,
2010-04-14,,,,1.5612,,,,,,,,,,
2010-04-15,,,,1.5612,,,,,,,,,,
2010-04-16,,,,1.5403,,,,,,,,,,
2010-04-19,,,,1.4662,,,,,,,,,,
2010-04-20,,,,1.462,,,,,,,,,,
2010-04-21,,,,1.4859,,,,,,,,,,
2010-04-22,,,,1.453,,,,,,,,,,
2010-04-23,,,,1.4459,,,,,,,,,,
2010-04-26,,,,1.4327,,,,,,,,,,
2010-04-27,,,,1.404,,,,,,,,,,
2010-04-28,,,,1.4058,,,,,,,,,,
2010-04-29,,,,1.3974,,,,,,,,,,
2010-04-30,,,,1.4088,,,,,,,,,,
2010-05-04,,,,1.3885,,,,,,,,,,
2010-05-05,,,,1.3968,,,,,,,,,,
2010-05-06,,,,1.3341,,,,,,,,,,
2010-05-07,,,,1.3156,,,,,,,,,,
2010-05-10,,,,1.3227,,,,,,,,,,
2010-05-11,,,,1.306,,,,,,,,,,
2010-05-12,,,,1.3239,,,,,,,,,,
2010-05-13,,,,1.3502,,,,,,,,,,
2010-05-14,,,,1.3371,,,,,,,,,,
2010-05-17,,,,1.2803,,,,,,,,,,
2010-05-18,,,,1.306,,,,,,,,,,
2010-05-19,,,,1.2905,,,,,,,,,,
2010-05-20,,,,1.2839,,,,,,,,,,
2010-05-21,,,,1.2976,,,,,,,,,,
2010-05-24,,,,1.3419,,,,,,,,,,
2010-05-25,,,,1.3114,,,,,,,,,,
2010-05-26,,,,1.3054,,,,,,,,,,
2010-05-27,,,,1.3281,,,,,,,,,,
2010-05-28,,,,1.3251,,,,,,,,,,
2010-05-31,,,,1.2922,,,,,,,,,,
2010-06-01,,,,1.2791,,,,,,,,,,
2010-06-02,,,,1.2779,,,,,,,,,,
2010-06-03,,,,1.2773,,,,,,,,,,
2010-06-04,,,,1.2767,,,,,,,,,,
2010-06-07,,,,1.2438,,,,,,,,,,
2010-06-08,,,,1.2468,,,,,,,,,,
2010-06-09,,,,1.2821,,,,,,,,,,
2010-06-10,,,,1.2701,,,,,,,,,,
2010-06-11,,,,1.2785,,,,,,,,,,
2010-06-17,,,,1.2683,,,,,,,,,,
2010-06-18,,,,1.2552,,,,,,,,,,
2010-06-21,,,,1.2833,,,,,,,,,,
2010-06-22,,,,1.2809,,,,,,,,,,
2010-06-23,,,,1.2689,,,,,,,,,,
2010-06-24,,,,1.2737,,,,,,,,,,
2010-06-25,,,,1.2654,,,,,,,,,,
2010-06-28,,,,1.2612,,,,,,,,,,
2010-06-29,,,,1.208,,,,,,,,,,
2010-06-30,,,,1.1924,,,,,,,,,,
2010-07-01,,,,1.1775,,,,,,,,,,
2010-07-02,,,,1.1829,,,,,,,,,,
2010-07-05,,,,1.1721,,,,,,,,,,
2010-07-06,,,,1.199,,,,,,,,,,
2010-07-07,,,,1.199,,,,,,,,,,
2010-07-08,,,,1.199,,,,,,,,,,
2010-07-09,,,,1.2313,,,,,,,,,,
2010-07-12,,,,1.2468,,,,,,,,,,
2010-07-13,,,,1.2277,,,,,,,,,,
2010-07-14,,,,1.2367,,,,,,,,,,
2010-07-15,,,,1.2026,,,,,,,,,,
2010-07-16,,,,1.2098,,,,,,,,,,
2010-07-19,,,,1.2367,,,,,,,,,,
2010-07-20,,,,1.2594,,,,,,,,,,
2010-07-21,,,,1.2606,,,,,,,,,,
2010-07-22,,,,1.2719,,,,,,,,,,
2010-07-23,,,,1.2785,,,,,,,,,,
2010-07-26,,,,1.2797,,,,,,,,,,
2010-07-27,,,,1.2749,,,,,,,,,,
2010-07-28,,,,1.3054,,,,,,,,,,
2010-07-29,,,,1.315,,,,,,,,,,
2010-07-30,,,,1.3072,,,,,,,,,,
2010-08-02,,,,1.3299,,,,,,,,,,
2010-08-03,,,,1.309,,,,,,,,,,
2010-08-04,,,,1.3156,,,,,,,,,,
2010-08-05,,,,1.2934,,,,,,,,,,
2010-08-06,,,,1.315,,,,,,,,,,
2010-08-09,,,,1.3162,,,,,,,,,,
2010-08-10,,,,1.2815,,,,,,,,,,
2010-08-11,,,,1.2845,,,,,,,,,,
2010-08-12,,,,1.2689,,,,,,,,,,
2010-08-13,,,,1.2845,,,,,,,,,,
2010-08-16,,,,1.3132,,,,,,,,,,
2010-08-17,,,,1.315,,,,,,,,,,
2010-08-18,,,,1.3096,,,,,,,,,,
2010-08-19,,,,1.3162,,,,,,,,,,
2010-08-20,,,,1.3006,,,,,,,,,,
2010-08-23,,,,1.2881,,,,,,,,,,
2010-08-24,,,,1.2928,,,,,,,,,,
2010-08-25,,,,1.2624,,,,,,,,,,
2010-08-26,,,,1.2642,,,,,,,,,,
2010-08-27,,,,1.2695,,,,,,,,,,
2010-08-30,,,,1.2881,,,,,,,,,,
2010-08-31,,,,1.2773,,,,,,,,,,
2010-09-01,,,,1.2755,,,,,,,,,,
2010-09-02,,,,1.2887,,,,,,,,,,
2010-09-03,,,,1.2815,,,,,,,,,,
2010-09-06,,,,1.3114,,,,,,,,,,
2010-09-07,,,,1.3096,,,,,,,,,,
2010-09-08,,,,1.3048,,,,,,,,,,
2010-09-09,,,,1.2875,,,,,,,,,,
2010-09-10,,,,1.2833,,,,,,,,,,
2010-09-13,,,,1.2934,,,,,,,,,,
2010-09-14,,,,1.2899,,,,,,,,,,
2010-09-15,,,,1.2749,,,,,,,,,,
2010-09-16,,,,1.2444,,,,,,,,,,
2010-09-17,,,,1.242,,,,,,,,,,
2010-09-20,,,,1.2438,,,,,,,,,,
2010-09-21,,,,1.2444,,,,,,,,,,
2010-09-27,,,,1.2552,,,,,,,,,,
2010-09-28,,,,1.2426,,,,,,,,,,
2010-09-29,,,,1.2456,,,,,,,,,,
2010-09-30,,,,1.2677,,,,,,,,,,
2010-10-08,,,,1.3066,,,,,,,,,,
2010-10-11,,,,1.3448,,,,,,,,,,
2010-10-12,,,,1.3586,,,,,,,,,,
2010-10-13,,,,1.3688,,,,,,,,,,
2010-10-14,,,,1.3879,,,,,,,,,,
2010-10-15,,,,1.4435,,,,,,,,,,
2010-10-18,,,,1.4405,,,,,,,,,,
2010-10-19,,,,1.4614,,,,,,,,,,
2010-10-20,,,,1.4644,,,,,,,,,,
2010-10-21,,,,1.4477,,,,,,,,,,
2010-10-22,,,,1.4321,,,,,,,,,,
2010-10-25,,,,1.465,,,,,,,,,,
2010-10-26,,,,1.453,,,,,,,,,,
2010-10-27,,,,1.4447,,,,,,,,,,
2010-10-28,,,,1.4447,,,,,,,,,,
2010-10-29,,,,1.4231,,,,,,,,,,
2010-11-01,,,,1.4638,,,,,,,,,,
2010-11-02,,,,1.456,,,,,,,,,,
2010-11-03,,,,1.4459,,,,,,,,,,
2010-11-04,,,,1.4662,,,,,,,,,,
2010-11-05,,,,1.4811,,,,,,,,,,
2010-11-08,,,,1.4991,,,,,,,,,,
2010-11-09,,,,1.4847,,,,,,,,,,
2010-11-10,,,,1.4686,,,,,,,,,,
2010-11-11,,,,1.4769,,,,,,,,,,
2010-11-12,,,,1.4064,,,,,,,,,,
2010-11-15,,,,1.4142,,,,,,,,,,
2010-11-16,,,,1.3562,,,,,,,,,,
2010-11-17,,,,1.3341,,,,,,,,,,
2010-11-18,,,,1.3472,,,,,,,,,,
2010-11-19,,,,1.3592,,,,,,,,,,
2010-11-22,,,,1.3431,,,,,,,,,,
2010-11-23,,,,1.3251,,,,,,,,,,
2010-11-24,,,,1.3299,,,,,,,,,,
2010-11-25,,,,1.3448,,,,,,,,,,
2010-11-26,,,,1.3389,,,,,,,,,,
2010-11-29,,,,1.3269,,,,,,,,,,
2010-11-30,,,,1.3114,,,,,,,,,,
2010-12-01,,,,1.315,,,,,,,,,,
2010-12-02,,,,1.3227,,,,,,,,,,
2010-12-03,,,,1.3203,,,,,,,,,,
2010-12-06,,,,1.3245,,,,,,,,,,
2010-12-07,,,,1.3323,,,,,,,,,,
2010-12-08,,,,1.3179,,,,,,,,,,
2010-12-09,,,,1.3036,,,,,,,,,,
2010-12-10,,,,1.3102,,,,,,,,,,
2010-12-13,,,,1.3496,,,,,,,,,,
2010-12-14,,,,1.3496,,,,,,,,,,
2010-12-15,,,,1.346,,,,,,,,,,
2010-12-16,,,,1.3448,,,,,,,,,,
2010-12-17,,,,1.3419,,,,,,,,,,
2010-12-20,,,,1.3174,,,,,,,,,,
2010-12-21,,,,1.3466,,,,,,,,,,
2010-12-22,,,,1.3353,,,,,,,,,,
2010-12-23,,,,1.3371,,,,,,,,,,
2010-12-24,,,,1.3233,,,,,,,,,,
2010-12-27,,,,1.3036,,,,,,,,,,
2010-12-28,,,,1.2875,,,,,,,,,,
2010-12-29,,,,1.2857,,,,,,,,,,
2010-12-30,,,,1.2875,,,,,,,,,,
2010-12-31,,,,1.3018,,,,,,,,,,
2011-01-04,,,,1.3269,,,,,,,,,,
2011-01-05,,,,1.3269,,,,,,,,,,
2011-01-06,,,,1.3185,,,,,,,,,,
2011-01-07,,,,1.3281,,,,,,,,,,
2011-01-10,,,,1.3102,,,,,,,,,,
2011-01-11,,,,1.3209,,,,,,,,,,
2011-01-12,,,,1.3269,,,,,,,,,,
2011-01-13,,,,1.3275,,,,,,,,,,
2011-01-14,,,,1.3168,,,,,,,,,,
2011-01-17,,,,1.2791,,,,,,,,,,
2011-01-18,,,,1.2737,,,,,,,,,,
2011-01-19,,,,1.2964,,,,,,,,,,
2011-01-20,,,,1.2612,,,,,,,,,,
2011-01-21,,,,1.2767,,,,,,,,,,
2011-01-24,,,,1.2713,,,,,,,,,,
2011-01-25,,,,1.2671,,,,,,,,,,
2011-01-26,,,,1.2719,,,,,,,,,,
2011-01-27,,,,1.2928,,,,,,,,,,
2011-01-28,,,,1.2964,,,,,,,,,,
2011-01-31,,,,1.3066,,,,,,,,,,
2011-02-01,,,,1.3096,,,,,,,,,,
2011-02-09,,,,1.297,,,,,,,,,,
2011-02-10,,,,1.3138,,,,,,,,,,
2011-02-11,,,,1.315,,,,,,,,,,
2011-02-14,,,,1.3646,,,,,,,,,,
2011-02-15,,,,1.3616,,,,,,,,,,
2011-02-16,,,,1.3699,,,,,,,,,,
2011-02-17,,,,1.3676,,,,,,,,,,
2011-02-18,,,,1.3568,,,,,,,,,,
2011-02-21,,,,1.3777,,,,,,,,,,
2011-02-22,,,,1.3407,,,,,,,,,,
2011-02-23,,,,1.3407,,,,,,,,,,
2011-02-24,,,,1.349,,,,,,,,,,
2011-02-25,,,,1.3532,,,,,,,,,,
2011-02-28,,,,1.3658,,,,,,,,,,
2011-03-01,,,,1.3717,,,,,,,,,,
2011-03-02,,,,1.3634,,,,,,,,,,
2011-03-03,,,,1.3688,,,,,,,,,,
2011-03-04,,,,1.3885,,,,,,,,,,
2011-03-07,,,,1.4243,,,,,,,,,,
2011-03-08,,,,1.4225,,,,,,,,,,
2011-03-09,,,,1.416,,,,,,,,,,
2011-03-10,,,,1.3927,,,,,,,,,,
2011-03-11,,,,1.3795,,,,,,,,,,
2011-03-14,,,,1.3807,,,,,,,,,,
2011-03-15,,,,1.3568,,,,,,,,,,
2011-03-16,,,,1.3759,,,,,,,,,,
2011-03-17,,,,1.3628,,,,,,,,,,
2011-03-18,,,,1.3664,,,,,,,,,,
2011-03-21,,,,1.3586,,,,,,,,,,
2011-03-22,,,,1.3688,,,,,,,,,,
2011-03-23,,,,1.3837,,,,,,,,,,
2011-03-24,,,,1.3837,,,,,,,,,,
2011-03-25,,,,1.4028,,,,,,,,,,
2011-03-28,,,,1.398,,,,,,,,,,
2011-03-29,,,,1.3962,,,,,,,,,,
2011-03-30,,,,1.3927,,,,,,,,,,
2011-03-31,,,,1.3813,,,,,,,,,,
2011-04-01,,,,1.4016,,,,,,,,,,
2011-04-06,,,,1.4279,,,,,,,,,,
2011-04-07,,,,1.4267,,,,,,,,,,
2011-04-08,,,,1.4345,,,,,,,,,,
2011-04-11,,,,1.4339,,,,,,,,,,
2011-04-12,,,,1.4351,,,,,,,,,,
2011-04-13,,,,1.4441,,,,,,,,,,
2011-04-14,,,,1.4435,,,,,,,,,,
2011-04-15,,,,1.4482,,,,,,,,,,
2011-04-18,,,,1.4524,,,,,,,,,,
2011-04-19,,,,1.4225,,,,,,,,,,
2011-04-20,,,,1.4196,,,,,,,,,,
2011-04-21,,,,1.4333,,,,,,,,,,
2011-04-22,,,,1.4231,,,,,,,,,,
2011-04-25,,,,1.3998,,,,,,,,,,
2011-04-26,,,,1.3903,,,,,,,,,,
2011-04-27,,,,1.3879,,,,,,,,,,
2011-04-28,,,,1.3771,,,,,,,,,,
2011-04-29,,,,1.3879,,,,,,,,,,
2011-05-03,,,,1.3921,,,,,,,,,,
2011-05-04,,,,1.3592,,,,,,,,,,
2011-05-05,,,,1.3586,,,,,,,,,,
2011-05-06,,,,1.3568,,,,,,,,,,
2011-05-09,,,,1.3598,,,,,,,,,,
2011-05-10,,,,1.3676,,,,,,,,,,
2011-05-11,,,,1.3628,,,,,,,,,,
2011-05-12,,,,1.3496,,,,,,,,,,
2011-05-13,,,,1.3598,,,,,,,,,,
2011-05-16,,,,1.3442,,,,,,,,,,
2011-05-17,,,,1.3514,,,,,,,,,,
2011-05-18,,,,1.3574,,,,,,,,,,
2011-05-19,,,,1.3496,,,,,,,,,,
2011-05-20,,,,1.346,,,,,,,,,,
2011-05-23,,,,1.309,,,,,,,,,,
2011-05-24,,,,1.303,,,,,,,,,,
2011-05-25,,,,1.2911,,,,,,,,,,
2011-05-26,,,,1.2952,,,,,,,,,,
2011-05-27,,,,1.2899,,,,,,,,,,
2011-05-30,,,,1.2916,,,,,,,,,,
2011-05-31,,,,1.3072,,,,,,,,,,
2011-06-01,,,,1.3036,,,,,,,,,,
2011-06-02,,,,1.2845,,,,,,,,,,
2011-06-03,,,,1.294,,,,,,,,,,
2011-06-07,,,,1.2964,,,,,,,,,,
2011-06-08,,,,1.2952,,,,,,,,,,
2011-06-09,,,,1.2803,,,,,,,,,,
2011-06-10,,,,1.2845,,,,,,,,,,
2011-06-13,,,,1.2809,,,,,,,,,,
2011-06-14,,,,1.2887,,,,,,,,,,
2011-06-15,,,,1.2845,,,,,,,,,,
2011-06-16,,,,1.2701,,,,,,,,,,
2011-06-17,,,,1.2612,,,,,,,,,,
2011-06-20,,,,1.257,,,,,,,,,,
2011-06-21,,,,1.2648,,,,,,,,,,
2011-06-22,,,,1.2654,,,,,,,,,,
2011-06-23,,,,1.2833,,,,,,,,,,
2011-06-24,,,,1.3174,,,,,,,,,,
2011-06-27,,,,1.3132,,,,,,,,,,
2011-06-28,,,,1.3138,,,,,,,,,,
2011-06-29,,,,1.3018,,,,,,,,,,
2011-06-30,,,,1.312,,,,,,,,,,
2011-07-01,,,,1.3126,,,,,,,,,,
2011-07-04,,,,1.3383,,,,,,,,,,
2011-07-05,,,,1.3371,,,,,,,,,,
2011-07-06,,,,1.3317,,,,,,,,,,
2011-07-07,,,,1.3317,,,,,,,,,,
2011-07-08,,,,1.3305,,,,,,,,,,
2011-07-11,,,,1.3281,,,,,,,,,,
2011-07-12,,,,1.3042,,,,,,,,,,
2011-07-13,,,,1.3191,,,,,,,,,,
2011-07-14,,,,1.3239,,,,,,,,,,
2011-07-15,,,,1.3269,,,,,,,,,,
2011-07-18,,,,1.3251,,,,,,,,,,
2011-07-19,,,,1.315,,,,,,,,,,
2011-07-20,,,,1.3108,,,,,,,,,,
2011-07-21,,,,1.303,,,,,,,,,,
2011-07-22,,,,1.3012,,,,,,,,,,
2011-07-25,,,,1.2671,,,,,,,,,,
2011-07-26,,,,1.2648,,,,,,,,,,
2011-07-27,,,,1.2701,,,,,,,,,,
2011-07-28,,,,1.2624,,,,,,,,,,
2011-07-29,,,,1.2659,,,,,,,,,,
2011-08-01,,,,1.2701,,,,,,,,,,
2011-08-02,,,,1.2612,,,,,,,,,,
2011-08-03,,,,1.257,,,,,,,,,,
2011-08-04,,,,1.2594,,,,,,,,,,
2011-08-05,,,,1.2319,,,,,,,,,,
2011-08-08,,,,1.1882,,,,,,,,,,
2011-08-09,,,,1.1888,,,,,,,,,,
2011-08-10,,,,1.1996,,,,,,,,,,
2011-08-11,,,,1.2145,,,,,,,,,,
2011-08-12,,,,1.2181,,,,,,,,,,
2011-08-15,,,,1.2349,,,,,,,,,,
2011-08-16,,,,1.2295,,,,,,,,,,
2011-08-17,,,,1.2307,,,,,,,,,,
2011-08-18,,,,1.2157,,,,,,,,,,
2011-08-19,,,,1.2002,,,,,,,,,,
2011-08-22,,,,1.1924,,,,,,,,,,
2011-08-23,,,,1.2098,,,,,,,,,,
2011-08-24,,,,1.2056,,,,,,,,,,
2011-08-25,,,,1.2462,,,,,,,,,,
2011-08-26,,,,1.2426,,,,,,,,,,
2011-08-29,,,,1.2247,,,,,,,,,,
2011-08-30,,,,1.2235,,,,,,,,,,
2011-08-31,,,,1.2235,,,,,,,,,,
2011-09-01,,,,1.2199,,,,,,,,,,
2011-09-02,,,,1.2068,,,,,,,,,,
2011-09-05,,,,1.1835,,,,,,,,,,
2011-09-06,,,,1.1751,,,,,,,,,,
2011-09-07,,,,1.2014,,,,,,,,,,
2011-09-08,,,,1.1954,,,,,,,,,,
2011-09-09,,,,1.1972,,,,,,,,,,
2011-09-13,,,,1.1918,,,,,,,,,,
2011-09-14,,,,1.1954,,,,,,,,,,
2011-09-15,,,,1.1948,,,,,,,,,,
2011-09-16,,,,1.1948,,,,,,,,,,
2011-09-19,,,,1.1763,,,,,,,,,,
2011-09-20,,,,1.1829,,,,,,,,,,
2011-09-21,,,,1.2122,,,,,,,,,,
2011-09-22,,,,1.1781,,,,,,,,,,
2011-09-23,,,,1.1745,,,,,,,,,,
2011-09-26,,,,1.1572,,,,,,,,,,
2011-09-27,,,,1.1661,,,,,,,,,,
2011-09-28,,,,1.1631,,,,,,,,,,
2011-09-29,,,,1.1572,,,,,,,,,,
2011-09-30,,,,1.1578,,,,,,,,,,
2011-10-10,,,,1.1518,,,,,,,,,,
2011-10-11,,,,1.1446,,,,,,,,,,
2011-10-12,,,,1.1763,,,,,,,,,,
2011-10-13,,,,1.1793,,,,,,,,,,
2011-10-14,,,,1.1793,,,,,,,,,,
2011-10-17,,,,1.1799,,,,,,,,,,
2011-10-18,,,,1.1548,,,,,,,,,,
2011-10-19,,,,1.1578,,,,,,,,,,
2011-10-20,,,,1.1309,,,,,,,,,,
2011-10-21,,,,1.1368,,,,,,,,,,
2011-10-24,,,,1.1356,,,,,,,,,,
2011-10-25,,,,1.156,,,,,,,,,,
2011-10-26,,,,1.1602,,,,,,,,,,
2011-10-27,,,,1.1643,,,,,,,,,,
2011-10-28,,,,1.1811,,,,,,,,,,
2011-10-31,,,,1.1739,,,,,,,,,,
2011-11-01,,,,1.1745,,,,,,,,,,
2011-11-02,,,,1.19,,,,,,,,,,
2011-11-03,,,,1.193,,,,,,,,,,
2011-11-04,,,,1.1972,,,,,,,,,,
2011-11-07,,,,1.1906,,,,,,,,,,
2011-11-08,,,,1.1942,,,,,,,,,,
2011-11-09,,,,1.2008,,,,,,,,,,
2011-11-10,,,,1.1823,,,,,,,,,,
2011-11-11,,,,1.1793,,,,,,,,,,
2011-11-14,,,,1.202,,,,,,,,,,
2011-11-15,,,,1.1972,,,,,,,,,,
2011-11-16,,,,1.1673,,,,,,,,,,
2011-11-17,,,,1.1691,,,,,,,,,,
2011-11-18,,,,1.1476,,,,,,,,,,
2011-11-21,,,,1.1476,,,,,,,,,,
2011-11-22,,,,1.1458,,,,,,,,,,
2011-11-23,,,,1.1368,,,,,,,,,,
2011-11-24,,,,1.1333,,,,,,,,,,
2011-11-25,,,,1.1303,,,,,,,,,,
2011-11-28,,,,1.1327,,,,,,,,,,
2011-11-29,,,,1.1476,,,,,,,,,,
2011-11-30,,,,1.1117,,,,,,,,,,
2011-12-01,,,,1.1333,,,,,,,,,,
2011-12-02,,,,1.1213,,,,,,,,,,
2011-12-05,,,,1.1105,,,,,,,,,,
2011-12-06,,,,1.1147,,,,,,,,,,
2011-12-07,,,,1.1147,,,,,,,,,,
2011-12-08,,,,1.1147,,,,,,,,,,
2011-12-09,,,,1.1105,,,,,,,,,,
2011-12-12,,,,1.1016,,,,,,,,,,
2011-12-13,,,,1.0872,,,,,,,,,,
2011-12-14,,,,1.0807,,,,,,,,,,
2011-12-15,,,,1.0615,,,,,,,,,,
2011-12-16,,,,1.0771,,,,,,,,,,
2011-12-19,,,,1.0699,,,,,,,,,,
2011-12-20,,,,1.0669,,,,,,,,,,
2011-12-21,,,,1.0532,,,,,,,,,,
2011-12-22,,,,1.055,,,,,,,,,,
2011-12-23,,,,1.0633,,,,,,,,,,
2011-12-26,,,,1.0567,,,,,,,,,,
2011-12-27,,,,1.0532,,,,,,,,,,
2011-12-28,,,,1.052,,,,,,,,,,
2011-12-29,,,,1.0538,,,,,,,,,,
2011-12-30,,,,1.0615,,,,,,,,,,
2012-01-04,,,,1.0508,,,,,,,,,,
2012-01-05,,,,1.0472,,,,,,,,,,
2012-01-06,,,,1.055,,,,,,,,,,
2012-01-09,,,,1.0848,,,,,,,,,,
2012-01-10,,,,1.1117,,,,,,,,,,
2012-01-11,,,,1.104,,,,,,,,,,
2012-01-12,,,,1.1076,,,,,,,,,,
2012-01-13,,,,1.095,,,,,,,,,,
2012-01-16,,,,1.0848,,,,,,,,,,
2012-01-17,,,,1.1273,,,,,,,,,,
2012-01-18,,,,1.1123,,,,,,,,,,
2012-01-19,,,,1.1315,,,,,,,,,,
2012-01-20,,,,1.144,,,,,,,,,,
2012-01-30,,,,1.1243,,,,,,,,,,
2012-01-31,,,,1.1261,,,,,,,,,,
2012-02-01,,,,1.1117,,,,,,,,,,
2012-02-02,,,,1.1327,,,,,,,,,,
2012-02-03,,,,1.1404,,,,,,,,,,
2012-02-06,,,,1.1392,,,,,,,,,,
2012-02-07,,,,1.1207,,,,,,,,,,
2012-02-08,,,,1.1458,,,,,,,,,,
2012-02-09,,,,1.1458,,,,,,,,,,
2012-02-10,,,,1.1416,,,,,,,,,,
2012-02-13,,,,1.1374,,,,,,,,,,
2012-02-14,,,,1.1356,,,,,,,,,,
2012-02-15,,,,1.1416,,,,,,,,,,
2012-02-16,,,,1.1416,,,,,,,,,,
2012-02-17,,,,1.1422,,,,,,,,,,
2012-02-20,,,,1.141,,,,,,,,,,
2012-02-21,,,,1.1488,,,,,,,,,,
2012-02-22,,,,1.1602,,,,,,,,,,
2012-02-23,,,,1.1608,,,,,,,,,,
2012-02-24,,,,1.1781,,,,,,,,,,
2012-02-27,,,,1.1853,,,,,,,,,,
2012-02-28,,,,1.1894,,,,,,,,,,
2012-02-29,,,,1.1721,,,,,,,,,,
2012-03-01,,,,1.1769,,,,,,,,,,
2012-03-02,,,,1.1894,,,,,,,,,,
2012-03-05,,,,1.1835,,,,,,,,,,
2012-03-06,,,,1.1661,,,,,,,,,,
2012-03-07,,,,1.1566,,,,,,,,,,
2012-03-08,,,,1.1667,,,,,,,,,,
2012-03-09,,,,1.1745,,,,,,,,,,
2012-03-12,,,,1.1685,,,,,,,,,,
2012-03-13,,,,1.1787,,,,,,,,,,
2012-03-14,,,,1.1536,,,,,,,,,,
2012-03-15,,,,1.1434,,,,,,,,,,
2012-03-16,,,,1.1536,,,,,,,,,,
2012-03-19,,,,1.1554,,,,,,,,,,
2012-03-20,,,,1.1464,,,,,,,,,,
2012-03-21,,,,1.1434,,,,,,,,,,
2012-03-22,,,,1.1458,,,,,,,,,,
2012-03-23,,,,1.1345,,,,,,,,,,
2012-03-26,,,,1.1368,,,,,,,,,,
2012-03-27,,,,1.1356,,,,,,,,,,
2012-03-28,,,,1.1135,,,,,,,,,,
2012-03-29,,,,1.0998,,,,,,,,,,
2012-03-30,,,,1.1046,,,,,,,,,,
2012-04-05,,,,1.1273,,,,,,,,,,
2012-04-06,,,,1.1237,,,,,,,,,,
2012-04-09,,,,1.1165,,,,,,,,,,
2012-04-10,,,,1.1237,,,,,,,,,,
2012-04-11,,,,1.1225,,,,,,,,,,
2012-04-12,,,,1.1458,,,,,,,,,,
2012-04-13,,,,1.153,,,,,,,,,,
2012-04-16,,,,1.1494,,,,,,,,,,
2012-04-17,,,,1.1368,,,,,,,,,,
2012-04-18,,,,1.1584,,,,,,,,,,
2012-04-19,,,,1.1596,,,,,,,,,,
2012-04-20,,,,1.1727,,,,,,,,,,
2012-04-23,,,,1.1655,,,,,,,,,,
2012-04-24,,,,1.1685,,,,,,,,,,
2012-04-25,,,,1.1727,,,,,,,,,,
2012-04-26,,,,1.1703,,,,,,,,,,
2012-04-27,,,,1.1703,,,,,,,,,,
2012-05-02,,,,1.1865,,,,,,,,,,
2012-05-03,,,,1.1876,,,,,,,,,,
2012-05-04,2.1722,,,1.1936,,,,,,,,,,
2012-05-07,,,,1.1924,,,,,,,,,,
2012-05-08,,,,1.1859,,,,,,,,,,
2012-05-09,,,,1.1685,,,,,,,,,,
2012-05-10,,,,1.1673,,,,,,,,,,
2012-05-11,2.1101,,,1.1596,,,,,,,,,,
2012-05-14,,,,1.1542,,,,,,,,,,
2012-05-15,,,,1.153,,,,,,,,,,
2012-05-16,,,,1.1356,,,,,,,,,,
2012-05-17,,,,1.1512,,,,,,,,,,
2012-05-18,2.0597,,,1.141,,,,,,,,,,
2012-05-21,,,,1.1434,,,,,,,,,,
2012-05-22,,,,1.1542,,,,,,,,,,
2012-05-23,,,,1.1476,,,,,,,,,,
2012-05-24,,,,1.1512,,,,,,,,,,
2012-05-25,2.0597,,,1.135,,,,,,,,,,
2012-05-28,2.0925,,,1.1482,,,,,,,,,,
2012-05-29,2.1221,,,1.1649,,,,,,,,,,
2012-05-30,2.1149,,,1.1566,,,,,,,,,,
2012-05-31,2.1085,,,1.1536,,,,,,,,,,
2012-06-01,2.1093,,,1.1536,,,,,,,,,,
2012-06-04,2.0509,,,1.1273,,,,,,,,,,
2012-06-05,2.0509,,,1.1243,,,,,,,,,,
2012-06-06,2.0501,,,1.1201,,,,,,,,,,
2012-06-07,2.0405,,,1.1177,,,,,,,,,,
2012-06-08,2.0269,,,1.1117,,,,,,,,,,
2012-06-11,2.0549,,,1.1255,,,,,,,,,,
2012-06-12,2.0413,,,1.1111,,,,,,,,,,
2012-06-13,2.0741,,,1.1255,,,,,,,,,,
2012-06-14,2.0597,,,1.1165,,,,,,,,,,
2012-06-15,2.0669,,,1.1243,,,,,,,,,,
2012-06-18,2.0773,,,1.1291,,,,,,,,,,
2012-06-19,2.0597,,,1.1231,,,,,,,,,,
2012-06-20,2.0565,,,1.1231,,,,,,,,,,
2012-06-21,2.0253,,,1.1022,,,,,,,,,,
2012-06-25,1.9829,,,1.0902,,,,,,,,,,
2012-06-26,1.9853,,,1.0866,,,,,,,,,,
2012-06-27,1.9789,,,1.0825,,,,,,,,,,
2012-06-28,1.962,,,1.0765,,,,,,,,,,
2012-06-29,1.9901,,,1.0866,,,,,,,,,,
2012-07-02,1.9941,,,1.0819,,,,,,,,,,
2012-07-03,1.9965,,,1.0872,,,,,,,,,,
2012-07-04,1.9941,,,1.086,,,,,,,,,,
2012-07-05,1.9685,,,1.0783,,,,,,,,,,
2012-07-06,2.0029,,,1.0842,,,,,,,,,,
2012-07-09,1.958,,,1.0633,,,,,,,,,,
2012-07-10,1.9508,,,1.0615,,,,,,,,,,
2012-07-11,1.9661,,,1.0663,,,,,,,,,,
2012-07-12,1.9853,,,1.0747,,,,,,,,,,
2012-07-13,1.9869,,,1.0729,,,,,,,,,,
2012-07-16,1.9468,,,1.0603,,,,,,,,,,
2012-07-17,1.958,,,1.0681,,,,,,,,,,
2012-07-18,1.958,,,1.0729,,,,,,,,,,
2012-07-19,1.9669,,,1.0771,,,,,,,,,,
2012-07-20,1.9468,,,1.0681,,,,,,,,,,
2012-07-23,1.9228,,,1.0526,,,,,,,,,,
2012-07-24,1.9268,,,1.0538,,,,,,,,,,
2012-07-25,1.9148,,,1.0514,,,,,,,,,,
2012-07-26,1.906,,,1.0442,,,,,,,,,,
2012-07-27,1.9084,,,1.049,,,,,,,,,,
2012-07-30,1.902,,,1.0472,,,,,,,,,,
2012-07-31,1.8972,,,1.0496,,,,,,,,,,
2012-08-01,1.9116,,,1.0544,,,,,,,,,,
2012-08-02,1.8972,,,1.0502,,,,,,,,,,
2012-08-03,1.9084,,,1.0567,,,,,,,,,,
2012-08-06,1.9332,,,1.0663,,,,,,,,,,
2012-08-07,1.9356,,,1.0651,,,,,,,,,,
2012-08-08,1.9372,,,1.0669,,,,,,,,,,
2012-08-09,1.9564,,,1.0717,,,,,,,,,,
2012-08-10,1.9508,,,1.0693,,,,,,,,,,
2012-08-13,1.914,,,1.049,,,,,,,,,,
2012-08-14,1.9108,,,1.0472,,,,,,,,,,
2012-08-15,1.8932,,,1.037,,,,,,,,,,
2012-08-16,1.8876,,,1.0364,,,,,,,,,,
2012-08-17,1.8796,,,1.034,,,,,,,,,,
2012-08-20,1.8692,,,1.0293,,,,,,,,,,
2012-08-21,1.8764,,,1.0346,,,,,,,,,,
2012-08-22,1.8628,,,1.0275,,,,,,,,,,
2012-08-23,1.8716,,,1.0305,,,,,,,,,,
2012-08-24,1.8532,,,1.0221,,,,,,,,,,
2012-08-27,1.8148,,,1.0047,,,,,,,,,,
2012-08-28,1.8148,,,1.0119,,,,,,,,,,
2012-08-29,1.8028,,,1.0065,,,,,,,,,,
2012-08-30,1.7948,,,1.0119,,,,,,,,,,
2012-08-31,1.7948,,,1.0107,,,,,,,,,,
2012-09-03,1.806,,,1.0155,,,,,,,,,,
2012-09-04,1.7868,,,1.0053,,,,,,,,,,
2012-09-05,1.786,,,1.0,,,,,,,,,,
2012-09-06,1.8036,,,1.0018,,,,,,,,,,
2012-09-07,1.886,,,1.0418,,,,,,,,,,
2012-09-10,1.8924,,,1.0436,,,,,,,,,,
2012-09-11,1.878,,,1.0334,,,,,,,,,,
2012-09-12,1.8876,,,1.0352,,,,,,,,,,
2012-09-13,1.8692,,,1.0316,,,,,,,,,,
2012-09-14,1.882,,,1.0388,,,,,,,,,,
2012-09-17,1.838,,,1.0203,,,,,,,,,,
2012-09-18,1.8156,,,1.0059,,,,,,,,,,
2012-09-19,1.8228,,,1.0083,,,,,,,,,,
2012-09-20,1.7836,,,0.9952,,,,,,,,,,
2012-09-21,1.7828,,,0.9982,,,,,,,,,,
2012-09-24,1.7988,,,0.9952,,,,,,,,,,
2012-09-25,1.7964,,,0.9964,,,,,,,,,,
2012-09-26,1.7772,,,0.991,,,,,,,,,,
2012-09-27,1.8284,,,1.0131,,,,,,,,,,
2012-09-28,1.8708,,,1.0322,,,,,,,,,,
2012-10-08,1.8428,,,1.0263,,,,,,,,,,
2012-10-09,1.8852,,,1.0412,,,,,,,,,,
2012-10-10,1.8852,,,1.0406,,,,,,,,,,
2012-10-11,1.8724,,,1.0346,,,,,,,,,,
2012-10-12,1.8708,,,1.0388,,,,,,,,,,
2012-10-15,1.8644,,,1.0322,,,,,,,,,,
2012-10-16,1.8652,,,1.0358,,,,,,,,,,
2012-10-17,1.8724,,,1.0364,,,,,,,,,,
2012-10-18,1.8956,,,1.0466,,,,,,,,,,
2012-10-19,1.8956,,,1.046,,,,,,,,,,
2012-10-22,1.9028,,,1.052,,,,,,,,,,
2012-10-23,1.8812,,,1.04,,,,,,,,,,
2012-10-24,1.878,,,1.037,,,,,,,,,,
2012-10-25,1.8628,,,1.0328,,,,,,,,,,
2012-10-26,1.8212,,,1.0161,,,,,,,,,,
2012-10-29,1.8124,,,1.0119,,,,,,,,,,
2012-10-30,1.8164,,,1.0137,,,,,,,,,,
2012-10-31,1.8292,,,1.0149,,,,,,,,,,
2012-11-01,1.8676,,,1.0334,,,,,,,,,,
2012-11-02,1.8716,,,1.0412,,,,,,,,,,
2012-11-05,1.8668,,,1.0418,,,,,,,,,,
2012-11-06,1.8596,,,1.0364,,,,,,,,,,
2012-11-07,1.858,,,1.0364,,,,,,,,,,
2012-11-08,1.8244,,,1.0245,,,,,,,,,,
2012-11-09,1.8196,,,1.0173,,,,,,,,,,
2012-11-12,1.826,,,1.0251,,,,,,,,,,
2012-11-13,1.798,,,1.0095,,,,,,,,,,
2012-11-14,1.8028,,,1.0143,,,,,,,,,,
2012-11-15,1.7812,,,1.0065,,,,,,,,,,
2012-11-16,1.7644,,,0.9934,,,,,,,,,,
2012-11-19,1.7644,,,1.0024,,,,,,,,,,
2012-11-20,1.7596,,,0.9928,,,,,,,,,,
2012-11-21,1.7812,,,1.0047,,,,,,,,,,
2012-11-22,1.7708,,,0.9994,,,,,,,,,,
2012-11-23,1.7804,,,1.0065,,,,,,,,,,
2012-11-26,1.7692,,,1.0042,,,,,,,,,,
2012-11-27,1.75,,,0.997,,,,,,,,,,
2012-11-28,1.7308,,,0.9904,,,,,,,,,,
2012-11-29,1.7244,,,0.9868,,,,,,,,,,
2012-11-30,1.7324,,,0.9892,,,,,,,,,,
2012-12-03,1.7164,,,0.9814,,,,,,,,,,
2012-12-04,1.73,,,0.988,,,,,,,,,,
2012-12-05,1.7908,,,1.0221,,,,,,,,,,
2012-12-06,1.7884,,,1.0209,,,,,,,,,,
2012-12-07,1.8244,,,1.0418,,,,,,,,,,
2012-12-10,1.8412,,,1.049,,,,,,,,,,
2012-12-11,1.8356,,,1.0454,,,,,,,,,,
2012-12-12,1.8396,,,1.0466,,,,,,,,,,
2012-12-13,1.8252,,,1.037,,,,,,,,,,
2012-12-14,1.9172,,,1.089,,,,,,,,,,
2012-12-17,1.9228,,,1.0974,,,,,,,,,,
2012-12-18,1.8932,,,1.0759,,,,,,,,,,
2012-12-19,1.898,,,1.0735,,,,,,,,,,
2012-12-20,1.9108,,,1.0807,,,,,,,,,,
2012-12-21,1.9028,,,1.0711,,,,,,,,,,
2012-12-24,1.9044,,,1.0735,,,,,,,,,,
2012-12-25,1.9572,,,1.1046,,,,,,,,,,
2012-12-26,1.9629,,,1.104,,,,,,,,,,
2012-12-27,1.9588,,,1.1004,,,,,,,,,,
2012-12-28,1.9877,,,1.1201,,,,,,,,,,
2012-12-31,2.0197,,,1.1356,,,,,,,,,,
2013-01-04,2.0245,,,1.141,,,,,,,,,,
2013-01-07,2.0277,,,1.1518,,,,,,,,,,
2013-01-08,2.0189,,,1.1422,,,,,,,,,,
2013-01-09,2.0173,,,1.1356,,,,,,,,,,
2013-01-10,2.0221,,,1.1398,,,,,,,,,,
2013-01-11,1.9917,,,1.1165,,,,,,,,,,
2013-01-14,2.0621,,,1.1649,,,,,,,,,,
2013-01-15,2.0741,,,1.1661,,,,,,,,,,
2013-01-16,2.0589,,,1.15,,,,,,,,,,
2013-01-17,2.0461,,,1.1428,,,,,,,,,,
2013-01-18,2.0765,,,1.1619,,,,,,,,,,
2013-01-21,2.0837,,,1.1733,,,,,,,,,,
2013-01-22,2.0805,,,1.1751,,,,,,,,,,
2013-01-23,2.0845,,,1.1829,,,,,,,,,,
2013-01-24,2.0709,,,1.1805,,,,,,,,,,
2013-01-25,2.0613,,,1.1751,,,,,,,,,,
2013-01-28,2.1173,,,1.2181,,,,,,,,,,
2013-01-29,2.1333,,,1.2367,,,,,,,,,,
2013-01-30,2.1453,,,1.2426,,,,,,,,,,
2013-01-31,2.1509,,,1.248,,,,,,,,,,
2013-02-01,2.1925,,,1.2863,,,,,,,,,,
2013-02-04,2.1965,,,1.2922,,,,,,,,,,
2013-02-05,2.2125,,,1.2911,,,,,,,,,,
2013-02-06,2.2189,3.3744,,1.2928,,,,,,,,,,
2013-02-07,2.2085,,,1.2689,,,,,,,,,,
2013-02-08,2.2157,3.3751,,1.2659,,,,,,,,,,
2013-02-18,2.1829,,,1.2552,,,,,,,,,,
2013-02-19,2.1477,,,1.2373,,,,,,,,,,
2013-02-20,2.1573,,,1.2319,,,,,,,,,,
2013-02-21,2.0805,,,1.1841,,,,,,,,,,
2013-02-22,2.0741,3.3522,,1.1685,,,,,,,,,,
2013-02-25,2.0773,,,1.1811,,,,,,,,,,
2013-02-26,2.0469,,,1.1679,,,,,,,,,,
2013-02-27,2.0661,,,1.1823,,,,,,,,,,
2013-02-28,2.1357,,,1.2217,,,,,,,,,,
2013-03-01,2.1333,3.4131,,1.2175,,,,,,,,,,
2013-03-04,2.0325,,,1.1566,,,,,,,,,,
2013-03-05,2.0909,,,1.2068,,,,,,,,,,96.3829
2013-03-06,2.1133,,,1.2241,,,,,,,,,,
2013-03-07,2.0877,,,1.2074,,,,,,,,,,
2013-03-08,2.0845,3.3609,,1.2044,,,,,,,,,,96.3945
2013-03-11,2.0701,,,1.1918,,,,,,,,,,
2013-03-12,2.0405,,,1.1709,,,,,,,,,,
2013-03-13,2.0181,,,1.1625,,,,,,,,,,
2013-03-14,2.0221,3.2606,,1.1631,,,,,,,,,,
2013-03-15,2.0237,3.2663,,1.1751,,,,,,,,,,96.1766
2013-03-18,2.0021,3.2245,,1.1566,,,,,,,,,,
2013-03-19,2.0197,3.2346,,1.1661,,,,,,,,,,
2013-03-20,2.0813,3.3175,,1.2122,,,,,,,,,,
2013-03-21,2.0869,2.9255,,1.2098,,,,,,,,,,
2013-03-22,2.0925,2.9372,,1.2139,,,,,,,,,,96.2412
2013-03-25,2.0893,2.9284,,1.211,,,,,,,,,,95.8123
2013-03-26,2.0549,2.899,,1.1865,,,,,,,,,,96.0446
2013-03-27,2.0597,2.9078,,1.1906,,,,,,,,,,96.0215
2013-03-28,1.9957,2.8284,,1.1368,,,,,,,,,,96.1236
2013-03-29,1.9901,2.8314,,1.1368,,,,,,,,,,96.2219
2013-04-01,1.9869,2.8461,,1.1368,,,,,,,,,,96.3299
2013-04-02,1.9901,2.8137,,1.1362,,,,,,,,,,96.5005
2013-04-03,1.9861,2.7961,,1.1404,,,,,,,,,,96.7347
2013-04-08,1.9765,2.802,,1.1321,,,,,,,,,,96.6634
2013-04-09,1.9885,2.8284,,1.1392,,,,,,,,,,96.6402
2013-04-10,1.9885,2.8196,,1.1315,,,,,,,,,,96.6682
2013-04-11,1.9797,2.8137,,1.1309,,,,,,,,,,96.674
2013-04-12,1.9733,2.7902,,1.1267,,,,,,,,,,96.7222
2013-04-15,1.9532,2.7402,,1.1159,,,,,,,,,,96.7925
2013-04-16,1.9653,2.7726,,1.1177,,,,,,,,,,96.8802
2013-04-17,1.9701,2.7961,,1.1088,,,,,,,,,,96.9621
2013-04-18,1.9741,2.8049,,1.1129,,,,,,,,,,96.7289
2013-04-19,2.0301,2.8637,,1.1524,,,,,,,,,,96.4889
2013-04-22,2.0237,2.8814,,1.156,,,,,,,,,,96.247
2013-04-23,1.962,2.799,,1.1225,,,,,,,,,,96.5226
2013-04-24,1.9957,2.8549,,1.1416,,,,,,,,,,96.5313
2013-04-25,1.9749,2.8196,,1.1291,,,,,,,,,,96.6614
2013-04-26,1.9564,2.7726,,1.1261,,,,,,,,,,96.727
2013-05-02,1.958,2.7814,,1.1273,,,,,,,,,,96.8619
2013-05-03,1.9933,2.8402,,1.1476,,,,,,,,,,96.8677
2013-05-06,2.0165,2.8902,,1.1572,,,,,,,,,,96.8465
2013-05-07,2.0213,2.8961,,1.1548,,,,,,,,,,96.8937
2013-05-08,2.0341,2.9255,,1.1578,,,,,,,,,,96.8841
2013-05-09,2.0237,2.9255,,1.1524,,,,,,,,,,96.8831
2013-05-10,2.0317,2.9431,,1.1596,,,,,,,,,,96.9149
2013-05-13,2.0237,2.9519,,1.1548,,,,,,,,,,96.885
2013-05-14,1.9941,2.9196,,1.1446,,,,,,,,,,96.8773
2013-05-15,2.0037,2.9637,,1.1524,,,,,,,,,,96.8397
2013-05-16,2.0445,2.996,,1.1679,,,,,,,,,,96.7212
2013-05-17,2.0797,3.0372,,1.1829,,,,,,,,,,96.8224
2013-05-20,2.0917,3.0754,,1.1936,,,,,,,,,,96.7954
2013-05-21,2.0917,3.1107,,1.1871,,,,,,,,,,96.7202
2013-05-22,2.0941,3.0872,,1.1912,,,,,,,,,,96.7405
2013-05-23,2.0717,3.0637,,1.1721,,,,,,,,,,96.7337
2013-05-24,2.0829,3.1078,,1.1727,,,,,,,,,,96.7491
2013-05-27,2.0781,3.1372,,1.1727,,,,,,,,,,96.8494
2013-05-28,2.1213,3.1489,,1.1918,,,,,,,,,,96.8552
2013-05-29,2.1141,3.1666,,1.1906,,,,,,,,,,96.8503
2013-05-30,2.1085,3.1754,,1.1859,,,,,,,,,,96.8754
2013-05-31,2.0845,3.1636,,1.1781,,,,,,,,,,96.8677
2013-06-03,2.0885,3.143,,1.1775,,,,,,,,,,96.8542
2013-06-04,2.0581,3.0784,,1.1703,,,,,,,,,,96.8503
2013-06-05,2.0525,3.0901,,1.1596,,,,,,,,,,96.8261
2013-06-06,2.0325,3.0343,,1.1476,,,,,,,,,,96.829
2013-06-07,1.9957,2.9784,,1.135,,,,,,,,,,96.8513
2013-06-13,1.934,2.8931,,1.0962,,,,,,,,,,96.8561
2013-06-14,1.9476,2.9578,,1.0998,,,,,,,,,,96.8165
2013-06-17,1.9356,2.9578,,1.092,,,,,,,,,,96.7884
2013-06-18,1.9484,2.9666,,1.0986,,,,,,,,,,96.7372
2013-06-19,1.9372,2.9549,,1.086,,,,,,,,,,96.4308
2013-06-20,1.8764,2.8608,,1.055,,,,,,,,,,95.5503
2013-06-21,1.8676,2.8402,,1.0526,,,,,,,,,,95.7156
2013-06-24,1.7532,2.6697,,0.9934,,,,,,,,,,95.7427
2013-06-25,1.754,2.6579,,0.9802,,,,,,,,,,96.2887
2013-06-26,1.75,2.7108,,0.9677,,,,,,,,,,96.6841
2013-06-27,1.7508,2.6638,,0.9785,,,,,,,,,,96.7807
2013-06-28,1.7828,2.6697,,1.0131,,,,,,,,,,96.8145
2013-07-01,1.79,2.7197,,1.0125,,,,,,,,,,96.8078
2013-07-02,1.7956,2.7696,,1.0101,,,,,,,,,,96.8145
2013-07-03,1.7916,2.7696,,1.0006,,,,,,,,,,96.7594
2013-07-04,1.8044,2.7932,,1.0089,,,,,,,,,,96.7565
2013-07-05,1.8108,2.7814,,1.0077,,,,,,,,,,96.8145
2013-07-08,1.762,2.6785,,0.9928,,,,,,,,,,96.8503
2013-07-09,1.758,2.6873,,0.9982,,,,,,,,,,96.7246
2013-07-10,1.8068,2.7726,,1.0185,,,,,,,,,,96.6647
2013-07-11,1.8972,2.8549,,1.0789,,,,,,,,,,96.1099
2013-07-12,1.85,2.8314,,1.0508,,,,,,,,,,95.9611
2013-07-15,1.8764,2.8814,,1.0573,,,,,,,,,,96.0597
2013-07-16,1.8876,2.9167,,1.0585,,,,,,,,,,96.0046
2013-07-17,1.8596,2.8784,,1.046,,,,,,,,,,95.8374
2013-07-18,1.8308,2.8725,,1.0221,,,,,,,,,2.6482,95.8258
2013-07-19,1.7804,2.8079,,1.0042,,,,,,,,,2.6509,95.8538
2013-07-22,1.7916,2.8608,,1.0053,,,,,,,,,,95.7881
2013-07-23,1.8476,2.9284,,1.0263,,,,,,,,,,95.7958
2013-07-24,1.834,2.9431,,1.0137,,,,,,,,,2.687,95.6885
2013-07-25,1.8292,2.8931,,1.0083,,,,,,,,,,95.6373
2013-07-26,1.8124,2.8873,,1.0083,,,,,,,,,2.665,95.704
2013-07-29,1.7772,2.8284,,0.9826,,,,,,,,,2.626,95.763
2013-07-30,1.7876,2.8137,,0.994,,,,,,,,,2.646,95.8741
2013-07-31,1.7916,2.8314,,0.997,,,,,,,,,2.657,96.0548
2013-08-01,1.8388,2.9108,,1.0143,,,,,,,,,2.643,96.1505
2013-08-02,1.8356,2.9167,,1.0113,,,,,,,,,2.578,95.9563
2013-08-05,1.862,2.9666,,1.0197,,,,,,,,,2.63,95.9563
2013-08-06,1.874,2.996,,1.0251,,,,,,,,,2.591,95.9659
2013-08-07,1.8612,2.9578,,1.0185,,,,,,,,,2.574,95.6334
2013-08-08,1.862,2.9637,,1.0149,,,,,,,,,2.586,95.4827
2013-08-09,1.87,2.9784,,1.0137,,,,,,,,,2.616,95.4546
2013-08-12,1.926,3.0313,,1.052,,,,,,,,,2.659,95.3377
2013-08-13,1.926,3.0431,,1.0603,,,,,,,,,2.675,95.1734
2013-08-14,1.922,3.0284,,1.0579,,,,,,,,,2.64,94.9134
2013-08-15,1.8996,2.9902,,1.0544,,,,,,,,,2.68,94.9433
2013-08-16,1.886,2.9255,,1.0526,,,,,,,,,2.712,95.1415
2013-08-19,1.902,2.9755,,1.0621,,,,,,,,,2.737,94.723
2013-08-20,1.8884,2.9578,,1.0603,,,,,,,,,2.705,94.7645
2013-08-21,1.8884,2.9784,,1.0532,,,,,,,,,2.724,94.7974
2013-08-22,1.882,2.9931,,1.0526,,,,,,,,,2.714,94.721
2013-08-23,1.87,2.9843,,1.0418,,0.9991,,,,,,,2.733,94.9685
2013-08-26,1.9116,3.049,,1.0609,,,,,,,,,2.772,95.012
2013-08-27,1.9116,3.0725,,1.0615,,,,,,,,,2.779,95.0149
2013-08-28,1.9028,3.0548,,1.0562,,,,,,,,,2.827,94.6862
2013-08-29,1.8972,3.0548,,1.055,,,,,,,,,2.796,94.7336
2013-08-30,1.894,3.0225,,1.0544,,1.0004,,,,,,,2.787,94.8515
2013-09-02,1.8956,3.0284,,1.0567,,1.0008,,,,,,,2.767,94.839
2013-09-03,1.9244,3.0872,,1.0735,,1.0009,,,,,,,2.762,94.7897
2013-09-04,1.9236,3.0842,,1.0729,,,,,,,,,2.787,94.7327
2013-09-05,1.9156,3.1019,,1.0717,,,,,,,,,2.751,94.6776
2013-09-06,1.9268,3.1254,,1.0795,,1.0009,,,,,,,2.725,94.6273
2013-09-09,1.9981,3.1489,,1.1428,,,,,,,,,2.756,94.549
2013-09-10,2.0245,3.1754,,1.15,,,,,,,,,2.742,94.4649
2013-09-11,2.0333,3.1636,,1.1542,,,,,,,,,2.722,94.1411
2013-09-12,2.0533,3.146,,1.1721,,,,,,,,,2.682,94.0918
2013-09-13,2.0381,3.1548,,1.153,,1.0105,,,,,,,2.622,94.1498
2013-09-16,2.0277,3.1519,,1.1464,,1.0051,,,,,,,2.631,94.4369
2013-09-17,1.9877,3.143,,1.1291,,0.9856,,,,,,,2.609,94.4862
2013-09-18,1.9901,3.1519,,1.1291,,0.2457,,,,,,,2.589,94.6292
2013-09-23,2.0181,3.2136,,1.1339,1.0,0.249,,,,,,,2.629,94.6689
2013-09-24,1.9989,3.2136,,1.1082,,0.2512,,,,,,,2.622,94.5142
2013-09-25,1.9869,3.2195,,1.1058,,0.2508,,,,,,,2.629,94.6099
2013-09-26,1.954,3.1813,,1.0872,,0.2517,,,,,,,2.632,94.8438
2013-09-27,1.9612,3.1636,,1.0848,1.0022,0.2505,,,,,,,2.622,94.8071
2013-09-30,1.9741,3.2312,,1.0938,1.0026,0.254,,,,,,,2.649,94.8525
2013-10-08,2.0021,3.243,,1.101,,0.257,,,,,,,2.63,94.8989
2013-10-09,2.0045,3.2812,,1.1058,,0.2587,,,,,,,2.615,94.9694
2013-10-10,1.9869,3.2665,,1.0884,,0.259,,,,,,,2.595,94.9134
2013-10-11,2.0189,3.3165,,1.1058,1.0042,0.2623,,,,,,,2.569,94.8999
2013-10-14,2.0197,3.3489,,1.1028,,0.267,,,,,,,2.543,94.7239
2013-10-15,2.0173,3.3577,,1.0938,,0.2705,,,,,,,2.533,94.7104
2013-10-16,1.9821,3.2636,,1.0795,,0.2652,,,,,,,2.549,94.7858
2013-10-17,1.9717,3.2401,,1.0789,,0.2645,,,,,,,2.531,94.5964
2013-10-18,1.9813,3.2724,,1.0813,1.0052,0.2657,,,,,,,2.605,94.607
2013-10-21,2.0237,3.3518,,1.0932,,0.2752,,,,,,,2.608,94.578
2013-10-22,2.0013,3.3195,,1.0825,1.0066,0.2722,,,,,,,2.595,94.5345
2013-10-23,1.9797,3.2371,,1.0842,1.0029,0.264,,,,,,,2.624,94.5741
2013-10-24,1.9637,3.2254,,1.0705,1.001,0.2603,,,,,,,2.624,94.4166
2013-10-25,1.9324,3.1401,,1.0639,0.977,0.2537,,,,,,,2.619,94.3248
2013-10-28,1.9348,3.1342,,1.0639,0.2397,0.2522,,,,,,,2.626,94.3103
2013-10-29,1.9372,3.049,,1.0771,0.2375,0.249,,,,,,,2.639,94.2252
2013-10-30,1.9645,3.0989,,1.0926,0.2405,0.252,,,,,,,2.631,94.1759
2013-10-31,1.9452,3.0637,,1.0813,0.2358,0.2463,,,,,,,2.613,94.4649
2013-11-01,1.9532,3.0519,,1.0902,0.2385,0.2457,,,,,,,2.602,94.5422
2013-11-04,1.9476,3.0666,,1.089,0.2338,0.2453,,,,,,,2.584,94.4311
2013-11-05,1.9476,3.1078,,1.0825,0.2348,0.2467,,,,,,,2.582,94.3083
2013-11-06,1.9252,3.0842,,1.0705,0.2313,0.2453,,,,,,,2.578,94.0406
2013-11-07,1.9172,3.0372,,1.0705,0.2265,0.2418,,,,,,,2.589,93.5777
2013-11-08,1.8884,2.9931,,1.0621,0.223,0.2387,,,,,,,2.573,93.2075
2013-11-11,1.8908,3.0049,,1.0579,0.2295,0.2435,,,,,,,2.529,92.7861
2013-11-12,1.91,3.0284,,1.0687,0.2325,0.2453,,,,,,,2.517,92.9919
2013-11-13,1.874,2.9784,,1.043,0.2292,0.2407,,,,,,,2.501,92.5841
2013-11-14,1.8796,3.0137,,1.0382,0.2323,0.2442,,,,,,,2.516,92.9369
2013-11-15,1.9188,3.0784,,1.0567,0.234,0.249,,,,,,,2.526,92.5773
2013-11-18,1.9821,3.1489,,1.1004,0.2352,0.2545,,,,,,,2.527,92.413
2013-11-19,1.9733,3.1636,,1.0938,0.2338,0.2512,,,,,,,2.501,92.6894
2013-11-20,1.9821,3.196,,1.092,0.235,0.2522,,,,,,,2.508,92.7667
2013-11-21,1.9725,3.1842,,1.089,0.2345,0.2498,,,,,,,2.463,92.9504
2013-11-22,1.9612,3.1666,,1.0848,0.233,0.2492,,,,,,,2.458,93.2916
2013-11-25,1.9508,3.1548,,1.0801,0.2335,0.2488,,,,,,,2.437,93.2133
2013-11-26,1.95,3.1666,,1.0759,0.2333,0.2485,,,,,,,2.465,93.1727
2013-11-27,1.9725,3.1989,,1.083,0.235,0.2495,,,,,,,2.453,93.3766
2013-11-28,1.9933,3.2312,,1.0908,0.237,0.253,,,,,,,2.44,93.3795
2013-11-29,1.9949,3.2459,,1.0902,0.2377,0.253,,,,,,,2.443,93.3824
2013-12-02,1.9765,3.1078,,1.104,0.2317,0.2438,,,,,,,2.45,92.7184
2013-12-03,1.9941,3.1754,,1.1088,0.2373,0.2495,,,,,,,2.411,93.0625
2013-12-04,2.0197,3.2342,,1.1135,0.2403,0.2522,,,,,,,2.408,93.1514
2013-12-05,2.0197,3.2342,,1.1111,0.2412,0.253,,,,,,,2.429,93.2413
2013-12-06,2.0061,3.2283,,1.1028,0.2407,0.2525,,,,,,,2.418,93.1959
2013-12-09,2.0053,3.2489,,1.1028,0.2397,0.2542,,,,,,,2.425,92.9871
2013-12-10,2.0045,3.2489,,1.1046,0.2375,0.254,,,,,,,2.445,92.758
2013-12-11,1.9733,3.2166,,1.0866,0.236,0.2522,,,,,,,2.462,92.7522
2013-12-12,1.9693,3.2224,,1.0819,0.2387,0.251,,,,,,,2.45,92.9939
2013-12-13,1.9685,3.2283,,1.0753,0.2377,0.2508,,,,,,,2.41,93.0248
2013-12-16,1.9364,3.1724,,1.0639,0.2352,0.2463,,,,,,,2.411,92.932
2013-12-17,1.9244,3.1519,,1.0603,0.2358,0.245,,,,,,,2.438,92.8895
2013-12-18,1.926,3.146,,1.0573,0.237,0.2445,,,,,,,2.419,92.8093
2013-12-19,1.9076,3.1225,,1.0466,0.2342,0.2425,,,,,,,2.4,92.6662
2013-12-20,1.8668,3.0813,,1.0305,0.2315,0.2425,,,,,,,2.342,92.6894
2013-12-23,1.8668,3.0754,,1.0299,0.2383,0.2418,,,,,,,2.366,92.8025
2013-12-24,1.8692,3.0931,,1.0269,0.2377,0.242,,,,,,,2.366,92.7793
2013-12-25,1.8788,3.1313,,1.0328,0.237,0.244,,,,,,,2.376,92.8721
2013-12-26,1.8532,3.0754,,1.0149,0.2368,0.241,,,,,,,2.377,92.9282
2013-12-27,1.878,3.1254,,1.031,0.2375,0.243,,,,,,,2.401,92.8276
2013-12-30,1.8796,3.1342,,1.031,0.2368,0.244,,,,,,,2.377,92.8373
2013-12-31,1.9012,3.1489,,1.0406,0.239,0.2475,,,,,,,2.376,93.0548
2014-01-02,1.8948,3.1666,,1.034,0.2442,0.2455,,,,,,,2.403,92.8885
2014-01-03,1.874,3.146,,1.0203,0.2422,0.2438,,,,,,,2.424,92.6421
2014-01-06,1.8292,3.0578,,0.9994,0.2368,0.237,,,,,,,2.435,92.4604
2014-01-07,1.83,3.0695,,0.9988,0.2383,0.2375,,,,,,,2.442,92.6247
2014-01-08,1.8284,3.0725,,0.9994,0.2403,0.238,,,,,,,2.411,92.8789
2014-01-09,1.8172,3.0431,,0.9922,0.239,0.2358,,,,,,,2.412,92.787
2014-01-10,1.8044,2.9843,,0.9898,0.2338,0.235,,,,,,,2.428,92.8508
2014-01-13,1.7916,2.9696,,0.988,0.232,0.2345,,,,,,,2.448,92.96
2014-01-14,1.8036,3.0225,,0.9934,0.2333,0.2373,,,,,,,2.455,92.8818
2014-01-15,1.8036,3.0401,,0.994,0.2362,0.2368,,,,,,,2.434,92.9543
2014-01-16,1.8044,3.0578,,0.9946,0.235,0.2383,,,,,,,2.437,92.9523
2014-01-17,1.7788,3.0166,,0.9856,0.2307,0.233,,,,,,,2.435,92.8151
2014-01-20,1.77,2.996,,0.9796,0.2268,0.2317,,,,,,,2.459,92.7658
2014-01-21,1.7847,3.0313,,0.9803,0.2285,0.232,,,,,,,2.451,93.1031
2014-01-22,1.8338,3.1225,,1.0007,0.2325,0.2383,,,,,,,2.432,93.3853
2014-01-23,1.824,3.146,,0.9982,0.2325,0.2377,,,,,,,2.426,93.4568
2014-01-24,1.8338,3.196,,1.0044,0.2333,0.2393,,,,,,,2.46,93.3911
2014-01-27,1.8101,3.193,,0.9976,0.229,0.2375,,,,,,,2.476,93.7961
2014-01-28,1.8117,3.1871,,0.9976,0.23,0.2345,,,,,,,2.463,93.7536
2014-01-29,1.8174,3.2107,,1.0057,0.2307,0.2317,,,,,,,2.455,93.7188
2014-01-30,1.7921,3.193,,0.9989,0.2295,0.2275,,,,,,,2.461,93.7526
2014-02-07,1.8035,3.2548,,1.0001,0.2282,0.231,,,,,,,2.48,93.8115
2014-02-10,1.8559,3.3489,,1.0218,0.2358,0.2365,,,,,,,2.501,93.8202
2014-02-11,1.8649,3.3577,,1.0323,0.2373,0.238,,,,,,,2.515,93.8705
2014-02-12,1.8682,3.393,,1.0342,0.238,0.2385,,,,,,,2.521,93.8715
2014-02-13,1.8633,3.343,,1.0342,0.2338,0.2375,,,,,,,2.517,93.9169
2014-02-14,1.8698,3.3988,,1.0429,0.2368,0.2415,,,,,,,2.552,94.0522
2014-02-17,1.8829,3.4635,,1.0447,0.2385,0.2445,,,,,,,2.596,94.0184
2014-02-18,1.8608,3.4547,,1.0348,0.238,0.243,,,,,,,2.57,94.0619
2014-02-19,1.8853,3.4576,,1.0441,0.2407,0.2438,,,,,,,2.575,94.3006
2014-02-20,1.869,3.4077,,1.0516,0.2385,0.243,,,,,,,2.566,94.2359
2014-02-21,1.8477,3.3871,,1.0398,0.2375,0.2403,,,,,,,2.582,94.1015
2014-02-24,1.806,3.3724,,1.0218,0.2377,0.2377,,,,,,,2.599,94.26
2014-02-25,1.7594,3.2548,,1.002,0.2315,0.2295,,,,,,,2.612,94.4611
2014-02-26,1.7618,3.2724,,1.0013,0.2327,0.2292,,,,,,,2.651,94.4611
2014-02-27,1.7577,3.2283,,1.0082,0.2257,0.2275,,,,,,,2.602,94.6891
2014-02-28,1.7757,3.2636,,1.0144,0.2268,0.2315,,,,,,,2.621,94.6544
2014-03-03,1.7823,3.3312,,1.0175,0.228,0.2358,,,,,,,2.651,94.5848
2014-03-04,1.7782,3.3283,,1.0113,0.2268,0.2342,,,,,,,2.643,94.2359
2014-03-05,1.7626,3.3106,,1.0069,0.224,0.235,,,,,,,2.624,94.1866
2014-03-06,1.7716,3.3077,,1.0069,0.2222,0.2348,,,,,,,2.623,94.2581
2014-03-07,1.7659,3.2959,,1.0038,0.225,0.2362,,,,,,,2.649,94.2069
2014-03-10,1.7111,3.1724,,0.9734,0.2202,0.231,,,,,,,2.61,94.203
2014-03-11,1.7185,3.1754,,0.9728,0.2222,0.2345,,,,,,,2.641,94.2697
2014-03-12,1.7201,3.1754,,0.9734,0.223,0.233,,,,,,,2.668,94.2765
2014-03-13,1.7471,3.2107,,0.9877,0.2253,0.2405,,,,,,,2.694,94.5355
2014-03-14,1.7324,3.1901,,0.9858,0.2243,0.2383,,,,,,,2.692,94.5751
2014-03-17,1.7455,3.2606,,0.9951,0.226,0.239,,,,,,,2.722,94.6727
2014-03-18,1.7438,3.2783,,0.9951,0.227,0.2412,,,,,,,2.686,94.491
2014-03-19,1.7332,3.2665,,0.9902,0.224,0.2368,,,,,,,2.68,94.4176
2014-03-20,1.7029,3.1842,,0.9803,0.218,0.2327,,,,,,,2.647,94.3692
2014-03-21,1.7659,3.243,,1.0026,0.2212,0.2375,,,,,,,2.647,94.5732
2014-03-24,1.7741,3.2724,,1.0106,0.22,0.2368,,,,,,,2.64,94.5809
2014-03-25,1.7716,3.2724,,1.0137,0.2188,0.235,,,,,,,2.608,94.5297
2014-03-26,1.7716,3.2842,,1.0106,0.2227,0.2345,,,,,,,2.614,94.5248
2014-03-27,1.7594,3.2401,,1.0057,0.2195,0.231,,,,,,,2.58,94.5007
2014-03-28,1.7586,3.1695,,1.0013,0.2155,0.2282,,,,,,,2.588,94.3441
2014-03-31,1.7512,3.1519,,0.9964,0.214,0.2282,,,,,,,2.573,94.2929
2014-04-01,1.761,3.2018,,1.0038,0.2157,0.2327,,,,,,,2.555,94.2436
2014-04-02,1.7749,3.2048,,1.01,0.214,0.2335,,,,,,,2.561,94.1605
2014-04-03,1.7626,3.1989,,1.0013,0.214,0.2325,,,,,,,2.573,94.1576
2014-04-04,1.7839,3.2312,,1.0051,0.2155,0.2342,,,,,,,2.564,94.0638
2014-04-08,1.8264,3.2695,,1.0261,0.2195,0.2387,,,,,,,2.606,94.1363
2014-04-09,1.8232,3.2989,,1.028,0.221,0.2397,,,,,,,2.61,94.2252
2014-04-10,1.8526,3.3136,,1.0429,0.221,0.242,,,,,,,2.618,94.3296
2014-04-11,1.8518,3.2989,,1.0454,0.2237,0.244,,,,,,,2.62,94.578
2014-04-14,1.851,3.3253,,1.0416,0.224,0.2445,,,,,,,2.649,94.6717
2014-04-15,1.8183,3.3018,,1.0286,0.2208,0.2422,,,,,,,2.61,94.9859
2014-04-16,1.8183,3.2989,,1.028,0.2208,0.242,,,,,,,2.59,94.6862
2014-04-17,1.815,3.2959,,1.0249,0.22,0.2418,,,,,,,2.586,95.2304
2014-04-18,1.8117,3.3106,,1.0249,0.2198,0.243,,,,,,,2.579,95.2526
2014-04-21,1.779,3.2548,,1.0125,0.2173,0.2383,,,,,,,2.565,95.3783
2014-04-22,1.7913,3.2371,,1.015,0.2157,0.2385,,,,,,,2.577,94.9955
2014-04-23,1.7864,3.2224,,1.0131,0.2148,0.2405,,,,,,,2.575,95.0584
2014-04-24,1.7896,3.1901,,1.0125,0.2132,0.2387,,,,,,,2.573,94.7375
2014-04-25,1.7676,3.1195,,1.0063,0.2107,0.2323,,,,,,,2.59,95.0178
2014-04-28,1.743,3.0254,,0.9927,0.2055,0.2272,,,,,,,2.631,94.8815
2014-04-29,1.7586,3.0666,,1.0001,0.2065,0.23,,,,,,,2.603,94.9946
2014-04-30,1.7577,3.0901,,1.0044,0.21,0.2317,,,,,,,2.612,95.3203
2014-05-05,1.7586,3.1166,,1.0044,0.2115,0.233,,,,,,,2.624,95.4498
2014-05-06,1.7561,3.1283,,1.0069,0.2118,0.233,,,,,,,2.626,95.5339
2014-05-07,1.7447,3.0784,,1.0007,0.2097,0.2305,,,,,,,2.625,95.3957
2014-05-08,1.7414,3.0813,,1.0007,0.2095,0.23,,,,,,,2.587,95.5465
2014-05-09,1.7406,3.0519,,0.9964,0.2095,0.2298,,,,,,,2.588,95.8905
2014-05-12,1.7757,3.1313,,1.0156,0.2125,0.2325,,,,,,,2.593,95.8016
2014-05-13,1.7708,3.1254,,1.0137,0.2115,0.2333,,,,,,,2.595,95.7697
2014-05-14,1.7708,3.1166,,1.0131,0.212,0.2313,,,,,,,2.598,95.647
2014-05-15,1.7512,3.0666,,1.0038,0.209,0.2285,,,,,,,2.61,95.7291
2014-05-16,1.7504,3.0607,,1.0032,0.2075,0.228,,,,,,,2.594,95.7359
2014-05-19,1.7267,3.0372,,0.997,0.2048,0.225,,,,,,,2.596,95.674
2014-05-20,1.725,3.0519,,0.9951,0.2045,0.224,,,,,,,2.593,95.6885
2014-05-21,1.7414,3.0784,,1.0044,0.2058,0.2268,,,,,,,2.594,95.6373
2014-05-22,1.7365,3.0784,,1.0007,0.205,0.2257,,,,,,,2.597,95.7572
2014-05-23,1.7561,3.1166,,1.0069,0.207,0.227,,,,,,,2.597,95.8248
2014-05-26,1.7618,3.1489,,1.0125,0.2097,0.2285,,,,,,,2.594,95.9447
2014-05-27,1.7561,3.1372,,1.0131,0.2095,0.2278,,,,,,,2.589,96.2143
2014-05-28,1.7741,3.1754,,1.0181,0.2105,0.2288,,,,,,,2.553,96.2172
2014-05-29,1.7635,3.1401,,1.0106,0.2097,0.2275,,,,,,,2.526,96.3806
2014-05-30,1.7618,3.1489,,1.01,0.2097,0.2278,,,,,,,2.535,96.4849
2014-06-03,1.7561,3.1401,,1.0069,0.2097,0.2247,,,,,,,2.517,96.6425
2014-06-04,1.7406,3.1166,,0.9995,0.2068,0.223,,,,,,,2.514,97.0397
2014-06-05,1.761,3.1519,,1.0069,0.2087,0.2255,,,,,,,2.51,96.4502
2014-06-06,1.7463,3.143,,1.0007,0.2087,0.224,,,,,,,2.53,96.5188
2014-06-09,1.7447,3.1195,,1.0013,0.2085,0.2235,,,,,,,2.522,96.5526
2014-06-10,1.7684,3.1607,,1.01,0.2103,0.2253,,,,,,,2.521,96.5342
2014-06-11,1.7651,3.1754,,1.0131,0.2125,0.2262,,,,,,,2.53,96.6135
2014-06-12,1.7635,3.1695,,1.0088,0.2118,0.2262,,,,,,,2.53,96.4386
2014-06-13,1.7831,3.2048,,1.0206,0.212,0.227,,,,,,,2.544,96.397
2014-06-16,1.7945,3.2195,,1.0286,0.2113,0.2282,,,,,,,2.555,96.7826
2014-06-17,1.7798,3.193,,1.0218,0.2113,0.2255,,,,,,,2.536,96.5777
2014-06-18,1.7716,3.1783,,1.0162,0.2105,0.2247,,,,,,,2.534,96.5903
2014-06-19,1.7463,3.0901,,1.0026,0.2065,0.221,,,,,,,2.556,96.5555
2014-06-20,1.7528,3.1195,,1.0069,0.2072,0.2215,,,,,,,2.627,96.6415
2014-06-23,1.7504,3.143,,1.0094,0.2062,0.2225,,,,,,,2.637,96.6512
2014-06-24,1.7651,3.1636,,1.01,0.209,0.225,,,,,,,2.637,96.888
2014-06-25,1.7594,3.146,,1.0069,0.2087,0.225,,,,,,,2.629,96.859
2014-06-26,1.7676,3.1871,,1.0106,0.2103,0.227,,,,,,,2.631,96.6715
2014-06-27,1.7708,3.2048,,1.0119,0.212,0.2268,,,,,,,2.634,96.5951
2014-06-30,1.7823,3.2371,,1.0193,0.213,0.2285,,,,,,,2.629,96.542
2014-07-01,1.7831,3.2606,,1.0199,0.2122,0.228,,,,,,,2.638,96.4453
2014-07-02,1.7913,3.2842,,1.0249,0.212,0.2288,,,,,,,2.644,96.3699
2014-07-03,1.7978,3.3165,,1.0268,0.215,0.2303,,,,,,,2.638,96.3854
2014-07-04,1.7978,3.3077,,1.0274,0.212,0.2305,,,,,,,2.635,96.3835
2014-07-07,1.7962,3.3136,,1.0255,0.211,0.2298,,,,,,,2.617,96.3429
2014-07-08,1.7986,3.3371,,1.0292,0.2113,0.2305,,,,,,,2.629,96.0113
2014-07-09,1.7757,3.2871,,1.0193,0.2077,0.227,,,,,,,2.633,95.7291
2014-07-10,1.7741,3.2842,,1.0187,0.2072,0.2257,,,,,,,2.645,95.3792
2014-07-11,1.779,3.3283,,1.023,0.2075,0.2268,,,,,,,2.669,96.0838
2014-07-14,1.8035,3.3753,,1.0361,0.2087,0.2315,,,,,,,2.63,96.1863
2014-07-15,1.8011,3.3812,,1.0354,0.2118,0.2355,,,,,,,2.61,96.1109
2014-07-16,1.8003,3.3547,,1.0348,0.21,0.2352,,,,,,,2.591,95.8828
2014-07-17,1.7929,3.3312,,1.0323,0.2087,0.2323,,,,,,,2.604,95.5842
2014-07-18,1.8019,3.3371,,1.0342,0.21,0.2362,,,,,,,2.62,95.5532
2014-07-21,1.8011,3.3283,,1.033,0.2115,0.2375,,,,,,,2.62,95.6035
2014-07-22,1.8224,3.3753,,1.0454,0.2132,0.24,,,,,,,2.608,95.6905
2014-07-23,1.8256,3.3518,,1.0478,0.2105,0.2387,,,,,,,2.605,95.6992
2014-07-24,1.8649,3.3489,,1.064,0.2122,0.24,,,,,,,2.59,95.6605
2014-07-25,1.8862,3.3783,,1.0739,0.2138,0.2418,,,,,,,2.579,95.8181
2014-07-28,1.9369,3.4371,,1.0975,0.2167,0.2467,,,,,,,2.598,95.8151
2014-07-29,1.9418,3.4694,,1.1037,0.218,0.2453,,,,,,,2.596,95.792
2014-07-30,1.9352,3.4753,,1.0981,0.2192,0.2455,,,,,,,2.585,95.9621
2014-07-31,1.9614,3.5164,,1.1136,0.2202,0.2495,,,,,,,2.577,95.9814
2014-08-01,1.9377,3.4841,,1.1086,0.2225,0.2515,,,,,,,2.56,96.454
2014-08-04,1.9794,3.5312,,1.1229,0.223,0.255,,,,,,,2.578,96.4618
2014-08-05,1.9737,3.5458,,1.1223,0.223,0.255,,,,,,,2.571,96.54
2014-08-06,1.9614,3.5723,,1.121,0.2215,0.2542,,,,,,,2.571,96.6338
2014-08-07,1.9401,3.54,,1.1092,0.219,0.2495,,,,,,,2.592,96.4647
2014-08-08,1.941,3.5576,,1.1099,0.22,0.2503,,,,,,,2.616,96.5574
2014-08-11,1.9679,3.6135,,1.1291,0.222,0.2545,,,,,,,2.596,96.6009
2014-08-12,1.9598,3.634,,1.1285,0.222,0.2548,,,,,,,2.598,96.5362
2014-08-13,1.9655,3.634,,1.1266,0.2205,0.255,,,,,,,2.598,96.6077
2014-08-14,1.9418,3.6105,,1.1216,0.2188,0.253,,,,,,,2.598,96.6666
2014-08-15,1.9663,3.6546,,1.1285,0.2212,0.2545,,,,,,,2.599,96.7884
2014-08-18,1.9729,3.7076,,1.1322,0.223,0.2555,,,,,,,2.578,96.7237
2014-08-19,1.9745,3.7164,,1.1328,0.2225,0.256,,,,,,,2.572,96.6879
2014-08-20,1.9671,3.7164,,1.1291,0.2215,0.257,,,,,,,2.569,96.6502
2014-08-21,1.9598,3.7105,,1.121,0.2202,0.2555,,,,,,,2.543,96.5942
2014-08-22,1.9696,3.734,,1.1254,0.2222,0.2562,,,,,,,2.544,96.5681
2014-08-25,1.9524,3.7046,,1.1185,0.2208,0.2548,,,,,,,2.537,96.5671
2014-08-26,1.9401,3.6458,,1.108,0.2175,0.2512,,,,,,,2.557,96.6406
2014-08-27,1.9393,3.6488,,1.1086,0.217,0.2515,,,,,,,2.549,96.5642
2014-08-28,1.9303,3.6164,,1.1037,0.2165,0.2512,,,,,,,2.551,96.6251
2014-08-29,1.9491,3.6605,,1.1142,0.2175,0.2535,,,,,,,2.554,96.6454
2014-09-01,1.9581,3.7223,,1.1185,0.22,0.255,,,,,,,2.549,96.7005
2014-09-02,1.9876,3.7811,,1.1334,0.221,0.2585,,,,,,,2.533,96.6676
2014-09-03,2.0064,3.8105,,1.1421,0.222,0.2607,,,,,,,2.524,96.6473
2014-09-04,2.0252,3.8369,,1.1508,0.2227,0.2612,,,,,,,2.521,96.627
2014-09-05,2.0448,3.8546,,1.1663,0.2247,0.2643,,,,,,,2.516,96.6251
2014-09-09,2.0399,3.884,,1.1613,0.2253,0.2635,,,,,,,2.498,96.6531
2014-09-10,2.0268,3.8898,,1.1557,0.2243,0.263,,,,,,,2.49,96.5903
2014-09-11,2.0154,3.884,,1.157,0.2233,0.2612,,,,,,,2.479,96.5787
2014-09-12,2.0317,3.931,,1.1613,0.224,0.262,,,,,,,2.464,96.5574
2014-09-15,2.026,3.9663,,1.1626,0.2243,0.2623,,,,,,,2.458,96.6483
2014-09-16,1.9908,3.8369,,1.1477,0.2208,0.2555,,,,,,,2.458,96.6328
2014-09-17,1.9974,3.8693,,1.1477,0.223,0.2575,,,,,,,2.459,96.6512
2014-09-18,2.0056,3.8957,,1.1508,0.226,0.2587,,,,,,,2.435,97.1257
2014-09-19,2.0219,3.931,,1.165,0.2278,0.2618,,,,,,,2.434,97.2243
2014-09-22,1.9794,3.8751,,1.1433,0.2247,0.256,,,,,,,2.406,97.322
2014-09-23,1.9998,3.9281,,1.1502,0.228,0.2587,,,,,,,2.411,97.5723
2014-09-24,2.0383,3.981,,1.1663,0.2288,0.263,,,,,,,2.418,97.1238
2014-09-25,2.0277,3.9751,,1.1688,0.2275,0.2618,,,,,,,2.402,97.1702
2014-09-26,2.0285,3.9898,,1.1669,0.228,0.263,,,,,,,2.429,97.0968
2014-09-29,2.0375,4.0339,,1.1762,0.23,0.2643,,,,,,,2.424,97.3258
2014-09-30,2.0375,4.0604,,1.1799,0.2317,0.265,,,,,,,2.429,97.7521
2014-10-08,2.0596,4.1309,,1.1843,0.2415,0.2682,,,,,,,2.418,97.695
2014-10-09,2.0604,4.1339,,1.1849,0.2395,0.2688,,,,,,,2.431,97.7269
2014-10-10,2.0506,4.1133,,1.1768,0.2395,0.266,,,,,,,2.424,97.6844
2014-10-13,2.0391,4.1162,,1.1681,0.2407,0.263,,,,,,,2.441,97.7666
2014-10-14,2.0317,4.0986,,1.1694,0.237,0.2623,,,,,,,2.444,98.446
2014-10-15,2.0448,4.1162,,1.1731,0.2438,0.2625,,,,,,,2.428,98.8056
2014-10-16,2.0375,4.0545,,1.1706,0.2415,0.2607,,,,,,,2.446,99.0984
2014-10-17,2.0285,4.0133,,1.1681,0.2407,0.261,,,,,,,2.449,99.3584
2014-10-20,2.0375,4.0692,,1.1737,0.2435,0.2625,,,,,,,2.448,99.5285
2014-10-21,2.0244,4.031,,1.1644,0.24,0.2607,,,,,,,2.461,99.2917
2014-10-22,2.0137,3.981,,1.1588,0.2358,0.2573,,,,,,,2.464,98.7998
2014-10-23,1.9917,3.931,,1.144,0.233,0.2535,,,,,,,2.448,98.9109
2014-10-24,1.99,3.9428,,1.1433,0.2323,0.253,,,,,,,2.431,98.9525
2014-10-27,1.9712,3.9722,,1.1347,0.2333,0.2535,,,,,,,2.427,98.8781
2014-10-28,2.0105,4.0663,,1.1539,0.2377,0.256,,,,,,,2.422,99.2405
2014-10-29,2.0358,4.128,,1.1725,0.2395,0.2575,,,,,,,2.428,99.4783
2014-10-30,2.0481,4.1192,,1.1898,0.2395,0.2573,,,,,,,2.396,99.3961
2014-10-31,2.089,4.1221,,1.2177,0.239,0.258,,,,,,,2.349,99.3632
2014-11-03,2.0849,4.1545,,1.2184,0.239,0.257,,,,,,,2.319,99.574
2014-11-04,2.0833,4.1309,,1.2171,0.2373,0.2537,,,,,,,2.316,100.0727
2014-11-05,2.0808,4.1251,,1.2171,0.2362,0.2522,,,,,,,2.272,100.3336
2014-11-06,2.0816,4.1545,,1.2177,0.2373,0.2535,,,,,,,2.262,100.0843
2014-11-07,2.0775,4.1104,,1.2171,0.2355,0.2512,,,,,,,2.258,100.4979
2014-11-10,2.1356,4.1545,,1.2494,0.237,0.2575,,,,,,,2.305,100.7744
2014-11-11,2.1217,4.028,,1.2525,0.2338,0.2545,,,,,,,2.271,100.7028
2014-11-12,2.1528,4.0957,,1.2642,0.2368,0.2573,,,,,,,2.303,100.67
2014-11-13,2.1405,4.0633,,1.2611,0.2348,0.257,,,,,,,2.293,100.4583
2014-11-14,2.143,4.0516,,1.2568,0.2387,0.2598,,,,,,,2.282,100.3278
2014-11-17,2.134,4.0957,,1.258,0.24,0.261,,,,,,,2.335,100.0031
2014-11-18,2.1111,4.0927,,1.2425,0.2377,0.2585,,,,,,,2.34,100.3646
2014-11-19,2.1045,4.1133,,1.2376,0.2395,0.2578,,,,,,,2.35,100.1326
2014-11-20,2.1078,4.1074,,1.2388,0.2373,0.2567,,,,,,,2.33,100.1268
2014-11-21,2.1479,4.1545,,1.2587,0.2395,0.259,,,,,,,2.349,100.1732
2014-11-24,2.2092,4.2221,,1.2785,0.2412,0.2607,,,,,,,2.359,100.3791
2014-11-25,2.2321,4.2838,,1.3014,0.24,0.2632,,,,,,,2.361,100.5095
2014-11-26,2.2567,4.2985,,1.3126,0.2438,0.265,,,,,,,2.363,100.4892
2014-11-27,2.2771,4.3338,,1.3169,0.2442,0.2648,,,,,,,2.369,100.5598
2014-11-28,2.3311,4.3191,,1.3504,0.2432,0.2648,,,,,,,2.353,100.6101
2014-12-01,2.3336,4.2985,,1.3566,0.2473,0.2697,,,,,,,2.302,100.7309
2014-12-02,2.426,4.3544,,1.3988,0.2477,0.273,,,,,,,2.39,100.5685
2014-12-03,2.4522,4.4103,,1.4,0.2495,0.2775,,,,,,,2.384,99.8639
2014-12-04,2.601,4.4985,,1.4583,0.254,0.2845,,,,,,,2.392,99.4435
2014-12-05,2.5855,4.4073,,1.4676,0.2525,0.279,,,,,,,2.394,99.1033
2014-12-08,2.7098,4.4661,,1.5079,0.25,0.2803,,,,,,,2.373,98.88
2014-12-09,2.5601,4.2838,,1.449,0.2498,0.275,,,,,,,2.408,98.8355
2014-12-10,2.6526,4.4514,,1.5011,0.2548,0.2833,,,,,,,2.463,99.0298
2014-12-11,2.6239,4.5073,,1.498,0.2533,0.2855,,,,,,,2.441,99.1042
2014-12-12,2.6321,4.5337,,1.4912,0.255,0.2878,,,,,,,2.434,99.2366
2014-12-15,2.6624,4.6072,,1.4955,0.261,0.2903,,,,,,,2.437,99.3487
2014-12-16,2.7245,4.6161,,1.5247,0.2575,0.2875,,,,,,,2.404,99.4618
2014-12-17,2.7712,4.5808,,1.5495,0.2528,0.282,,,,,,,2.401,99.9577
2014-12-18,2.7679,4.5925,,1.547,0.2512,0.2835,,,,,,,2.409,99.6687
2014-12-19,2.8088,4.5514,,1.6059,0.2473,0.2828,,,,,,,2.414,99.7315
2014-12-22,2.7891,4.3779,,1.6313,0.2428,0.2833,,,,,,,2.409,99.7499
2014-12-23,2.7327,4.2809,,1.5693,0.2422,0.2835,,,,,,,2.38,99.9287
2014-12-24,2.6566,4.3368,,1.5234,0.2428,0.282,,,,,,,2.378,100.207
2014-12-25,2.7532,4.422,,1.5792,0.245,0.284,,,,,,,2.376,100.1548
2014-12-26,2.8603,4.4661,,1.6139,0.25,0.2865,,,,,,,2.386,100.0388
2014-12-29,2.8464,4.3985,,1.6071,0.2485,0.2858,,,,,,,2.406,100.0379
2014-12-30,2.8464,4.3221,,1.5898,0.2473,0.2825,,,,,,,2.388,99.8079
2014-12-31,2.9233,4.3779,,1.6276,0.2473,0.2875,,,,,,,2.412,99.9364
2015-01-05,3.0165,4.4485,,1.7026,0.2565,0.2998,,,,,,,2.414,99.8378
2015-01-06,2.9961,4.5161,,1.6995,0.2657,0.3015,,,,,,,2.435,99.9016
2015-01-07,2.9953,4.519,,1.6933,0.2605,0.2988,,,,,,,2.445,100.0272
2015-01-08,2.9298,4.4779,,1.6542,0.2605,0.2985,,,,,,,2.431,100.0524
2015-01-09,2.9086,4.4544,,1.6437,0.2587,0.2948,,,,,,,2.439,100.2428
2015-01-12,2.8996,4.3897,,1.6102,0.2578,0.2928,,,,,,,2.458,100.5086
2015-01-13,2.8938,4.4514,,1.6121,0.2605,0.2923,,,,,,,2.471,100.7386
2015-01-14,2.8873,4.4338,,1.6065,0.259,0.2892,,,,,,,2.466,100.8488
2015-01-15,2.9691,4.5073,,1.6536,0.2598,0.2918,,,,,,,2.462,101.1532
2015-01-16,2.9953,4.5485,,1.6691,0.2625,0.293,,,,,,,2.518,101.6945
2015-01-19,2.6959,4.3515,,1.5166,0.2553,0.2808,,,,,,,2.567,102.0096
2015-01-20,2.7959,4.5043,,1.5551,0.2595,0.2875,,,,,,,2.57,102.0144
2015-01-21,2.9241,4.6161,,1.6198,0.262,0.294,,,,,,,2.62,102.0792
2015-01-22,2.929,4.6925,,1.6204,0.2665,0.2957,,,,,,,2.589,102.1062
2015-01-23,2.9431,4.6484,,1.6185,0.2645,0.2932,,,,,,,2.607,102.1546
2015-01-26,2.9712,4.7484,,1.6384,0.2702,0.2988,,,,,,,2.609,102.2773
2015-01-27,2.9414,4.7601,,1.6262,0.2725,0.2985,,,,,,,2.589,102.373
2015-01-28,2.8943,4.7366,,1.6147,0.2705,0.295,,,,,,,2.598,102.3053
2015-01-29,2.8637,4.7072,,1.5993,0.2657,0.2918,,,,,,,2.585,102.1507
2015-01-30,2.8282,4.6514,,1.5877,0.2657,0.2905,,,,,,,2.542,101.7873
2015-02-02,2.7645,4.6308,,1.5422,0.2648,0.287,,,,,,,2.586,101.9265
2015-02-03,2.8298,4.716,,1.5653,0.263,0.2895,,,,,,,2.588,102.1352
2015-02-04,2.7976,4.6925,,1.5531,0.26,0.2878,,,,,,,2.56,102.2879
2015-02-05,2.7645,4.6602,,1.5294,0.26,0.2848,,,,,,,2.576,102.4832
2015-02-06,2.7232,4.569,,1.4903,0.255,0.2822,,,,,,,2.564,102.8882
2015-02-09,2.7546,4.5426,,1.491,0.255,0.2858,,,,,,,2.504,103.0264
2015-02-10,2.81,4.5984,,1.5211,0.255,0.2862,,,,,,,2.514,102.3933
2015-02-11,2.8282,4.6484,,1.5243,0.258,0.29,,,,,,,2.504,102.922
2015-02-12,2.8398,4.6866,,1.5275,0.26,0.2928,,,,,,,2.479,103.1984
2015-02-13,2.8579,4.7601,,1.5448,0.2623,0.295,,,,,,,2.496,103.3811
2015-02-16,2.8819,4.8542,,1.5506,0.2635,0.2977,,,,,,,2.498,103.1056
2015-02-17,2.9075,4.8777,,1.5653,0.2652,0.2982,,,,,,,2.488,103.3192
2015-02-25,2.8629,4.866,,1.557,0.2657,0.2965,,,,,,,2.466,103.325
2015-02-26,2.9481,4.9248,,1.6044,0.2655,0.2995,,,,,,,2.464,103.1346
2015-02-27,2.9423,4.9748,,1.6044,0.2673,0.3013,,,,,,,2.465,103.1559
2015-03-02,2.9654,5.0806,,1.6198,0.2682,0.3022,,,,,,,2.485,102.8447
2015-03-03,2.8844,5.0453,,1.5993,0.2652,0.2988,,,,,,,2.467,102.7983
2015-03-04,2.9084,5.1424,,1.6012,0.2725,0.3043,,,,,,,2.459,102.8717
2015-03-05,2.8836,5.1306,,1.582,0.2738,0.3055,,,,,,,2.449,102.6987
2015-03-06,2.8654,5.0571,,1.5807,0.2675,0.3045,,,,,,,2.439,102.6658
2015-03-09,2.9216,5.1424,,1.6268,0.272,0.3115,,,,,,,2.389,102.3305
2015-03-10,2.9009,5.1718,,1.6179,0.273,0.3128,,,,,,,2.368,102.2067
2015-03-11,2.9051,5.1688,,1.6249,0.2718,0.3122,,,,,,,2.369,102.7412
2015-03-12,2.958,5.1629,,1.6602,0.272,0.3122,,,,,,,2.372,102.7441
2015-03-13,2.9745,5.2276,,1.6704,0.2745,0.3155,,,,,,,2.359,102.661
2015-03-16,3.0481,5.3952,,1.7025,0.284,0.3232,,,,,,,2.374,102.6591
2015-03-17,3.0869,5.4687,,1.73,0.2822,0.3265,,,,,,,2.358,102.72
2015-03-18,3.1688,5.554,,1.7852,0.2873,0.3325,,,,,,,2.341,102.6968
2015-03-19,3.1523,5.6098,,1.7832,0.2833,0.33,,,,,,,2.363,102.6987
2015-03-20,3.1969,5.6598,,1.8063,0.3052,0.3315,,,,,,,2.354,102.7151
2015-03-23,3.2614,5.8774,,1.8435,0.2923,0.3388,,,,,,,2.374,102.7828
2015-03-24,3.2581,5.8245,,1.8582,0.2957,0.3385,,,,,,,2.383,102.7818
2015-03-25,3.2382,5.8774,,1.8473,0.2975,0.3422,,,,,,,2.381,102.7915
2015-03-26,3.2407,5.8304,,1.8364,0.2937,0.346,,,,,,,2.404,102.7635
2015-03-27,3.2655,5.9244,,1.8499,0.2945,0.347,,,,,,,2.406,102.6833
2015-03-30,3.3697,6.0274,,1.9044,0.3018,0.3492,,,,,,,2.38,102.1981
2015-03-31,3.3325,6.0038,,1.8813,0.299,0.346,,,,,,,2.366,101.5292
2015-04-01,3.387,6.1597,,1.9108,0.3047,0.3505,,,,,,,2.371,101.8897
2015-04-02,3.3821,6.2684,,1.9377,0.3077,0.3543,,,,,,,2.397,102.084
2015-04-03,3.4366,6.3625,,1.9711,0.3095,0.3585,,,,,,,2.392,101.9671
2015-04-07,3.497,6.5242,,2.039,0.3185,0.3677,,,,,,,2.407,101.8946
2015-04-08,3.5251,6.4302,,2.071,0.3135,0.368,,,,,,,2.408,101.7312
2015-04-09,3.4995,6.3978,,2.0646,0.311,0.3643,,,,,,,2.385,101.8027
2015-04-10,3.5813,6.5948,,2.1102,0.3212,0.375,,,,,,,2.384,101.8588
2015-04-13,3.6408,7.6681,,2.1345,0.336,0.382,,,,,,,2.394,101.9352
2015-04-14,3.6425,7.6654,,2.1448,0.3375,0.3815,,,,,,,2.374,102.1062
2015-04-15,3.6119,6.4436,,2.1287,0.3265,0.3708,,,,,,,2.368,102.0763
2015-04-16,3.7301,6.5005,,2.1749,0.3282,0.3837,,,,,,,2.386,102.7383
2015-04-17,3.7946,6.545,,2.2146,0.331,0.385,,,,,,,2.395,102.7538
2015-04-20,3.7119,6.4461,,2.1473,0.321,0.3823,,,,,,,2.417,103.0892
2015-04-21,3.7905,6.676,,2.1871,0.325,0.4008,,,,,,,2.399,103.1443
2015-04-22,3.8938,6.8821,,2.2544,0.3358,0.4047,,,,,,,2.411,103.3617
2015-04-23,3.8897,6.9258,,2.2608,0.3352,0.4053,,,,,,,2.39,103.2603
2015-04-24,3.8756,6.9497,,2.2249,0.338,0.4042,,,,,,,2.399,103.0795
2015-04-27,3.9558,7.0255,,2.2704,0.3397,0.4062,,,,,,,2.376,103.3598
2015-04-28,3.9046,6.8153,,2.2275,0.33,0.3923,,,,,,,2.398,103.4748
2015-04-29,3.9261,6.9637,,2.2294,0.3352,0.3983,,,,,,,2.411,103.5135
2015-04-30,3.9178,7.0082,,2.2287,0.3335,0.4015,,,,,,,2.409,103.6401
2015-05-04,3.9393,7.056,,2.2608,0.3345,0.4,,,,,,,2.385,103.3328
2015-05-05,3.7896,6.7914,,2.1627,0.3212,0.3873,,,,,,,2.381,103.2902
2015-05-06,3.75,6.6752,,2.1146,0.3273,0.3785,,,,,,,2.383,102.8911
2015-05-07,3.6847,6.5351,,2.0454,0.3223,0.376,,,,,,,2.358,103.0873
2015-05-08,3.7417,6.8244,,2.0884,0.3288,0.387,,,,,,,2.369,103.4458
2015-05-11,3.8649,7.1821,,2.1595,0.3405,0.397,,,,,,,2.377,103.6092
2015-05-12,3.9095,7.2662,,2.1871,0.345,0.401,,,,,,,2.376,103.5918
2015-05-13,3.8731,7.3329,,2.1685,0.3438,0.4078,,,,,,,2.384,103.5454
2015-05-14,3.864,7.3041,,2.1781,0.342,0.4042,,,,,,,2.42,103.7629
2015-05-15,3.793,7.2629,,2.1467,0.337,0.3988,,,,,,,2.425,103.7774
2015-05-18,3.7648,7.4005,,2.1198,0.342,0.3985,,,,,,,2.452,103.8044
2015-05-19,3.8946,7.5884,,2.1877,0.35,0.4078,,,,,,,2.433,103.6043
2015-05-20,3.9128,7.717,,2.1992,0.3595,0.4108,,,,,,,2.406,103.5
2015-05-21,3.993,8.0673,,2.2608,0.3725,0.426,,,,,,,2.407,103.3656
2015-05-22,4.079,8.1769,,2.3178,0.3692,0.435,,,,,,,2.411,103.4565
2015-05-25,4.208,8.3253,,2.3986,0.3787,0.4498,,,,,,,2.423,103.4516
2015-05-26,4.27,8.6566,,2.4319,0.387,0.4585,,,,,,,2.41,103.4313
2015-05-27,4.27,8.7522,,2.4319,0.3932,0.4638,,,,,,,2.394,103.327
2015-05-28,3.9806,8.1868,,2.2883,0.3677,0.4338,,,,,,,2.391,103.3492
2015-05-29,3.9831,8.3541,,2.2646,0.3785,0.4317,,,,,,,2.381,102.7519
2015-06-01,4.1914,8.8833,,2.4262,0.4,0.453,,,,,,,2.385,102.258
2015-06-02,4.2625,9.119,,2.4614,0.4045,0.466,,,,,,,2.379,102.4223
2015-06-03,4.227,9.0572,,2.4499,0.4025,0.4577,,,,,,,2.37,103.0264
2015-06-04,4.2749,9.0745,,2.4832,0.3918,0.455,,,,,,,2.363,103.1182
2015-06-05,4.2815,9.2871,,2.5383,0.3935,0.4625,,,,,,,2.368,103.4671
2015-06-08,4.3865,9.1008,,2.5979,0.391,0.4672,,,,,,,2.369,103.5638
2015-06-09,4.351,9.1528,,2.6069,0.3875,0.4663,,,,,,,2.366,103.3588
2015-06-10,4.3468,9.3053,,2.5992,0.3947,0.475,,,,,,,2.371,103.1211
2015-06-11,4.3477,9.4783,,2.5935,0.4005,0.4785,,,,,,,2.371,103.1665
2015-06-12,4.3799,9.6432,,2.6627,0.405,0.49,,,,,,,2.375,103.0409
2015-06-15,4.2749,9.4239,,2.6486,0.4,0.484,,,,,,,2.372,102.6436
2015-06-16,4.1625,9.0539,,2.5479,0.387,0.4655,,,,,,,2.368,102.6407
2015-06-17,4.2245,9.2558,,2.6082,0.39,0.472,,,,,,,2.361,102.4996
2015-06-18,4.0583,8.9377,,2.5512,0.381,0.4563,,,,,,,2.36,102.5682
2015-06-19,3.8054,8.3582,,2.371,0.361,0.426,,,,,,,2.364,102.6426
2015-06-23,3.9401,8.3566,,2.4069,0.3655,0.4383,,,,,,,2.354,102.8302
2015-06-24,4.0269,8.4876,,2.4774,0.3735,0.4505,,,,,,,2.363,103.0853
2015-06-25,3.8822,8.2231,,2.396,0.3688,0.4383,,,,,,,2.359,102.6446
2015-06-26,3.5929,7.4005,,2.1589,0.3397,0.399,,,,,,,2.353,102.2532
2015-06-29,3.4573,6.9678,,2.1403,0.3117,0.3812,,,,,,,2.355,102.403
2015-06-30,3.707,7.4961,,2.273,0.343,0.4085,,,,,,,2.346,102.343
2015-07-01,3.4697,6.892,,2.1243,0.3495,0.3938,,,,,,,2.349,102.5189
2015-07-02,3.3961,6.5936,,2.0262,0.3345,0.374,,,,,,,2.33,102.2802
2015-07-03,3.2399,6.1065,,1.8845,0.315,0.3478,,,,,,,2.312,102.3614
2015-07-06,3.3275,6.1065,,1.955,0.3122,0.3717,,,,,,,2.33,103.0215
2015-07-07,3.1812,5.6301,,1.8858,0.281,0.335,,,,,,,2.313,103.7068
2015-07-08,2.8629,5.0672,,1.6974,0.253,0.3015,,,,,,,2.236,104.2084
2015-07-09,3.1489,5.5741,,1.8672,0.2783,0.3318,,,,,,,2.315,104.049
2015-07-10,3.4631,6.1312,,2.0537,0.306,0.365,,,,,,,2.301,103.4584
2015-07-13,3.5003,6.7445,,2.1749,0.3365,0.4015,,,,,,,2.31,103.5956
2015-07-14,3.4342,6.4997,,2.0704,0.35,0.4013,,,,,,,2.309,103.4951
2015-07-15,3.2614,5.9359,,1.9582,0.325,0.3613,,,,,,,2.307,103.7397
2015-07-16,3.3366,6.2557,,1.9858,0.3298,0.365,,,,,,,2.299,104.2877
2015-07-17,3.4722,6.6571,,2.0755,0.3428,0.38,,,,,,,2.299,104.9691
2015-07-20,3.4623,6.6876,,2.0672,0.3372,0.382,,,,,,,2.243,104.7719
2015-07-21,3.4838,6.7964,,2.0871,0.3327,0.3832,,,,,,,2.226,104.7323
2015-07-22,3.4672,6.8879,,2.0743,0.3363,0.3877,,,,,,,2.204,104.6898
2015-07-23,3.5615,7.1302,,2.1313,0.347,0.395,,,,,,,2.209,104.8193
2015-07-24,3.4871,6.9818,,2.089,0.3405,0.385,,,,,,,2.186,104.4259
2015-07-27,3.1415,6.3661,,1.8973,0.3155,0.3577,,,,,,,2.214,104.479
2015-07-28,3.1795,6.3554,,1.9044,0.3145,0.36,,,,,,,2.193,104.8357
2015-07-29,3.2978,6.7255,,1.9922,0.3262,0.3725,,,,,,,2.196,105.0609
2015-07-30,3.1828,6.4741,,1.9422,0.3228,0.368,,,,,,,2.18,104.5303
2015-07-31,3.1837,6.4032,,1.9371,0.3232,0.359,,,,,,,2.167,104.5583
2015-08-03,3.1845,6.2227,,1.9871,0.311,0.3548,,,,,,,2.19,104.828
2015-08-04,3.311,6.6513,,2.0294,0.3368,0.372,,,,,,,2.18,104.5544
2015-08-05,3.2374,6.5038,,1.9807,0.3327,0.366,,,,,,,2.177,104.7932
2015-08-06,3.2019,6.4634,,1.9614,0.33,0.3643,,,,,,,2.177,104.9855
2015-08-07,3.268,6.6785,,1.9999,0.3347,0.3745,,,,,,,2.187,105.0503
2015-08-10,3.4292,7.0519,,2.0922,0.3438,0.3925,,,,,,,2.195,105.0251
2015-08-11,3.3887,7.0272,,2.0819,0.339,0.3925,,,,,,,2.251,104.9575
2015-08-12,3.354,6.9118,,2.0493,0.3343,0.3907,,,,,,,2.327,104.8889
2015-08-13,3.3994,7.0816,,2.0775,0.3347,0.3915,,,,,,,2.315,104.7787
2015-08-14,3.3912,7.1491,,2.0755,0.3332,0.3938,,,,,,,2.299,104.7304
2015-08-17,3.397,7.3519,,2.0928,0.3343,0.4002,,,,,,,2.301,104.4017
2015-08-18,3.1638,6.7247,,1.989,0.32,0.3753,,,,,,,2.302,104.0315
2015-08-19,3.2366,6.9513,,1.9999,0.3352,0.3825,,,,,,,2.31,104.0924
2015-08-20,3.1539,6.6793,,1.9313,0.325,0.369,,,,,,,2.346,104.0808
2015-08-21,2.9968,6.3447,,1.8454,0.3128,0.3535,,,,,,,2.39,104.1069
2015-08-24,2.6976,5.7101,,1.6608,0.2815,0.3183,,,,,,,2.381,104.2712
2015-08-25,2.4661,5.1389,,1.5089,0.258,0.299,,,,,,,2.368,104.3843
2015-08-26,2.5355,5.1397,,1.5211,0.2675,0.31,,,,,,,2.349,104.481
2015-08-27,2.6926,5.3573,,1.6191,0.275,0.325,,,,,,,2.322,104.7497
2015-08-28,2.8125,5.6796,,1.6974,0.2873,0.3358,,,,,,,2.333,104.8985
2015-08-31,2.8067,5.457,,1.6909,0.28,0.3282,,,,,,,2.339,105.1247
2015-09-01,2.7959,5.082,,1.6858,0.2755,0.322,,,,,,,2.354,105.4765
2015-09-02,2.7877,4.9543,,1.6986,0.275,0.3228,,,,,,,2.351,105.462
2015-09-07,2.7191,5.0754,,1.6461,0.2792,0.3158,,,,,,,2.313,105.3692
2015-09-08,2.7926,5.3532,,1.6954,0.287,0.3212,,,,,,,2.303,105.0019
2015-09-09,2.8455,5.5073,,1.7307,0.2932,0.3248,,,,,,,2.313,105.029
2015-09-10,2.7951,5.3647,,1.6974,0.2907,0.3223,,,,,,,2.286,104.8193
2015-09-11,2.8009,5.4059,,1.6948,0.289,0.3198,,,,,,,2.287,104.5912
2015-09-14,2.7025,4.9436,,1.6313,0.2763,0.3088,,,,,,,2.282,104.7603
2015-09-15,2.6232,4.6988,,1.5788,0.2645,0.3,,,,,,,2.28,104.798
2015-09-16,2.7653,5.1026,,1.6685,0.284,0.3185,,,,,,,2.277,104.7709
2015-09-17,2.7116,4.9815,,1.6191,0.2747,0.3105,,,,,,,2.305,104.7439
2015-09-18,2.7108,5.0482,,1.6198,0.279,0.3125,,,,,,,2.318,104.7304
2015-09-21,2.7604,5.2691,,1.6397,0.2837,0.3155,,,,,,,2.347,104.7487
2015-09-22,2.7819,5.2469,,1.6512,0.284,0.3165,,,,,,,2.333,104.6791
2015-09-23,2.7174,5.1694,,1.6371,0.2805,0.3133,,,,,,,2.326,104.6946
2015-09-24,2.7405,5.2411,,1.6384,0.2808,0.314,,,,,,,2.344,104.6888
2015-09-25,2.681,5.0441,,1.6134,0.2743,0.3077,,,,,,,2.359,104.653
2015-09-28,2.6967,5.1851,,1.6089,0.2775,0.3108,,,,,,,2.345,104.6753
2015-09-29,2.6446,5.1307,,1.5884,0.274,0.3063,,,,,,,2.314,104.799
2015-09-30,2.6628,5.1356,,1.5967,0.2718,0.3095,,,,,,,2.314,105.0522
2015-10-08,2.7587,5.3483,,1.6377,0.2885,0.319,,,,,,,2.346,104.9439
2015-10-09,2.7935,5.4109,,1.6525,0.2873,0.318,,,,,,,2.35,105.2181
2015-10-12,2.91,5.6441,,1.7057,0.2955,0.3295,,,,,,,2.375,105.7839
2015-10-13,2.8894,5.6952,,1.7038,0.2935,0.328,,,,,,,2.361,105.6492
2015-10-14,2.8579,5.6474,,1.6922,0.2912,0.3275,,,,,,,2.397,105.9624
2015-10-15,2.9315,5.8576,,1.7262,0.2962,0.3325,,,,,,,2.407,105.7946
2015-10-16,2.972,5.917,,1.7506,0.296,0.335,,,,,,,2.402,105.3702
2015-10-19,2.9671,5.9507,,1.755,0.2957,0.3313,,,,,,,2.398,105.4171
2015-10-20,3.0059,6.0093,,1.7691,0.2957,0.332,,,,,,,2.393,105.9292
2015-10-21,2.9158,5.6606,,1.7166,0.287,0.3207,,,,,,,2.399,105.8414
2015-10-22,2.953,5.8601,,1.7422,0.298,0.3252,,,,,,,2.389,105.7507
2015-10-23,3.0051,6.0167,,1.7672,0.3105,0.335,,,,,,,2.403,105.8804
2015-10-26,3.0101,6.0134,,1.782,0.3137,0.3355,,,,,,,2.387,106.0024
2015-10-27,3.0117,6.067,,1.7871,0.3125,0.3302,,,,,,,2.394,106.1838
2015-10-28,2.9588,5.898,,1.7666,0.3058,0.3295,,,,,,,2.406,106.3692
2015-10-29,2.9629,5.9639,,1.7627,0.3067,0.3302,,,,,,,2.384,106.0843
2015-10-30,2.9638,5.959,,1.7627,0.3063,0.337,,,,,,,2.351,106.1399
2015-11-02,2.9142,5.8387,,1.7499,0.3043,0.335,,,,,,,2.34,106.1702
2015-11-03,2.8918,5.8106,,1.73,0.3015,0.332,,,,,,,2.327,106.1087
2015-11-04,3.0654,6.1914,,1.7858,0.3115,0.343,,,,,,,2.301,105.7507
2015-11-05,3.1142,6.1733,,1.8198,0.3133,0.3428,,,,,,,2.281,105.737
2015-11-06,3.1886,6.3241,,1.8499,0.3173,0.345,,,,,,,2.282,105.5712
2015-11-09,3.2217,6.3983,,1.8877,0.319,0.3555,,,,,,,2.25,104.5879
2015-11-10,3.2126,6.4024,,1.8813,0.3212,0.35,,,,,,,2.25,104.8679
2015-11-11,3.2085,6.5293,,1.8794,0.316,0.35,,,,,,,2.249,105.2737
2015-11-12,3.1754,6.5491,,1.8589,0.321,0.35,,,,,,,2.243,105.3673
2015-11-13,3.1448,6.4148,,1.8441,0.3147,0.3453,,,,,,,2.23,105.3576
2015-11-16,3.163,6.5763,,1.8499,0.3158,0.345,,,,,,,2.26,105.3858
2015-11-17,3.1514,6.4692,,1.8602,0.3145,0.3453,,,,,,,2.226,105.501
2015-11-18,3.1241,6.3703,,1.8441,0.31,0.345,,,,,,,2.212,105.3088
2015-11-19,3.1713,6.5763,,1.8627,0.3133,0.35,,,,,,,2.221,105.3663
2015-11-20,3.1622,6.6332,,1.8576,0.3145,0.35,,,,,,,2.234,105.3771
2015-11-23,3.1465,6.5607,,1.8544,0.3162,0.3475,,,,,,,2.212,105.3761
2015-11-24,3.1489,6.639,,1.8518,0.3145,0.3495,,,,,,,2.212,105.6161
2015-11-25,3.168,6.7313,,1.8704,0.318,0.3495,,,,,,,2.226,105.6209
2015-11-26,3.1531,6.6695,,1.8685,0.3158,0.3492,,,,,,,2.217,105.8375
2015-11-27,2.9828,6.2705,,1.8153,0.3072,0.3338,,,,,,,2.206,105.7868
2015-11-30,2.9836,6.2648,,1.7941,0.303,0.3372,,,,,,,2.183,105.9185
2015-12-01,3.0067,6.306,,1.7807,0.3113,0.3413,,,,,,,2.216,105.777
2015-12-02,3.1357,6.3085,,1.8275,0.3162,0.3417,,,,,,,2.208,105.9399
2015-12-03,3.1423,6.4164,,1.8461,0.3178,0.342,,,,,,,2.182,105.9741
2015-12-04,3.0828,6.334,,1.8147,0.3173,0.3467,,,,,,,2.2,105.9555
2015-12-07,3.0878,6.4403,,1.8108,0.3215,0.3487,,,,,,,2.24,106.0092
2015-12-08,3.0431,6.2854,,1.7884,0.32,0.3405,,,,,,,2.225,106.0619
2015-12-09,3.0473,6.2359,,1.7852,0.3153,0.3377,,,,,,,2.231,106.0482
2015-12-10,3.0415,6.2137,,1.7762,0.3223,0.3415,,,,,,,2.23,106.0931
2015-12-11,3.0266,6.1725,,1.7647,0.32,0.336,,,,,,,2.23,106.095
2015-12-14,3.1192,6.3093,,1.7986,0.32,0.3447,,,,,,,2.242,105.9692
2015-12-15,3.0894,6.3282,,1.7871,0.32,0.3447,,,,,,,2.225,106.0414
2015-12-16,3.0902,6.3793,,1.782,0.3183,0.3428,,,,,,,2.227,106.1204
2015-12-17,3.1481,6.564,,1.8166,0.3235,0.3478,,,,,,,2.228,106.1555
2015-12-18,3.1597,6.5211,,1.8172,0.3225,0.3537,,,,,,,2.217,106.4277
2015-12-21,3.2424,6.6126,,1.8653,0.3388,0.3697,,,,,,,2.238,106.8384
2015-12-22,3.2465,6.6711,,1.8647,0.3388,0.371,,,,,,,2.249,106.7779
2015-12-23,3.2424,6.5837,,1.8762,0.3358,0.3665,,,,,,,2.244,106.8189
2015-12-24,3.2035,6.5854,,1.8563,0.33,0.368,,,,,,,2.245,106.9623
2015-12-25,3.22,6.6142,,1.8582,0.3285,0.366,,,,,,,2.25,106.9154
2015-12-28,3.1233,6.4552,,1.8179,0.3282,0.3575,,,,,,,2.244,107.369
2015-12-29,3.1523,6.5236,,1.8262,0.3275,0.3573,,,,,,,2.248,107.3037
2015-12-30,3.1514,6.5738,,1.8268,0.3343,0.3627,,,,,,,2.245,107.2734
2015-12-31,3.1233,6.4601,,1.8288,0.3322,0.362,,,,,,,2.232,107.1544
2016-01-04,2.9224,5.9277,,1.7473,0.3248,0.352,,,,,,,2.251,106.8228
2016-01-05,2.9158,5.87,,1.7217,0.3232,0.3475,,,,,,,2.27,106.7594
2016-01-06,2.9613,5.9936,,1.7493,0.3248,0.35,,,,,,,2.289,106.7935
2016-01-07,2.8803,5.4579,,1.6634,0.315,0.3465,,,,,,,2.339,106.9067
2016-01-08,2.8174,5.5658,,1.6865,0.32,0.3302,,,,,,,2.338,107.1593
2016-01-11,2.6728,5.2081,,1.6262,0.3033,0.326,,,,,,,2.347,107.2081
2016-01-12,2.6918,5.1999,,1.5967,0.3025,0.325,,,,,,,2.318,107.4929
2016-01-13,2.6546,5.0384,,1.5833,0.3022,0.3248,,,,,,,2.3,107.6217
2016-01-14,2.6992,5.2073,,1.5999,0.2962,0.3273,,,,,,,2.317,107.4861
2016-01-15,2.6198,5.007,,1.5486,0.2792,0.3175,,,,,,,2.304,107.5866
2016-01-18,2.6215,5.0787,,1.5422,0.2795,0.3142,,,,,,,2.313,107.4705
2016-01-19,2.6967,5.2411,,1.5877,0.287,0.324,,,,,,,2.311,107.1886
2016-01-20,2.6615,5.1982,,1.5616,0.2862,0.3158,,,,,,,2.329,107.1525
2016-01-21,2.585,5.0194,,1.5289,0.2812,0.3055,,,,,,,2.35,107.4003
2016-01-22,2.6102,5.0853,,1.5374,0.2822,0.304,,,,,,,2.335,107.4149
2016-01-25,2.6203,5.1232,,1.5465,0.285,0.3065,,,,,,,2.339,107.2734
2016-01-26,2.4725,4.8076,,1.4589,0.2777,0.3133,,,,,,,2.379,107.333
2016-01-27,2.4456,4.6897,,1.4432,0.2795,0.305,,,,,,,2.375,107.1388
2016-01-28,2.3927,4.4936,,1.4229,0.2702,0.2957,,,,,,,2.361,107.0676
2016-01-29,2.4607,4.651,,1.4523,0.2775,0.3013,,,,,,,2.363,107.1164
2016-02-01,2.4339,4.5991,,1.4281,0.2727,0.3,,,,,,,2.383,107.1144
2016-02-02,2.4859,4.7614,,1.4536,0.28,0.2998,,,,,,,2.389,107.0998
2016-02-03,2.4742,4.7861,,1.4464,0.279,0.295,,,,,,,2.399,107.2179
2016-02-04,2.5069,4.8661,,1.4602,0.2875,0.298,,,,,,,2.421,107.1827
2016-02-05,2.4775,4.8323,,1.4602,0.2825,0.299,,,,,,,2.451,107.213
2016-02-15,2.4683,4.8397,,1.4477,0.28,0.2945,,,,,,,2.547,107.4129
2016-02-16,2.5397,5.0392,,1.4837,0.2833,0.2998,,,,,,,2.512,107.4071
2016-02-17,2.5657,5.0886,,1.4968,0.282,0.3018,,,,,,,2.534,107.412
2016-02-18,2.5607,5.0639,,1.4994,0.2775,0.3022,,,,,,,2.537,107.3466
2016-02-19,2.554,5.0837,,1.5001,0.276,0.302,,,,,,,2.574,107.4412
2016-02-22,2.6069,5.1958,,1.5276,0.2815,0.3047,,,,,,,2.555,107.4373
2016-02-23,2.5867,5.1702,,1.5138,0.2803,0.3038,,,,,,,2.557,107.4978
2016-02-24,2.606,5.195,,1.5197,0.2812,0.3035,,,,,,,2.577,107.6627
2016-02-25,2.4397,4.7713,,1.4595,0.275,0.294,,,,,,,2.614,107.5778
2016-02-26,2.4633,4.8142,,1.4556,0.2693,0.2923,,,,,,,2.612,107.6588
2016-02-29,2.4053,4.5166,,1.4294,0.2615,0.2923,,,,,,,2.587,107.6695
2016-03-01,2.4507,4.6502,,1.4438,0.2657,0.2948,,,,,,,2.626,107.8227
2016-03-02,2.5607,4.904,,1.5125,0.2705,0.3005,,,,,,,2.595,107.8617
2016-03-03,2.5548,4.8999,,1.5119,0.2705,0.3002,,,,,,,2.617,107.7915
2016-03-04,2.5859,4.7548,,1.5308,0.273,0.3025,,,,,,,2.651,107.73
2016-03-07,2.606,4.8892,,1.5387,0.2713,0.307,,,,,,,2.649,107.6949
2016-03-08,2.5968,4.9188,,1.5348,0.2733,0.3025,,,,,,,2.662,107.7163
2016-03-09,2.5582,4.782,,1.5164,0.2725,0.3027,,,,,,,2.634,107.7934
2016-03-10,2.5237,4.6963,,1.5086,0.2722,0.3027,,,,,,,2.618,107.929
2016-03-11,2.5187,4.6955,,1.5099,0.2705,0.302,,,,,,,2.651,108.2197
2016-03-14,2.5733,4.8743,,1.5236,0.2727,0.3075,,,,,,,2.624,107.9612
2016-03-15,2.5649,4.8084,,1.5236,0.2745,0.3075,,,,,,,2.572,107.9261
2016-03-16,2.5817,4.7557,,1.5315,0.275,0.3063,,,,,,,2.591,108.1065
2016-03-17,2.6237,4.9114,,1.5478,0.2772,0.3083,,,,,,,2.617,108.1056
2016-03-18,2.6606,5.1068,,1.5701,0.28,0.3117,,,,,,,2.617,108.1046
2016-03-21,2.7194,5.2114,,1.5858,0.284,0.3162,,,,,,,2.576,108.0022
2016-03-22,2.7009,5.1867,,1.5819,0.2825,0.3153,,,,,,,2.597,108.1153
2016-03-23,2.706,5.2362,,1.576,0.2805,0.3175,,,,,,,2.57,108.2324
2016-03-24,2.664,5.1315,,1.5563,0.2772,0.315,,,,,,,2.534,108.4704
2016-03-25,2.6749,5.1966,,1.5583,0.2822,0.319,,,,,,,2.549,108.5884
2016-03-28,2.6497,5.1529,,1.559,0.282,0.3243,,,,,,,2.541,108.6294
2016-03-29,2.6279,5.0639,,1.5315,0.282,0.3192,,,,,,,2.547,108.6704
2016-03-30,2.7001,5.307,,1.5727,0.285,0.325,,,,,,,2.57,108.7299
2016-03-31,2.6951,5.265,,1.5727,0.283,0.325,,,,,,,2.548,108.7006
2016-04-01,2.7035,5.2477,,1.5753,0.2825,0.3232,,,,,,,2.564,109.005
2016-04-05,2.7295,5.3689,,1.6008,0.2837,0.3248,,,,,,,2.552,108.845
2016-04-06,2.7244,5.4018,,1.5949,0.285,0.3265,,,,,,,2.554,108.8762
2016-04-07,2.6909,5.3359,,1.5819,0.2848,0.3228,,,,,,,2.553,108.7913
2016-04-08,2.6682,5.2873,,1.576,0.2812,0.32,,,,,,,2.57,108.7884
2016-04-11,2.6976,5.382,,1.5936,0.2848,0.3228,,,,,,,2.593,108.7913
2016-04-12,2.6942,5.3565,,1.5864,0.2845,0.321,,,,,,,2.607,108.765
2016-04-13,2.7286,5.4414,,1.6139,0.2865,0.3245,,,,,,,2.584,108.5816
2016-04-14,2.7387,5.4777,,1.6159,0.2873,0.3245,,,,,,,2.563,108.4275
2016-04-15,2.7412,5.4702,,1.6146,0.2873,0.3207,,,,,,,2.562,108.4216
2016-04-18,2.7026,5.3763,,1.6034,0.2842,0.32,,,,,,,2.564,108.4899
2016-04-19,2.706,5.3862,,1.6002,0.2858,0.3198,,,,,,,2.588,108.5348
2016-04-20,2.6589,5.1488,,1.576,0.2777,0.3122,,,,,,,2.594,108.407
2016-04-21,2.6463,5.1076,,1.5812,0.2795,0.3122,,,,,,,2.626,107.9426
2016-04-22,2.6581,5.1381,,1.5805,0.2828,0.314,,,,,,,2.592,107.9153
2016-04-25,2.6497,5.1125,,1.5701,0.2808,0.3178,,,,,,,2.578,107.3349
2016-04-26,2.6648,5.1793,,1.5779,0.2808,0.3153,,,,,,,2.573,107.4998
2016-04-27,2.6522,5.1529,,1.5805,0.2785,0.3198,,,,,,,2.601,107.5954
2016-04-28,2.6505,5.1109,,1.5766,0.2795,0.3178,,,,,,,2.613,107.9339
2016-04-29,2.6472,5.1183,,1.574,0.2797,0.32,,,,,,,2.66,107.9778
2016-05-03,2.6984,5.2823,,1.591,0.285,0.3318,,,,,,,2.702,108.0392
2016-05-04,2.6883,5.2823,,1.5858,0.2842,0.3315,,,,,,,2.677,108.0178
2016-05-05,2.6883,5.3194,,1.5799,0.286,0.3335,,,,,,,2.675,108.089
2016-05-06,2.627,5.1101,,1.5531,0.28,0.3275,,,,,,,2.68,108.0207
2016-05-09,2.5733,4.9238,,1.5073,0.2763,0.3282,,,,,,,2.67,108.1065
2016-05-10,2.5708,4.9081,,1.5014,0.2795,0.3277,,,,,,,2.657,108.2636
2016-05-11,2.5808,4.8991,,1.502,0.285,0.3345,,,,,,,2.669,108.327
2016-05-12,2.5901,4.9007,,1.5079,0.2848,0.3343,,,,,,,2.66,108.5172
2016-05-13,2.5808,4.8842,,1.5086,0.28,0.3338,,,,,,,2.682,108.5777
2016-05-16,2.5909,4.9724,,1.5151,0.282,0.3322,,,,,,,2.695,108.3065
2016-05-17,2.5867,4.965,,1.5164,0.2822,0.3327,,,,,,,2.682,108.3241
2016-05-18,2.5699,4.8282,,1.5047,0.282,0.3257,,,,,,,2.681,108.2148
2016-05-19,2.5649,4.8521,,1.4994,0.2812,0.3273,,,,,,,2.64,108.1202
2016-05-20,2.5817,4.9172,,1.5007,0.2808,0.3295,,,,,,,2.638,108.2616
2016-05-23,2.5859,4.9708,,1.5079,0.2792,0.3295,,,,,,,2.635,108.1699
2016-05-24,2.5699,4.9246,,1.504,0.2788,0.3277,,,,,,,2.623,108.1826
2016-05-25,2.5682,4.8949,,1.5027,0.2788,0.3268,,,,,,,2.581,108.2353
2016-05-26,2.5682,4.9188,,1.5027,0.2783,0.3237,,,,,,,2.591,108.167
2016-05-27,2.5699,4.923,,1.506,0.2775,0.326,,,,,,,2.58,108.1797
2016-05-30,2.5716,4.9007,,1.5119,0.277,0.3252,,,,,,,2.554,108.1377
2016-05-31,2.6615,5.1167,,1.555,0.2825,0.3298,,,,,,,2.576,108.1748
2016-06-01,2.6505,5.1183,,1.5511,0.282,0.3307,,,,,,,2.579,108.1875
2016-06-02,2.6531,5.1603,,1.5511,0.2817,0.3325,,,,,,,2.581,108.0861
2016-06-03,2.6841,5.1917,,1.5537,0.2817,0.339,,,,,,,2.574,108.0421
2016-06-06,2.6682,5.204,,1.5544,0.2822,0.3397,,,,,,,2.621,108.0578
2016-06-07,2.6682,5.1991,,1.5544,0.2822,0.337,,,,,,,2.625,108.0802
2016-06-08,2.6648,5.1842,,1.5465,0.285,0.3377,,,,,,,2.646,108.1807
2016-06-13,2.5775,4.9345,,1.5125,0.28,0.3282,,,,,,,2.724,108.1934
2016-06-14,2.5884,4.9568,,1.5164,0.2825,0.3325,,,,,,,2.717,108.3572
2016-06-15,2.6228,5.1158,,1.5295,0.2833,0.338,,,,,,,2.73,108.3709
2016-06-16,2.6069,5.096,,1.5184,0.2837,0.3363,,,,,,,2.777,108.4538
2016-06-17,2.6178,5.1356,,1.5269,0.2865,0.3413,,,,,,,2.715,108.4987
2016-06-20,2.6186,5.1422,,1.5308,0.2855,0.3408,,,,,,,2.717,108.4011
2016-06-21,2.6127,5.0812,,1.5308,0.2858,0.3397,,,,,,,2.712,108.4148
2016-06-22,2.6287,5.1776,,1.5505,0.2858,0.3377,,,,,,,2.675,108.4782
2016-06-23,2.6203,5.1488,,1.5361,0.2853,0.3368,,,,,,,2.681,108.5309
2016-06-24,2.5926,5.0738,,1.5223,0.2825,0.335,,,,,,,2.805,108.6938
2016-06-27,2.6253,5.2197,,1.5361,0.283,0.338,,,,,,,2.828,108.9191
2016-06-28,2.6388,5.2683,,1.5334,0.2905,0.341,,,,,,,2.817,108.8957
2016-06-29,2.6505,5.2691,,1.5426,0.2915,0.3417,,,,,,,2.83,108.8177
2016-06-30,2.6547,5.2724,,1.5478,0.2925,0.3417,,,,,,,2.818,108.8265
2016-07-01,2.6522,5.265,,1.5518,0.293,0.3445,,,,,,,2.858,109.1103
2016-07-04,2.6967,5.3697,,1.5773,0.2925,0.3462,,,,,,,2.899,109.1103
2016-07-05,2.7035,5.3969,,1.5858,0.2925,0.3487,,,,,,,2.89,109.1172
2016-07-06,2.7169,5.429,,1.5805,0.2935,0.36,,,,,,,2.947,109.2488
2016-07-07,2.7202,5.4505,,1.5819,0.3,0.3627,,,,,,,2.936,109.3552
2016-07-08,2.7102,5.429,,1.5753,0.299,0.36,,,,,,,2.916,109.2547
2016-07-11,2.7169,5.443,,1.5819,0.3025,0.3705,,,,,,,2.942,109.2196
2016-07-12,2.7858,5.5115,,1.6198,0.3113,0.3738,,,,,,,2.919,109.1757
2016-07-13,2.7916,5.5502,,1.6296,0.3128,0.3735,,,,,,,2.892,109.1211
2016-07-14,2.7874,5.5691,,1.6244,0.3113,0.3717,,,,,,,2.872,109.1503
2016-07-15,2.7908,5.556,,1.629,0.3125,0.3713,,,,,,,2.875,109.282
2016-07-18,2.7807,5.5337,,1.6348,0.31,0.3688,,,,,,,2.865,109.3084
2016-07-19,2.7664,5.5321,,1.6257,0.309,0.3647,,,,,,,2.87,109.3825
2016-07-20,2.7606,5.523,,1.6263,0.3095,0.3677,,,,,,,2.858,109.4478
2016-07-21,2.7757,5.5494,,1.6375,0.3092,0.366,,,,,,,2.83,109.5103
2016-07-22,2.7513,5.5139,,1.6263,0.3063,0.3625,,,,,,,2.844,109.4908
2016-07-25,2.7505,5.5222,,1.6296,0.3077,0.3688,,,,,,,2.83,109.4781
2016-07-26,2.7858,5.6005,,1.6486,0.3125,0.3697,,1.0,1.0,,,,2.834,109.5464
2016-07-27,2.7345,5.3532,,1.6342,0.311,0.3663,,,,,,,2.836,109.5669
2016-07-28,2.7421,5.3787,,1.646,0.3128,0.3658,,,,,,,2.876,109.5952
2016-07-29,2.7328,5.3408,,1.6519,0.3155,0.3725,,0.9956,0.9932,,,,2.859,109.6664
2016-08-01,2.7102,5.2609,,1.6414,0.3097,0.3695,,,,,,,2.877,109.8898
2016-08-02,2.7169,5.312,,1.6427,0.3113,0.3618,,,,,,,2.895,109.8576
2016-08-03,2.7202,5.3301,,1.6407,0.3115,0.3635,,,,,,,2.912,109.8683
2016-08-04,2.7286,5.3623,,1.6407,0.3137,0.3635,,,,,,,2.881,109.8137
2016-08-05,2.7396,5.345,,1.6486,0.3167,0.3647,,0.9994,0.9869,,,,2.918,109.9571
2016-08-08,2.7622,5.4191,,1.6564,0.3158,0.3645,,1.004,1.017,,,,2.857,110.0273
2016-08-09,2.7748,5.4735,,1.6728,0.3167,0.3665,,1.012,1.016,,,,2.855,110.2068
2016-08-10,2.7664,5.4463,,1.6708,0.317,0.367,,1.01,1.013,,,,2.896,110.3561
2016-08-11,2.7631,5.3565,,1.6649,0.316,0.3675,,1.014,0.996,,,,2.871,110.2907
2016-08-12,2.8118,5.4323,,1.6996,0.3207,0.3672,,1.037,1.001,,,,2.87,110.2673
2016-08-15,2.8949,5.5452,,1.7382,0.3212,0.371,,1.097,1.022,,,,2.864,110.1073
2016-08-16,2.8865,5.5708,,1.7225,0.3178,0.3725,,1.086,1.029,,,,2.875,110.2546
2016-08-17,2.8798,5.584,,1.7297,0.3212,0.3725,,1.08,1.039,,,,2.861,110.2761
2016-08-18,2.8756,5.5856,,1.7212,0.321,0.3655,,1.0687,1.0333,,,,2.876,110.2117
2016-08-19,2.8723,5.5865,,1.7277,0.3212,0.36,,1.068,1.031,,,,2.877,110.0819
2016-08-22,2.8521,5.5246,,1.7199,0.321,0.3655,,1.045,1.005,,,,2.855,110.1834
2016-08-23,2.8538,5.5378,,1.7179,0.3217,0.3658,,1.056,1.01,,,,2.86,110.1229
2016-08-24,2.842,5.5411,,1.7133,0.3192,0.3652,,1.049,1.018,,,,2.861,109.9161
2016-08-25,2.8269,5.504,,1.7048,0.3195,0.3645,,1.054,1.01,,,,2.837,109.921
2016-08-26,2.8235,5.5312,,1.7029,0.322,0.3645,,1.048,1.012,,,,2.841,110.0449
2016-08-29,2.8227,5.5411,,1.7055,0.3228,0.362,,1.049,1.018,,,,2.83,110.0858
2016-08-30,2.8345,5.5378,,1.7035,0.3232,0.3625,,1.054,1.027,,,,2.836,110.0263
2016-08-31,2.8462,5.5469,,1.712,0.323,0.3632,,1.061,1.023,,,,2.823,110.0341
2016-09-01,2.816,5.495,,1.7022,0.323,0.3632,,1.044,1.013,,,,2.815,109.9015
2016-09-02,2.8286,5.4686,,1.7068,0.321,0.3635,,1.051,1.001,,,,2.821,109.8917
2016-09-05,2.8345,5.5073,,1.7153,0.3225,0.363,,1.054,1.003,,,,2.851,109.9132
2016-09-06,2.8588,5.6062,,1.7212,0.323,0.3627,,1.057,1.012,,,,2.852,109.7649
2016-09-07,2.8605,5.593,,1.7258,0.3223,0.3625,,1.056,1.019,,,,2.891,109.799
2016-09-08,2.8563,5.6244,,1.7251,0.3223,0.3618,,1.054,1.02,,,,2.889,109.8419
2016-09-09,2.842,5.57,,1.7205,0.3225,0.3602,,1.049,1.018,,,,2.872,110.0039
2016-09-12,2.7858,5.4175,,1.6806,0.3162,0.3553,,1.023,0.992,,,,2.852,109.8732
2016-09-13,2.7858,5.4414,,1.68,0.319,0.3528,,1.02,0.994,,,,2.857,109.9249
2016-09-14,2.769,5.4068,,1.6728,0.3162,0.354,,1.012,0.987,,,,2.843,110.0214
2016-09-19,2.7866,5.4727,,1.6819,0.3175,0.354,,1.015,0.992,,,,2.826,110.0478
2016-09-20,2.7832,5.462,,1.6833,0.3198,0.3537,,1.013,0.986,,,,2.831,110.1073
2016-09-21,2.7942,5.4777,,1.6872,0.32,0.3535,,1.02,0.989,,,,2.838,110.0897
2016-09-22,2.8126,5.5073,,1.7009,0.322,0.3555,,1.02,0.99,,,,2.859,110.0858
2016-09-23,2.8059,5.4983,,1.695,0.3215,0.3548,,1.016,0.987,,,,2.862,110.1083
2016-09-26,2.7589,5.3928,,1.6728,0.32,0.3525,,0.998,0.962,,,,2.863,110.1375
2016-09-27,2.7732,5.4233,,1.6708,0.319,0.351,,1.008,0.963,,,,2.858,110.1551
2016-09-28,2.769,5.4167,,1.6689,0.3185,0.3525,,1.002,0.965,,,,2.837,110.2214
2016-09-29,2.7816,5.4455,0.9723,1.6754,0.3195,0.3523,,1.016,0.966,,,,2.832,110.3239
2016-09-30,2.79,5.4678,0.9724,1.6813,0.3212,0.3543,,1.017,0.971,,,,2.843,110.3853
2016-10-10,2.8219,5.5724,,1.7009,0.325,0.3575,,1.03,0.996,,,,2.737,110.4029
2016-10-11,2.8286,5.5897,,1.7035,0.3268,0.3575,,1.032,1.007,,,,2.731,110.4243
2016-10-12,2.8219,5.5856,,1.699,0.3268,0.3577,,1.029,1.006,,,,2.725,110.4253
2016-10-13,2.8219,5.5922,,1.7068,0.3273,0.3573,,1.03,1.006,,,,2.734,110.4536
2016-10-14,2.8303,5.5815,0.9732,1.7068,0.3268,0.3575,,1.03,1.006,,,,2.724,110.5414
2016-10-17,2.8042,5.5386,,1.697,0.328,0.3587,,1.013,0.992,,,,2.734,110.637
2016-10-18,2.8395,5.6211,,1.7173,0.33,0.3585,,1.036,1.005,,,,2.74,110.6516
2016-10-19,2.8378,5.5963,,1.7179,0.3293,0.3585,,1.032,1.008,,,,2.74,110.6945
2016-10-20,2.8336,5.5996,,1.7173,0.3265,0.3575,,1.031,1.007,,,,2.761,110.8243
2016-10-21,2.8479,5.5914,0.9739,1.729,0.3285,0.3573,,1.035,1.006,,,,2.751,110.9755
2016-10-24,2.8823,5.6351,,1.7526,0.3275,0.359,,1.061,1.014,,,,2.76,110.9706
2016-10-25,2.8748,5.6557,,1.7526,0.3265,0.361,,1.054,1.012,,,,2.77,110.8643
2016-10-26,2.8664,5.6318,,1.7389,0.3262,0.3638,,1.051,1.005,,,,2.783,110.7141
2016-10-27,2.8622,5.6211,,1.7389,0.325,0.3665,,1.053,1.005,,,,2.772,110.557
2016-10-28,2.858,5.5782,0.9689,1.7336,0.3265,0.3652,,1.06,0.998,,,,2.775,110.7433
2016-10-31,2.8521,5.5584,,1.7297,0.325,0.3668,,1.06,0.995,,,,2.788,110.6838
2016-11-01,2.8697,5.6169,,1.7382,0.3265,0.3683,,1.07,0.998,,,,2.799,110.7209
2016-11-02,2.8504,5.5609,,1.7264,0.3268,0.3668,,1.064,0.994,,,,2.824,110.6331
2016-11-03,2.8723,5.5881,0.978,1.7376,0.328,0.367,,1.089,0.996,,,,2.823,110.6994
2016-11-04,2.863,5.5708,2.6597,1.7356,0.327,0.3668,,1.083,0.989,,,,2.804,110.8282
2016-11-07,2.8655,5.5749,2.6544,1.7434,0.3255,0.3665,,1.089,0.985,,,,2.792,110.7141
2016-11-08,2.8807,5.612,2.673,1.7513,0.3282,0.368,,1.091,0.991,,,,2.798,110.7072
2016-11-09,2.8697,5.5601,2.6544,1.7389,0.3265,0.3652,,1.078,0.982,,,,2.865,110.7345
2016-11-10,2.8991,5.6425,2.6916,1.7604,0.3288,0.365,,1.095,0.994,,,,2.813,110.6731
2016-11-11,2.9243,5.687,2.6996,1.7716,0.3275,0.3658,,1.133,0.998,,,,2.769,110.6897
2016-11-14,2.9285,5.6985,2.7022,1.7755,0.325,0.366,,1.142,1.005,,,,2.683,110.4087
2016-11-15,2.9252,5.7191,2.7235,1.7696,0.3257,0.365,,1.132,1.005,,,,2.709,110.1444
2016-11-16,2.926,5.7249,2.7209,1.7735,0.327,0.3658,,1.14,1.003,,,,2.722,110.157
2016-11-17,2.9327,5.7257,2.7129,1.7761,0.327,0.3647,,1.136,1.007,,,,2.716,109.9668
2016-11-18,2.9227,5.6994,2.7049,1.7709,0.3295,0.366,,1.119,1.003,,,,2.687,109.7454
2016-11-21,2.9361,5.6985,2.7129,1.7873,0.3275,0.3658,,1.119,1.004,,,,2.709,109.8166
2016-11-22,2.9655,5.7496,2.7342,1.8049,0.3285,0.3658,,1.135,1.008,,,,2.715,109.9327
2016-11-23,2.9705,5.7142,2.7209,1.8082,0.3268,0.3658,,1.126,1.011,,,,2.717,109.999
2016-11-24,2.9789,5.7035,2.6969,1.8121,0.33,0.3665,,1.137,1.0,,,,2.684,109.7971
2016-11-25,3.0117,5.7315,2.6943,1.8318,0.3322,0.3702,,1.141,1.007,,,,2.662,109.5464
2016-11-28,3.0251,5.7472,2.6996,1.8448,0.3305,0.3715,,1.136,1.008,,,,2.678,109.5669
2016-11-29,3.0486,5.7142,2.681,1.8527,0.3363,0.3775,,1.139,1.014,,,,2.666,108.9689
2016-11-30,3.0209,5.6796,2.6677,1.8291,0.3325,0.3745,,1.13,1.005,,,,2.652,108.9582
2016-12-01,3.0495,5.7125,2.6703,1.8501,0.336,0.3765,,1.141,1.017,,,,2.64,108.9416
2016-12-02,3.0159,5.6219,2.6517,1.837,0.3302,0.3722,,1.119,1.003,,,,2.638,108.9679
2016-12-05,2.9554,5.5848,2.6358,1.8134,0.3298,0.3663,,1.083,1.004,,,,2.629,108.9289
2016-12-06,2.9504,5.5922,2.6171,1.8089,0.3282,0.3692,,1.082,1.007,,,,2.626,108.8089
2016-12-07,2.9638,5.659,2.6464,1.8167,0.33,0.3697,,1.089,1.02,,,,2.621,108.767
2016-12-08,2.9705,5.631,2.6225,1.8213,0.3295,0.3728,,1.078,1.005,,,,2.644,108.8508
2016-12-09,2.9873,5.6161,2.6198,1.8357,0.3288,0.3735,,1.082,1.001,,,,2.643,108.805
2016-12-12,2.9084,5.3895,2.4602,1.8049,0.3228,0.371,,1.051,0.96,,,,2.63,108.0246
2016-12-13,2.9042,5.4051,2.4709,1.7938,0.3225,0.3683,,1.053,0.972,,,,2.632,107.6939
2016-12-14,2.884,5.3722,2.4549,1.784,0.3228,0.3665,,1.041,0.978,,,,2.65,107.3349
2016-12-15,2.8513,5.4059,2.4868,1.75,0.3228,0.3677,,1.037,0.987,,,,2.615,105.5351
2016-12-16,2.8513,5.4406,2.5214,1.7533,0.325,0.369,,1.037,0.984,,,,2.602,105.9828
2016-12-19,2.8429,5.4447,2.4868,1.7506,0.3347,0.3685,,1.028,0.981,,,,2.615,106.6062
2016-12-20,2.8219,5.4216,2.5081,1.7369,0.3277,0.3643,,1.03,0.975,,,,2.601,106.5077
2016-12-21,2.8529,5.4661,2.5241,1.7546,0.325,0.3645,,1.037,0.992,,,,2.595,107.1925
2016-12-22,2.8479,5.457,2.5214,1.7578,0.3275,0.3672,,1.032,0.992,,,,2.577,107.451
2016-12-23,2.8252,5.4183,2.5001,1.7395,0.3275,0.364,,1.022,0.99,,,,2.583,107.1857
2016-12-26,2.8353,5.4208,2.5108,1.7461,0.3307,0.3643,,1.033,0.992,,,,2.592,107.1876
2016-12-27,2.8311,5.4307,2.5081,1.7454,0.3275,0.3625,,1.027,0.988,,,,2.595,107.3018
2016-12-28,2.816,5.4059,2.4974,1.7376,0.3275,0.3623,,1.025,0.985,,,,2.603,107.5398
2016-12-29,2.8177,5.4027,2.4868,1.7382,0.3232,0.3605,,1.024,0.984,,,,2.616,107.97
2016-12-30,2.8202,5.401,2.4948,1.7421,0.329,0.3655,,1.027,0.978,,,,2.636,108.007
2017-01-03,2.8521,5.448,2.5108,1.7578,0.334,0.365,,1.04,1.004,,,,2.626,108.0041
2017-01-04,2.8773,5.5147,2.5453,1.7709,0.333,0.3708,,1.044,1.013,,,,2.638,107.8802
2017-01-05,2.8714,5.5123,2.5374,1.7729,0.3313,0.3692,,1.04,1.024,,,,2.636,107.9056
2017-01-06,2.8622,5.4867,2.54,1.7722,0.3293,0.3735,,1.03,1.017,,,,2.633,107.9036
2017-01-09,2.8723,5.5288,2.5506,1.7794,0.3288,0.3735,,1.031,1.048,,,,2.645,107.9514
2017-01-10,2.8647,5.5081,2.54,1.7735,0.33,0.375,,1.033,1.035,,,,2.663,107.9934
2017-01-11,2.8437,5.4645,2.5267,1.7624,0.3295,0.375,,1.031,1.036,,,,2.664,107.9495
2017-01-12,2.8294,5.3977,2.5108,1.7572,1.2886,0.375,,1.032,1.021,,,,2.671,108.0139
2017-01-13,2.8345,5.3384,2.4868,1.7631,0.325,0.3697,,1.035,1.01,,,,2.662,108.0412
2017-01-16,2.8311,5.1867,2.4177,1.7807,0.3232,0.36,,1.031,0.981,,,,2.682,107.6802
2017-01-17,2.8353,5.232,2.4336,1.7794,0.324,0.3627,,1.027,0.997,,,,2.694,107.7241
2017-01-18,2.8538,5.2353,2.431,1.7879,0.325,0.3655,,1.026,0.992,,,,2.685,107.8324
2017-01-19,2.8437,5.2172,2.407,1.7827,0.325,0.3655,,1.03,0.981,,,,2.662,108.0129
2017-01-20,2.8681,5.284,2.399,1.7951,0.3268,0.3665,,1.039,0.995,,,,2.668,108.1651
2017-01-23,2.8689,5.3351,2.4256,1.7944,0.3262,0.3717,,1.038,1.013,,,,2.681,108.4265
2017-01-24,2.8706,5.312,2.4097,1.8039,0.325,0.3692,,1.033,1.008,,,,2.677,108.166
2017-01-25,2.8792,5.3326,2.4177,1.808,0.3277,0.3715,,1.035,1.008,,,,2.651,107.9914
2017-01-26,2.8911,5.3689,2.4389,1.8107,0.3322,0.3738,,1.041,1.019,,,,2.641,108.1602
2017-02-03,2.874,5.3516,2.4336,1.7985,0.3315,0.3738,,1.031,1.023,,,,2.674,108.1124
2017-02-06,2.8732,5.3977,2.4602,1.8012,0.3345,0.3753,,1.031,1.033,,,,2.701,108.0031
2017-02-07,2.8681,5.3895,2.4655,1.8005,0.3295,0.3713,,1.026,1.023,,,,2.722,107.9836
2017-02-08,2.8877,5.4257,2.4762,1.8053,0.3313,0.372,,1.045,1.043,,,,2.722,107.9631
2017-02-09,2.8979,5.4521,2.5001,1.812,0.3307,0.375,,1.044,1.043,,,,2.74,107.89
2017-02-10,2.9133,5.4636,2.4974,1.8229,0.33,0.3755,,1.05,1.036,,,,2.712,107.5973
2017-02-13,2.9287,5.4851,2.5081,1.8296,0.33,0.3803,,1.058,1.037,,,,2.719,107.6685
2017-02-14,2.9321,5.4892,2.5054,1.8269,0.3288,0.3765,,1.056,1.034,,,,2.72,107.6822
2017-02-15,2.9218,5.4381,2.4895,1.8303,0.3295,0.3753,,1.049,1.02,,,,2.707,107.8909
2017-02-16,2.9346,5.4735,2.5028,1.8384,0.3288,0.3733,,1.059,1.025,,,,2.725,108.1143
2017-02-17,2.9176,5.4356,2.4868,1.8262,0.3282,0.3775,,1.059,1.031,,,,2.737,108.0675
2017-02-20,2.9654,5.5065,2.5081,1.8506,0.3318,0.3825,,1.067,1.038,,,,2.73,108.0041
2017-02-21,2.9654,5.5494,2.5347,1.8547,0.3318,0.389,,1.072,1.041,,,,2.736,108.0548
2017-02-22,2.9748,5.5749,2.5347,1.8641,0.333,0.393,,1.069,1.037,,,,2.735,108.1836
2017-02-23,2.962,5.5832,2.54,1.8553,0.3332,0.3968,,1.059,1.031,,,,2.739,108.3504
2017-02-24,2.9594,5.5848,2.5506,1.8533,0.3355,0.3925,,1.063,1.041,,,,2.775,108.207
2017-02-27,2.9363,5.5386,2.532,1.8418,0.3345,0.3905,,1.052,1.032,,,,2.784,108.2928
2017-02-28,2.9406,5.5576,2.5347,1.8472,0.3332,0.39,,1.052,1.035,,,,2.774,108.4089
2017-03-01,2.944,5.5757,2.5427,1.8479,0.3332,0.3905,,1.052,1.044,,,,2.755,108.4363
2017-03-02,2.9338,5.5494,2.5267,1.8371,0.3335,0.3875,,1.051,1.037,,,,2.758,108.246
2017-03-03,2.9227,5.5609,2.5427,1.835,0.3282,0.389,,1.042,1.043,,,,2.737,108.3007
2017-03-06,2.9372,5.6137,2.5719,1.8411,0.33,0.39,,1.051,1.057,,,,2.739,108.2041
2017-03-07,2.9415,5.6285,2.5746,1.8391,0.333,0.392,,1.05,1.054,,,,2.729,108.2255
2017-03-08,2.9449,5.6079,2.5639,1.8357,0.3332,0.3898,,1.047,1.057,,,,2.717,108.2333
2017-03-09,2.9184,5.5411,2.548,1.8229,0.3313,0.3885,,1.043,1.046,,,,2.708,108.1641
2017-03-10,2.921,5.5584,2.5506,1.8229,0.3327,0.39,,1.039,1.04,,,,2.69,107.8909
2017-03-13,2.9526,5.6186,2.5799,1.8405,0.3338,0.393,,1.042,1.049,,,,2.718,107.7514
2017-03-14,2.9457,5.5922,2.5639,1.8432,0.3347,0.3907,,1.041,1.048,,,,2.709,107.9485
2017-03-15,2.9509,5.5873,2.5613,1.8465,0.3402,0.3923,,1.042,1.041,,,,2.709,107.8461
2017-03-16,2.9688,5.6376,2.5932,1.8526,0.3388,0.394,,1.063,1.05,,,,2.75,108.166
2017-03-17,2.9355,5.5815,2.5719,1.833,0.3397,0.3943,,1.044,1.042,,,,2.754,108.1865
2017-03-20,2.9372,5.5996,2.5799,1.8459,0.3438,0.3945,,1.037,1.041,,,,2.766,108.2216
2017-03-21,2.9577,5.6235,2.5879,1.8513,0.3487,0.4038,,1.032,1.04,,,,2.751,108.0665
2017-03-22,2.9423,5.6029,2.5746,1.8371,0.36,0.4038,,1.017,1.029,,,,2.776,108.0587
2017-03-23,2.9509,5.6145,2.5719,1.8384,0.3553,0.4067,,1.02,1.036,,,,2.779,108.1056
2017-03-24,2.979,5.6499,2.5799,1.858,0.358,0.4087,,1.035,1.041,,,,2.773,108.3133
2017-03-27,2.9654,5.6161,2.5746,1.8614,0.3532,0.412,,1.033,1.047,,,,2.8,108.368
2017-03-28,2.9611,5.6038,2.5693,1.8526,0.3535,0.4125,,1.028,1.043,,,,2.793,108.2021
2017-03-29,2.9551,5.5848,2.5453,1.8513,0.3548,0.4075,,1.019,1.043,,,,2.786,108.2138
2017-03-30,2.927,5.5007,2.4974,1.8472,0.3537,0.4087,,1.016,1.024,,,,2.784,107.9163
2017-03-31,2.9483,5.5115,2.5028,1.8614,0.358,0.4115,,1.016,1.044,,,,2.761,108.1085
2017-04-05,2.997,5.6532,2.5639,1.8831,0.3587,0.4137,,1.031,1.058,,,,2.792,108.0958
2017-04-06,2.9935,5.6516,2.5666,1.8858,0.3702,0.411,,1.03,1.057,,,,2.794,108.1817
2017-04-07,2.9995,5.6614,2.5666,1.8892,0.3675,0.4055,,1.033,1.07,,,,2.819,108.2236
2017-04-10,2.9918,5.6557,2.54,1.8878,0.3587,0.4038,,1.024,1.072,,,,2.808,108.2694
2017-04-11,2.9995,5.7191,2.5586,1.8892,0.3557,0.4058,,1.024,1.118,,,,2.814,108.208
2017-04-12,2.9884,5.6746,2.5427,1.8811,0.3545,0.4055,,1.031,1.104,,,,2.842,108.1826
2017-04-13,2.9995,5.7076,2.5506,1.8865,0.3575,0.4075,,1.028,1.095,,,,2.853,108.1992
2017-04-14,2.9748,5.6318,2.5214,1.8702,0.355,0.407,,1.019,1.084,,,,2.859,108.2226
2017-04-17,2.9645,5.5683,2.4762,1.8635,0.352,0.4,,1.018,1.053,,,,2.852,107.9856
2017-04-18,2.9577,5.5428,2.4602,1.854,0.355,0.4045,,1.007,1.044,,,,2.843,107.8909
2017-04-19,2.9346,5.4777,2.4283,1.8418,0.3565,0.4045,,0.999,1.028,,,,2.841,107.7505
2017-04-20,2.9509,5.4752,2.4123,1.8472,0.363,0.4112,,0.998,1.025,,,,2.836,107.6841
2017-04-21,2.9534,5.4414,2.4123,1.8601,0.3613,0.4103,,1.005,1.015,,,,2.827,107.5729
2017-04-24,2.9218,5.2947,2.3937,1.8445,0.3605,0.4045,,1.003,0.988,,,,2.805,107.3388
2017-04-25,2.9312,5.3112,2.3432,1.8493,0.3598,0.4087,,0.997,0.997,,,,2.807,107.372
2017-04-26,2.9381,5.3211,2.3485,1.8513,0.3593,0.4105,,1.001,0.987,,,,2.794,107.3866
2017-04-27,2.9398,5.34,2.3565,1.8499,0.3598,0.41,,0.998,0.979,,,,2.802,107.2539
2017-04-28,2.9287,5.3581,2.3724,1.8405,0.3568,0.406,,0.999,0.987,,,,2.812,107.2949
2017-05-02,2.9244,5.3524,2.3724,1.8303,0.353,0.4058,,0.992,0.979,,,,2.788,107.3544
2017-05-03,2.9099,5.3483,2.3698,1.8215,0.3565,0.4033,,0.985,0.981,,,,2.788,107.2169
2017-05-04,2.8988,5.3227,2.3618,1.8168,0.352,0.403,,0.977,0.965,,,,2.745,106.9037
2017-05-05,2.88,5.2617,2.3325,1.8127,0.3587,0.399,,0.96,0.939,,,,2.747,106.7915
2017-05-08,2.8553,5.1645,2.2873,1.8127,0.355,0.397,,0.958,0.903,,,,2.738,106.5252
2017-05-09,2.8578,5.1842,2.298,1.8154,0.3525,0.3947,,0.956,0.911,,,,2.741,106.5545
2017-05-10,2.8476,5.087,2.2581,1.8032,0.3525,0.3955,,0.949,0.882,,,,2.726,106.1565
2017-05-11,2.8621,5.0721,2.2341,1.812,0.3525,0.3935,,0.95,0.876,,,,2.731,106.2755
2017-05-12,2.8851,5.0581,2.2341,1.8303,0.3537,0.3988,,0.96,0.871,,,,2.739,106.2326
2017-05-15,2.8971,5.0837,2.2368,1.8411,0.3593,0.3988,,0.965,0.877,,,,2.75,106.3623
2017-05-16,2.9312,5.19,2.2873,1.8472,0.3618,0.4075,,0.97,0.889,,,,2.757,106.2141
2017-05-17,2.9116,5.204,2.2927,1.8425,0.3623,0.4055,,0.968,0.897,,,,2.768,106.1399
2017-05-18,2.8988,5.1554,2.2794,1.8317,0.363,0.4045,,0.96,0.885,,,,2.791,106.3194
2017-05-19,2.9039,5.1537,2.274,1.835,0.3618,0.408,,0.956,0.88,,,,2.784,105.977
2017-05-22,2.9065,5.0779,2.2368,1.8337,0.3647,0.408,,0.942,0.868,,,,2.79,105.8775
2017-05-23,2.9193,4.9864,2.1677,1.8493,0.3685,0.4112,,0.945,0.832,,,,2.803,105.8521
2017-05-24,2.9193,5.0079,2.1783,1.8472,0.3665,0.4105,,0.949,0.839,,,,2.772,106.0463
2017-05-25,2.9816,5.0458,2.1942,1.8811,0.3663,0.412,,0.987,0.844,,,,2.784,106.5252
2017-05-26,2.9765,5.0499,2.2022,1.8858,0.364,0.4132,,0.984,0.845,,,,2.788,106.3779
2017-05-31,2.9782,5.0219,2.2075,1.8946,0.365,0.4115,,0.99,0.845,,,,2.775,106.5584
2017-06-01,2.985,4.932,2.1304,1.8993,0.3665,0.4115,,0.985,0.824,,,,2.777,106.8306
2017-06-02,2.9773,4.9873,2.1597,1.9,0.3672,0.4115,,0.987,0.835,,,,2.771,107.0413
2017-06-05,2.9577,5.0169,2.1756,1.8838,0.3627,0.41,,0.982,0.843,,,,2.805,107.132
2017-06-06,2.9807,5.04,2.1836,1.8892,0.3658,0.4115,,0.986,0.853,,,,2.822,107.0423
2017-06-07,3.0217,5.1496,2.2368,1.9061,0.3695,0.4185,,0.995,0.863,,,,2.823,106.9603
2017-06-08,3.043,5.1471,2.2315,1.9271,0.3753,0.425,,0.994,0.861,,,,2.806,106.8735
2017-06-09,3.0618,5.1653,2.2368,1.9298,0.3787,0.429,,0.99,0.863,,,,2.78,107.0032
2017-06-12,3.0558,5.1018,2.1996,1.9332,0.3865,0.4347,,0.977,0.849,,,,2.77,107.1622
2017-06-13,3.0618,5.1743,2.2368,1.9386,0.3873,0.4375,,0.982,0.854,,,,2.775,107.2032
2017-06-14,3.0311,5.157,2.2341,1.9142,0.3857,0.4378,,0.983,0.861,,,,2.782,107.3086
2017-06-15,3.0209,5.2032,2.2714,1.9041,0.3825,0.4327,,0.993,0.87,,,,2.759,107.411
2017-06-16,3.0157,5.1999,2.2714,1.8973,0.3808,0.429,,0.99,0.874,,,,2.755,107.2676
2017-06-19,3.0499,5.2378,2.282,1.9088,0.3825,0.432,,1.008,0.892,,,,2.753,107.4198
2017-06-20,3.0405,5.2535,2.2767,1.9014,0.3828,0.4355,,1.007,0.891,,,,2.743,107.4793
2017-06-21,3.0789,5.2625,2.2794,1.923,0.3805,0.4395,,1.008,0.892,,,,2.745,107.3018
2017-06-22,3.0823,5.1875,2.2395,1.9291,0.375,0.4387,,1.009,0.875,,,,2.76,107.1291
2017-06-23,3.1122,5.2032,2.2474,1.9433,0.3785,0.438,,1.007,0.878,,,,2.764,107.1271
2017-06-26,3.1506,5.298,2.274,1.9595,0.3853,0.445,,1.02,0.886,,,,2.764,107.2042
2017-06-27,3.1523,5.284,2.2687,1.9602,0.3842,0.4498,,1.018,0.891,,,,2.751,107.3915
2017-06-28,3.131,5.2675,2.2581,1.9548,0.386,0.4487,,1.014,0.88,,,,2.747,107.3456
2017-06-29,3.1497,5.2988,2.2661,1.9643,0.3815,0.45,,1.012,0.885,,,,2.74,107.2198
2017-06-30,3.1446,5.3153,2.274,1.9697,0.3815,0.4487,,1.011,0.883,,,,2.714,107.0403
2017-07-03,3.131,5.3507,2.2953,1.971,0.383,0.4507,,1.007,0.887,,,,2.707,107.1291
2017-07-04,3.1054,5.3285,2.2847,1.9616,0.3775,0.4435,,0.998,0.891,,,,2.689,107.1964
2017-07-05,3.1455,5.3614,2.306,1.9731,0.3795,0.4475,,1.006,0.897,,,,2.688,107.1135
2017-07-06,3.1429,5.3614,2.3166,1.9812,0.3798,0.4493,,1.004,0.896,,,,2.694,107.2978
2017-07-07,3.1412,5.3952,2.3166,1.9886,0.3792,0.4457,,1.017,0.904,,,,2.686,107.2851
2017-07-10,3.1446,5.3771,2.3033,1.988,0.3787,0.4423,,1.024,0.904,,,,2.658,107.1661
2017-07-11,3.1702,5.3178,2.274,1.9995,0.3778,0.441,,1.028,0.896,,,,2.667,107.2179
2017-07-12,3.1515,5.3103,2.2714,1.988,0.3767,0.439,,1.022,0.885,,,,2.676,107.214
2017-07-13,3.1839,5.3161,2.2714,2.0049,0.3715,0.437,,1.041,0.892,,,,2.684,107.1271
2017-07-14,3.2052,5.3021,2.2661,2.0245,0.3692,0.4333,,1.041,0.888,,,,2.675,107.0988
2017-07-17,3.1617,5.0944,2.1411,2.013,0.3722,0.4275,,1.011,0.836,,,,2.695,107.1476
2017-07-18,3.1634,5.1406,2.1677,2.013,0.3658,0.4288,1.0046,1.002,0.84,,,,2.708,106.8735
2017-07-19,3.2291,5.2559,2.1942,2.0326,0.367,0.4335,1.0051,1.065,0.847,,,,2.709,106.9467
2017-07-20,3.2445,5.2807,2.2049,2.0428,0.372,0.4363,1.0053,1.061,0.85,,,,2.708,107.0208
2017-07-21,3.2283,5.2996,2.2049,2.0434,0.3717,0.4375,1.0048,1.054,0.858,,,,2.724,107.0559
2017-07-24,3.2445,5.3408,2.2208,2.0529,0.3728,0.4482,1.0055,1.055,0.872,,,,2.727,107.0003
2017-07-25,3.2197,5.3392,2.2208,2.0434,0.372,0.4462,1.0067,1.044,0.867,,,,2.733,106.9545
2017-07-26,3.2018,5.3293,2.2182,2.0333,0.3677,0.4387,1.0073,1.048,0.87,,,,2.71,106.9584
2017-07-27,3.2112,5.3631,2.2554,2.0333,0.3697,0.4375,1.0069,1.056,0.88,,,,2.739,106.9857
2017-07-28,3.2232,5.3928,2.2581,2.0319,0.3697,0.4455,1.0077,1.049,0.871,,,,2.735,106.9896
2017-07-31,3.2351,5.4669,2.274,2.0347,0.3745,0.4465,1.0064,1.055,0.864,,,,2.742,106.9935
2017-08-01,3.2607,5.4521,2.274,2.0475,0.3747,0.4482,1.0127,1.068,0.86,,,,2.745,107.0754
2017-08-02,3.2607,5.4274,2.2581,2.0434,0.3717,0.4493,1.0184,1.075,0.843,,,,2.742,107.0803
2017-08-03,3.2283,5.4298,2.2661,2.0279,0.3675,0.446,0.999,1.071,0.847,,,0.9789,2.731,107.0813
2017-08-04,3.2086,5.3985,2.2554,2.0198,0.3675,0.4433,0.999,1.074,0.89,,,0.9789,2.748,107.2012
2017-08-07,3.2283,5.4752,2.2767,2.0259,0.3613,0.4515,0.995,1.06,0.885,,,,2.725,107.1778
2017-08-08,3.2291,5.4694,2.2847,2.0164,0.3658,0.4538,0.993,1.064,0.888,,,,2.72,107.0715
2017-08-09,3.2266,5.5057,2.29,2.013,0.3672,0.4658,0.98,1.052,0.881,,,,2.727,107.0754
2017-08-10,3.2197,5.4604,2.274,2.0076,0.367,0.4675,0.976,1.054,0.884,,,,2.749,107.0871
2017-08-11,3.1583,5.3581,2.2368,1.9758,0.364,0.4525,0.963,1.025,0.883,,,0.9789,2.763,107.174
2017-08-14,3.1975,5.4669,2.3139,1.9846,0.3695,0.4663,0.964,1.042,0.891,,,,2.76,107.2218
2017-08-15,3.2061,5.4702,2.298,1.9961,0.3677,0.471,0.973,1.038,0.893,,,,2.74,107.4022
2017-08-16,3.201,5.4768,2.3113,1.9913,0.3655,0.4775,0.968,1.039,0.904,,,,2.733,107.1505
2017-08-17,3.2257,5.5312,2.3299,2.0008,0.3668,0.472,0.969,1.048,0.915,,,,2.76,107.251
2017-08-18,3.2274,5.5073,2.3166,2.0035,0.3652,0.4683,0.97,1.039,0.906,,,0.9789,2.763,107.2695
2017-08-21,3.2411,5.5609,2.3352,2.0096,0.367,0.4725,0.97,1.042,0.906,,,,2.752,107.2315
2017-08-22,3.2462,5.5386,2.3193,2.0116,0.3663,0.4695,0.975,1.042,0.893,,,,2.749,107.2344
2017-08-23,3.2547,5.4958,2.306,2.0191,0.3665,0.468,0.987,1.05,0.896,,,,2.75,107.3056
2017-08-24,3.2377,5.4554,2.2927,2.015,0.364,0.4647,0.989,1.036,0.89,,,,2.751,107.2988
2017-08-25,3.294,5.5131,2.3166,2.0489,0.367,0.4672,1.018,1.065,0.898,,,0.9789,2.749,107.3232
2017-08-28,3.3316,5.5757,2.3325,2.055,0.3677,0.4663,1.026,1.127,0.906,,,,2.762,107.292
2017-08-29,3.3247,5.5568,2.3325,2.0563,0.3675,0.4667,1.026,1.115,0.891,,,,2.792,107.2695
2017-08-30,3.3213,5.5955,2.3432,2.0516,0.367,0.4685,1.017,1.116,0.895,,,,2.76,107.2432
2017-08-31,3.3153,5.6145,2.3512,2.0401,0.3675,0.4672,1.009,1.129,0.895,,,0.9933,2.756,107.1993
2017-09-01,3.3196,5.6722,2.3724,2.0394,0.3672,0.468,1.004,1.136,0.899,,,1.0142,2.775,107.2578
2017-09-04,3.3316,5.6952,2.3884,2.0421,0.3708,0.4683,1.01,1.133,0.912,,,1.0337,2.796,107.2998
2017-09-05,3.3435,5.6994,2.3804,2.0475,0.372,0.4737,1.018,1.131,0.909,,,1.0328,2.792,107.2305
2017-09-06,3.3333,5.7307,2.4017,2.0455,0.3697,0.4708,1.012,1.125,0.918,,,1.0416,2.795,107.2998
2017-09-07,3.3188,5.6887,2.3911,2.0387,0.37,0.4683,1.002,1.114,0.909,,,1.024,2.786,107.3476
2017-09-08,3.3153,5.7068,2.3964,2.0401,0.371,0.4665,1.003,1.107,0.908,,,1.0357,2.794,107.4529
2017-09-11,3.3205,5.776,2.4256,2.0428,0.3697,0.4685,1.003,1.11,0.912,,,1.068,2.781,107.4695
2017-09-12,3.329,5.7628,2.4203,2.0468,0.3683,0.4675,1.004,1.12,0.909,,,1.069,2.769,107.4461
2017-09-13,3.3316,5.8016,2.4256,2.0462,0.37,0.471,1.002,1.117,0.911,,,1.0651,2.773,107.3486
2017-09-14,3.3205,5.7892,2.415,2.034,0.3685,0.4708,0.992,1.115,0.906,,,1.0474,2.768,107.4149
2017-09-15,3.3256,5.7447,2.4123,2.0279,0.3688,0.4745,0.991,1.118,0.916,,,1.021,2.78,107.3934
2017-09-18,3.3384,5.7991,2.431,2.0367,0.3713,0.4845,0.991,1.131,0.919,,,1.0259,2.758,107.3193
2017-09-19,3.317,5.7496,2.423,2.0326,0.3705,0.482,0.988,1.114,0.913,,,1.02,2.759,107.3261
2017-09-20,3.3324,5.809,2.4416,2.0434,0.3705,0.4843,0.989,1.116,0.925,,,1.0445,2.762,107.2022
2017-09-21,3.3333,5.7414,2.4123,2.0495,0.3675,0.4843,0.994,1.114,0.917,,,1.0171,2.733,107.1652
2017-09-22,3.3239,5.6985,2.407,2.0522,0.369,0.496,0.994,1.11,0.914,,,1.0005,2.738,107.1964
2017-09-25,3.3102,5.6293,2.3698,2.0502,0.3692,0.502,0.997,1.102,0.912,,,0.9819,2.734,107.251
2017-09-26,3.3119,5.654,2.3724,2.0475,0.3692,0.5002,0.993,1.103,0.914,,,0.9916,2.772,107.2715
2017-09-27,3.3145,5.7051,2.3937,2.0502,0.3695,0.5002,0.986,1.101,0.921,,,1.0073,2.748,107.1935
2017-09-28,3.3196,5.7068,2.3804,2.0475,0.3753,0.4992,0.982,1.1,0.925,,,0.9995,2.732,107.2159
2017-09-29,3.3307,5.7414,2.4044,2.0543,0.38,0.505,0.987,1.112,0.933,,,1.0024,2.742,107.1788
2017-10-09,3.3657,5.8016,2.4363,2.0692,0.384,0.5073,1.0,1.112,0.933,,,1.0073,2.729,107.1593
2017-10-10,3.37,5.8205,2.4576,2.0637,0.385,0.514,1.002,1.111,0.937,,,0.9965,2.73,107.1886
2017-10-11,3.3828,5.7884,2.4469,2.0719,0.3902,0.5343,1.004,1.104,0.931,,,0.9809,2.724,107.2012
2017-10-12,3.3973,5.7777,2.4389,2.0759,0.3947,0.5362,1.005,1.1,0.945,,,0.974,2.734,107.174
2017-10-13,3.4041,5.823,2.4469,2.0766,0.3975,0.5353,1.003,1.104,0.941,,,0.977,2.734,107.1661
2017-10-16,3.3922,5.7389,2.399,2.0739,0.3925,0.5297,1.009,1.096,0.939,,,0.9858,2.748,107.0939
2017-10-17,3.3905,5.7299,2.399,2.0712,0.395,0.5225,1.008,1.086,0.931,,,0.9652,2.735,107.0862
2017-10-18,3.4109,5.701,2.3778,2.0813,0.4027,0.5257,1.012,1.085,0.928,,,0.9505,2.729,106.931
2017-10-19,3.4016,5.6433,2.3591,2.0861,0.4072,0.5387,1.011,1.065,0.91,,,0.9486,2.724,107.013
2017-10-20,3.3998,5.7002,2.3804,2.0928,0.407,0.5343,1.008,1.067,0.917,,,0.9662,2.723,107.0276
2017-10-23,3.4101,5.7389,2.3937,2.0901,0.4087,0.5368,1.001,1.062,0.917,,,0.9642,2.713,106.974
2017-10-24,3.4323,5.7332,2.3778,2.1016,0.4087,0.5387,1.003,1.071,0.908,,,0.9682,2.723,106.9671
2017-10-25,3.4434,5.7653,2.3911,2.105,0.4145,0.537,1.002,1.072,0.91,,,0.9652,2.712,106.9301
2017-10-26,3.4681,5.7752,2.407,2.1003,0.4205,0.55,0.994,1.076,0.917,,,0.975,2.723,106.8267
2017-10-27,3.4852,5.7628,2.3911,2.1104,0.42,0.5688,1.01,1.066,0.909,,,0.9613,2.706,106.6725
2017-10-30,3.4698,5.645,2.3325,2.1057,0.4175,0.5558,1.006,1.041,0.886,,,0.9427,2.711,106.4599
2017-10-31,3.4673,5.6862,2.3458,2.0976,0.415,0.551,0.999,1.035,0.888,,,0.9544,2.718,106.5974
2017-11-01,3.4553,5.6722,2.3485,2.0807,0.4162,0.5497,0.993,1.029,0.89,,,0.9574,2.711,106.5808
2017-11-02,3.4613,5.6161,2.3272,2.0786,0.412,0.5462,0.991,1.033,0.882,,,0.9496,2.712,106.5389
2017-11-03,3.4519,5.5667,2.306,2.0725,0.4123,0.5535,0.993,1.031,0.878,,,0.9339,2.713,106.3331
2017-11-06,3.4826,5.6441,2.3246,2.0807,0.4367,0.5665,0.984,1.03,0.888,,,0.9349,2.707,106.4267
2017-11-07,3.5168,5.6771,2.3379,2.0928,0.4293,0.5807,0.995,1.044,0.904,,,0.9417,2.719,106.5292
2017-11-08,3.5091,5.6878,2.3458,2.0983,0.426,0.596,0.996,1.062,0.903,,,0.9456,2.72,106.6872
2017-11-09,3.5356,5.7348,2.3565,2.1091,0.4193,0.5725,0.996,1.064,0.907,,,0.9437,2.729,106.6735
2017-11-10,3.5671,5.7529,2.3671,2.1219,0.423,0.574,0.991,1.066,0.905,,,0.9398,2.735,106.8374
2017-11-13,3.5748,5.7785,2.3698,2.1375,0.421,0.5748,1.005,1.06,0.901,,,0.9378,2.724,106.5321
2017-11-14,3.5475,5.7365,2.3512,2.1267,0.4153,0.5667,1.0,1.05,0.908,,,0.929,2.719,106.4062
2017-11-15,3.5219,5.6664,2.3352,2.1138,0.4145,0.5702,1.0,1.046,0.896,,,0.8996,2.724,106.456
2017-11-16,3.5552,5.6812,2.3299,2.1131,0.4212,0.585,0.993,1.028,0.892,,,0.8908,2.719,106.575
2017-11-17,3.5595,5.5304,2.1863,2.1368,0.4207,0.5773,1.021,1.036,0.858,,,0.8742,2.728,106.6111
2017-11-20,3.5876,5.5724,2.2581,2.1524,0.4207,0.5767,1.037,1.021,0.862,,,0.883,2.742,106.5165
2017-11-21,3.6585,5.5955,2.2554,2.17,0.4235,0.58,1.043,1.062,0.864,,,0.8791,2.726,106.4706
2017-11-22,3.6576,5.5716,2.2554,2.1795,0.4238,0.5745,1.065,1.065,0.886,,,0.8859,2.726,106.2755
2017-11-23,3.5415,5.4331,2.2075,2.1348,0.4055,0.5598,1.048,1.04,0.867,,,0.881,2.728,106.1682
2017-11-24,3.545,5.4439,2.2129,2.1314,0.4027,0.5505,1.057,1.042,0.863,,,0.8996,2.732,106.2511
2017-11-27,3.4878,5.3713,2.1863,2.1118,0.4017,0.543,1.045,1.04,0.854,,,0.88,2.731,106.3789
2017-11-28,3.504,5.4562,2.2235,2.1064,0.4015,0.547,1.033,1.043,0.863,,,0.8928,2.736,106.4452
2017-11-29,3.5006,5.4735,2.2262,2.1057,0.4,0.537,1.033,1.041,0.859,,,0.9114,2.738,106.5652
2017-11-30,3.4605,5.4364,2.2182,2.0928,0.3965,0.5318,1.03,1.039,0.857,,,0.9035,2.72,106.5204
2017-12-01,3.463,5.4735,2.2341,2.0908,0.397,0.5328,1.025,1.036,0.865,,,0.9006,2.702,106.6472
2017-12-04,3.4775,5.4422,2.2075,2.0901,0.399,0.5428,1.026,1.026,0.855,,,0.9006,2.7,106.7915
2017-12-05,3.4989,5.3235,2.157,2.1138,0.399,0.5387,1.043,1.036,0.841,,,0.8712,2.702,106.9252
2017-12-06,3.4724,5.3474,2.1783,2.0949,0.3965,0.5395,1.032,1.037,0.852,,,0.8673,2.686,106.2189
2017-12-07,3.4331,5.3153,2.1756,2.078,0.3943,0.528,1.023,1.022,0.865,,,0.8673,2.668,106.7711
2017-12-08,3.4664,5.3738,2.1836,2.0752,0.3943,0.5415,1.022,1.021,0.866,,,0.8732,2.651,106.692
2017-12-11,3.5236,5.4529,2.2129,2.0955,0.409,0.5642,1.025,1.023,0.875,,,0.8859,2.653,106.6735
2017-12-12,3.4681,5.4059,2.1863,2.0671,0.4062,0.5623,1.012,1.004,0.865,,,0.883,2.649,106.6228
2017-12-13,3.4929,5.4529,2.2075,2.0759,0.41,0.5775,1.015,1.006,0.871,,,0.884,2.65,106.6335
2017-12-14,3.4818,5.4653,2.2129,2.0678,0.4098,0.5788,1.012,0.991,0.876,,,0.882,2.674,106.6647
2017-12-15,3.4357,5.4216,2.2075,2.0516,0.404,0.5813,0.999,0.982,0.875,,,0.8781,2.673,106.6901
2017-12-18,3.4366,5.3804,2.1916,2.0543,0.405,0.5745,1.004,0.977,0.867,,,0.88,2.674,106.7564
2017-12-19,3.4818,5.4224,2.2049,2.0712,0.4085,0.5763,1.018,0.98,0.869,,,0.8791,2.686,106.8433
2017-12-20,3.4741,5.3812,2.1836,2.0719,0.4087,0.5875,1.015,0.967,0.859,,,0.8654,2.68,106.8374
2017-12-21,3.5168,5.4117,2.1836,2.0766,0.4145,0.589,1.019,0.973,0.863,,,0.8712,2.676,106.8198
2017-12-22,3.5006,5.4117,2.181,2.0752,0.4165,0.59,1.014,0.964,0.855,,,0.882,2.678,106.8608
2017-12-25,3.4844,5.3623,2.1544,2.0773,0.4173,0.5957,1.011,0.951,0.834,,,0.8771,2.693,106.8881
2017-12-26,3.4946,5.3977,2.173,2.0901,0.415,0.5995,1.022,0.957,0.84,,,0.883,2.677,106.9067
2017-12-27,3.4366,5.3483,2.1677,2.0773,0.4108,0.5813,1.013,0.947,0.835,,,0.8918,2.691,106.9203
2017-12-28,3.4681,5.3763,2.165,2.0881,0.4103,0.5888,1.012,0.953,0.837,,,0.9261,2.692,106.5233
2017-12-29,3.4792,5.4307,2.1863,2.0989,0.4123,0.583,1.017,0.953,0.842,,,0.9221,2.708,106.7067
2018-01-02,3.5304,5.5032,2.2102,2.1294,0.4108,0.5872,1.029,0.966,0.849,,,0.928,2.723,106.8374
2018-01-03,3.5492,5.5386,2.2288,2.1395,0.4137,0.5932,1.031,0.981,0.857,,,0.9378,2.733,106.8803
2018-01-04,3.5603,5.5601,2.2288,2.1402,0.4145,0.6045,1.03,0.98,0.856,,,0.9515,2.719,106.8998
2018-01-05,3.574,5.57,2.2315,2.1619,0.4142,0.6053,1.033,0.983,0.851,,,0.9437,2.728,106.9086
2018-01-08,3.5885,5.5955,2.2341,2.1767,0.4178,0.6127,1.03,1.004,0.85,,,0.9642,2.73,106.9701
2018-01-09,3.6175,5.5906,2.2315,2.1761,0.428,0.6267,1.029,0.996,0.85,,,0.9642,2.736,106.9906
2018-01-10,3.6329,5.5626,2.2208,2.1828,0.428,0.6325,1.053,0.993,0.84,,,0.9525,2.729,106.9827
2018-01-11,3.6278,5.5757,2.2341,2.1774,0.4263,0.6288,1.053,0.989,0.846,,,0.9574,2.734,106.8872
2018-01-12,3.6474,5.5477,2.2235,2.1828,0.4285,0.6367,1.058,0.986,0.836,,,0.9515,2.774,106.9808
2018-01-15,3.6406,5.429,2.1623,2.1795,0.428,0.6338,1.078,0.97,0.803,,,0.9163,2.783,106.8589
2018-01-16,3.6773,5.4579,2.1677,2.195,0.432,0.6442,1.082,0.991,0.799,,,0.9241,2.781,106.8618
2018-01-17,3.6662,5.4266,2.165,2.2018,0.4293,0.6407,1.092,1.027,0.804,,,0.9094,2.774,106.8481
2018-01-18,3.6901,5.4472,2.165,2.2207,0.425,0.638,1.114,1.033,0.803,,,0.9104,2.759,106.734
2018-01-19,3.7003,5.4315,2.157,2.2316,0.425,0.6195,1.13,1.061,0.812,,,0.9153,2.751,106.8735
2018-01-22,3.7473,5.5007,2.1889,2.2458,0.4322,0.6385,1.115,1.057,0.816,,,0.9261,2.754,106.9593
2018-01-23,3.7852,5.5081,2.1863,2.28,0.4315,0.6417,1.15,1.061,0.816,,,0.9388,2.762,106.9993
2018-01-24,3.7878,5.5502,2.2129,2.287,0.4342,0.6348,1.155,1.099,0.826,,,0.9329,2.774,107.1252
2018-01-25,3.7636,5.5419,2.2075,2.2772,0.4285,0.6302,1.146,1.077,0.836,,,0.9437,2.784,107.2159
2018-01-26,3.7826,5.5469,2.2022,2.3024,0.431,0.6315,1.15,1.078,0.83,,,0.9339,2.767,107.2442
2018-01-29,3.711,5.4752,2.1783,2.28,0.42,0.6148,1.142,1.06,0.816,,,0.9339,2.754,107.2978
2018-01-30,3.6731,5.4744,2.173,2.2584,0.4165,0.6065,1.12,1.046,0.818,,,0.929,2.731,107.292
2018-01-31,3.6843,5.3581,2.1198,2.2563,0.417,0.6173,1.141,1.023,0.796,,,0.9212,2.735,107.1544
2018-02-01,3.6584,5.1974,2.0373,2.2542,0.4125,0.6093,1.153,1.013,0.768,,,0.8898,2.729,107.1769
2018-02-02,3.6808,5.195,2.024,2.2758,0.4135,0.6065,1.146,1.01,0.769,,,0.9133,2.731,107.2276
2018-02-05,3.6774,5.1859,2.0187,2.3108,0.4085,0.5907,1.187,1.014,0.764,,,0.9075,2.705,107.3018
2018-02-06,3.5739,4.951,1.923,2.2493,0.3972,0.565,1.166,0.967,0.718,,,0.8712,2.726,107.2881
2018-02-07,3.4893,4.9568,1.923,2.2052,0.3955,0.5537,1.132,0.956,0.716,,,0.8712,2.689,107.3515
2018-02-08,3.4609,5.0004,1.9496,2.1646,0.3995,0.5562,1.092,0.951,0.731,,,0.8605,2.68,107.3437
2018-02-09,3.3013,4.8101,1.8884,2.0835,0.382,0.5403,1.058,0.881,0.705,,,0.8174,2.692,107.6851
2018-02-12,3.3487,4.9403,1.9442,2.0877,0.3952,0.566,1.045,0.877,0.719,,,0.8468,2.694,107.8071
2018-02-13,3.3893,4.9708,1.9496,2.1149,0.398,0.5702,1.061,0.887,0.725,,,0.8575,2.708,107.8051
2018-02-14,3.4195,4.9873,1.9549,2.1212,0.4045,0.575,1.061,0.885,0.724,,,0.8683,2.73,107.8129
2018-02-22,3.4902,5.0911,1.9841,2.1618,0.4058,0.595,1.085,0.893,0.735,,,0.8977,2.704,107.6656
2018-02-23,3.5092,5.0985,1.9868,2.1716,0.4058,0.594,1.093,0.9,0.74,,,0.9055,2.712,107.6256
2018-02-26,3.554,5.2362,2.0347,2.1849,0.412,0.5925,1.093,0.921,0.76,,,0.9124,2.727,107.6695
2018-02-27,3.5031,5.2123,2.048,2.1576,0.4085,0.5865,1.072,0.913,0.78,,,0.8928,2.712,107.7875
2018-02-28,3.4678,5.2139,2.0506,2.138,0.406,0.5805,1.056,0.906,0.782,,,0.9006,2.692,107.9358
2018-03-01,3.4928,5.2856,2.0799,2.1338,0.4095,0.5815,1.059,0.909,0.792,,,0.9035,2.689,108.1836
2018-03-02,3.4695,5.2601,2.0719,2.1324,0.4092,0.576,1.05,0.9,0.788,,,0.8986,2.7,108.2577
2018-03-05,3.4617,5.2535,2.0825,2.1338,0.4123,0.5677,1.048,0.9,0.802,,,0.8977,2.71,108.2763
2018-03-06,3.5135,5.3244,2.1038,2.1513,0.4212,0.5688,1.052,0.918,0.809,,,0.9094,2.709,108.2802
2018-03-07,3.485,5.2741,2.0879,2.1485,0.4185,0.5638,1.057,0.908,0.797,,,0.8928,2.719,108.2197
2018-03-08,3.5204,5.3219,2.1012,2.1576,0.4317,0.5748,1.057,0.911,0.797,,,0.8957,2.714,108.2519
2018-03-09,3.5463,5.3936,2.1411,2.159,0.4395,0.5817,1.059,0.926,0.814,,,0.8977,2.7,108.1456
2018-03-12,3.5566,5.4521,2.1677,2.1632,0.4387,0.5788,1.055,0.941,0.826,,,0.9261,2.699,108.128
2018-03-13,3.5187,5.4266,2.157,2.1548,0.4353,0.5717,1.053,0.925,0.818,,,0.9221,2.698,108.0987
2018-03-14,3.5066,5.3573,2.1304,2.1492,0.4353,0.575,1.045,0.918,0.8,,,0.927,2.702,108.0509
2018-03-15,3.5325,5.3474,2.1278,2.145,0.4392,0.5825,1.044,0.915,0.803,,,0.9241,2.699,108.0656
2018-03-16,3.4936,5.3178,2.1304,2.1331,0.439,0.5738,1.034,0.904,0.796,,,0.9104,2.688,108.1007
2018-03-19,3.5126,5.3384,2.1304,2.1226,0.451,0.577,1.037,0.905,0.802,,,0.9075,2.678,108.1368
2018-03-20,3.5109,5.3408,2.1278,2.1268,0.4597,0.5715,1.042,0.904,0.808,,,0.9016,2.689,108.1143
2018-03-21,3.4928,5.2972,2.1171,2.1198,0.4597,0.5667,1.044,0.908,0.813,,,0.8918,2.69,108.1163
2018-03-22,3.4617,5.2963,2.1118,2.1058,0.4588,0.558,1.037,0.906,0.8,,,0.8928,2.713,108.1173
2018-03-23,3.3591,5.021,2.0054,2.059,0.4445,0.5462,1.011,0.856,0.772,,,0.8487,2.741,108.3299
2018-03-26,3.3435,5.1216,2.032,2.038,0.4572,0.5445,0.989,0.863,0.812,,,0.8673,2.738,108.766
2018-03-27,3.3737,5.2378,2.0932,2.038,0.4667,0.5472,0.986,0.875,0.833,,,0.8928,2.736,108.6118
2018-03-28,3.3056,5.1785,2.0772,2.0128,0.4572,0.5315,0.986,0.864,0.828,,,0.8732,2.721,108.5621
2018-03-29,3.366,5.2329,2.0932,2.0485,0.448,0.5443,1.002,0.885,0.822,,,0.8771,2.688,108.2899
2018-03-30,3.3608,5.3013,2.1278,2.0436,0.4597,0.5428,0.994,0.889,0.851,,,0.8742,2.692,108.4889
2018-04-02,3.3496,5.2947,2.1357,2.0324,0.457,0.537,0.986,0.9,0.868,,,0.8742,2.696,108.4704
2018-04-03,3.328,5.2526,2.1118,2.0044,0.4525,0.541,0.975,0.9,0.858,,,0.8624,2.716,108.5797
2018-04-04,3.3194,5.2098,2.0985,2.0051,0.4557,0.5533,0.976,0.891,0.856,,,0.8575,2.712,108.607
2018-04-09,3.3237,5.218,2.0985,2.0037,0.4538,0.5497,0.978,0.896,0.88,,,0.8605,2.707,108.7611
2018-04-10,3.3884,5.2584,2.1012,2.0401,0.4602,0.5537,1.006,0.912,0.856,,,0.88,2.71,108.7747
2018-04-11,3.3927,5.2675,2.1171,2.0555,0.458,0.5555,1.017,0.905,0.859,,,0.8869,2.726,108.7855
2018-04-12,3.3573,5.2395,2.1065,2.0345,0.4602,0.552,1.002,0.899,0.85,,,0.8761,2.735,108.8528
2018-04-13,3.3341,5.2222,2.1012,2.0254,0.4502,0.5485,0.996,0.89,0.855,,,0.8703,2.714,109.0381
2018-04-16,3.2814,5.2065,2.1012,1.9883,0.4507,0.5437,0.967,0.87,0.862,,,0.8615,2.725,109.3405
2018-04-17,3.2331,5.1134,2.0559,1.9715,0.444,0.5383,0.963,0.871,0.844,,,0.838,2.729,109.2606
2018-04-18,3.24,5.1694,2.0852,1.9729,0.44,0.5365,0.972,0.882,0.87,,,0.8419,2.727,109.7386
2018-04-19,3.2858,5.1941,2.0905,1.9855,0.4457,0.5468,0.976,0.887,0.892,,,0.8624,2.734,109.5142
2018-04-20,3.2349,5.1026,2.0506,1.961,0.446,0.5425,0.966,0.858,0.885,,,0.8438,2.722,109.3688
2018-04-23,3.2487,5.0474,2.0267,1.961,0.4437,0.5408,0.971,0.867,0.848,,,0.836,2.708,109.3591
2018-04-24,3.3168,5.1546,2.0692,1.9995,0.4482,0.5545,0.989,0.89,0.869,,,0.8448,2.7,109.5025
2018-04-25,3.297,5.1595,2.0746,1.9876,0.4575,0.5548,0.979,0.884,0.87,,,0.8399,2.699,109.5922
2018-04-26,3.2314,5.0672,2.0426,1.9596,0.4525,0.5425,0.974,0.866,0.854,,,0.8262,2.702,109.56
2018-04-27,3.2383,5.0895,2.0373,1.9631,0.4595,0.538,0.977,0.878,0.843,,,0.8252,2.692,109.6069
2018-05-02,3.2487,5.0763,2.0347,1.9715,0.4658,0.5383,0.977,0.882,0.831,,,0.8213,2.684,109.5249
2018-05-03,3.2676,5.1257,2.0506,1.9834,0.4635,0.5468,0.975,0.904,0.836,,,0.8252,2.684,109.6742
2018-05-04,3.2521,5.1224,2.0506,1.9827,0.4675,0.5452,0.966,0.896,0.837,,,0.8223,2.687,109.5503
2018-05-07,3.3047,5.2213,2.0825,2.0044,0.4787,0.5675,0.972,0.907,0.847,,,0.838,2.694,109.5513
2018-05-08,3.3479,5.2461,2.0905,2.0219,0.479,0.5735,0.984,0.912,0.851,,,0.8468,2.692,109.4537
2018-05-09,3.3384,5.2254,2.0879,2.0177,0.4805,0.5713,0.985,0.901,0.845,,,0.8448,2.689,109.2635
2018-05-10,3.3608,5.2469,2.1012,2.0324,0.4975,0.5792,0.986,0.906,0.835,,,0.8448,2.69,109.2674
2018-05-11,3.341,5.2057,2.0852,2.0282,0.485,0.5735,0.989,0.896,0.828,,,0.8575,2.693,109.3376
2018-05-14,3.3703,5.1809,2.0666,2.0324,0.4915,0.5835,0.997,0.898,0.812,,,0.8605,2.694,109.3435
2018-05-15,3.3832,5.2304,2.0879,2.0394,0.5008,0.5875,0.994,0.897,0.822,,,0.8634,2.68,109.321
2018-05-16,3.3556,5.2172,2.0772,2.0317,0.509,0.588,0.983,0.886,0.823,,,0.8487,2.654,109.3415
2018-05-17,3.3272,5.1842,2.0692,2.0275,0.5033,0.5865,0.979,0.878,0.815,,,0.8487,2.642,109.2996
2018-05-18,3.3634,5.2172,2.0772,2.0485,0.5067,0.5875,0.99,0.889,0.817,,,0.8526,2.644,109.3025
2018-05-21,3.3798,5.2757,2.0958,2.0548,0.5073,0.5905,0.991,0.896,0.828,,,0.8575,2.639,109.3181
2018-05-22,3.366,5.2972,2.1065,2.045,0.515,0.594,0.985,0.889,0.826,,,0.8575,2.646,109.3698
2018-05-23,3.322,5.2271,2.0879,2.0289,0.5135,0.5807,0.974,0.879,0.822,,,0.8409,2.649,109.4654
2018-05-24,3.2952,5.2106,2.0799,2.0128,0.5148,0.572,0.968,0.872,0.816,,,0.8399,2.665,109.5444
2018-05-25,3.2875,5.1414,2.0533,2.0156,0.528,0.5748,0.966,0.865,0.81,,,0.8301,2.678,109.7376
2018-05-28,3.3082,5.1315,2.0373,2.0121,0.5393,0.5905,0.964,0.864,0.79,,,0.8243,2.667,109.5591
2018-05-29,3.2771,5.0672,2.024,2.01,0.5095,0.5845,0.96,0.848,0.781,,,0.8233,2.676,109.4244
2018-05-30,3.215,4.951,1.9629,1.9827,0.508,0.59,0.943,0.819,0.761,,,0.7998,2.683,109.3913
2018-05-31,3.2806,5.0095,1.9894,2.0114,0.5255,0.62,0.951,0.829,0.761,,,0.8047,2.686,109.402
2018-06-01,3.2581,4.951,1.9682,2.0037,0.5085,0.6125,0.951,0.834,0.751,,,0.8057,2.68,109.441
2018-06-04,3.2901,4.9502,1.9708,2.0156,0.503,0.619,0.96,0.831,0.748,,,0.7959,2.665,109.523
2018-06-05,3.3177,5.0342,1.9894,2.0254,0.5197,0.6208,0.959,0.835,0.763,,,0.8047,2.662,109.4069
2018-06-06,3.3116,5.0293,1.9841,2.0205,0.526,0.6185,0.949,0.833,0.76,,,0.8174,2.666,109.4001
2018-06-07,3.3108,5.0021,1.9788,2.0135,0.5173,0.6125,0.954,0.838,0.751,,,0.8154,2.664,109.3718
2018-06-08,3.2668,4.9411,1.9549,1.9897,0.5148,0.6033,0.938,0.819,0.74,,,0.8008,2.664,109.3844
2018-06-11,3.2754,4.9106,1.9442,1.9869,0.5002,0.5985,0.936,0.822,0.731,,,0.8066,2.671,109.4957
2018-06-12,3.3082,4.951,1.9522,2.0009,0.51,0.6185,0.938,0.824,0.736,,,0.8086,2.669,109.3347
2018-06-13,3.2745,4.8809,1.9256,1.9988,0.5013,0.6115,0.934,0.81,0.718,,,0.7988,2.667,109.3474
2018-06-14,3.2659,4.8727,1.915,1.9974,0.495,0.6075,0.934,0.814,0.711,,,0.7968,2.677,109.3513
2018-06-15,3.2607,4.7861,1.8751,1.996,0.4882,0.6037,0.943,0.807,0.693,,,0.7851,2.682,109.4088
2018-06-19,3.1486,4.4828,1.7394,1.9491,0.4767,0.5738,0.933,0.747,0.652,,,0.7332,2.659,109.6644
2018-06-20,3.1486,4.5224,1.766,1.9456,0.4925,0.589,0.927,0.747,0.671,,,0.7361,2.651,109.6498
2018-06-21,3.1227,4.4425,1.7261,1.9316,0.4905,0.5863,0.924,0.722,0.651,,,0.7136,2.641,109.5883
2018-06-22,3.1365,4.5002,1.7501,1.9281,0.496,0.588,0.926,0.734,0.664,,,0.7254,2.653,109.6625
2018-06-25,3.0925,4.4589,1.7421,1.9141,0.4963,0.5882,0.907,0.725,0.659,,,0.7205,2.658,109.8049
2018-06-26,3.0623,4.4977,1.7554,1.8911,0.4933,0.5813,0.891,0.732,0.679,,,0.7234,2.657,109.8517
2018-06-27,2.9899,4.4367,1.7421,1.8687,0.479,0.56,0.878,0.727,0.677,,,0.7185,2.663,109.7903
2018-06-28,2.9726,4.4037,1.7235,1.8498,0.4692,0.5495,0.872,0.734,0.671,,,0.7146,2.655,109.4898
2018-06-29,3.0511,4.5587,1.7793,1.882,0.4852,0.5658,0.885,0.752,0.695,,,0.7322,2.661,110.0917
2018-07-02,2.97,4.4853,1.7501,1.8295,0.4843,0.5523,0.856,0.733,0.69,,,0.7156,2.667,110.078
2018-07-03,2.9588,4.5323,1.7687,1.833,0.48,0.541,0.86,0.744,0.719,,,0.7175,2.665,110.0107
2018-07-04,2.9278,4.4705,1.7421,1.8281,0.4688,0.536,0.858,0.733,0.708,,,0.7107,2.673,110.2322
2018-07-05,2.9036,4.3518,1.7049,1.8183,0.4572,0.532,0.862,0.724,0.692,,,0.6882,2.675,110.2283
2018-07-06,2.9286,4.3534,1.7022,1.8302,0.4638,0.5403,0.87,0.732,0.699,,,0.6931,2.68,110.2234
2018-07-09,3.014,4.4655,1.7341,1.8687,0.4798,0.556,0.898,0.744,0.715,,,0.7068,2.677,110.1688
2018-07-10,3.0218,4.4894,1.7501,1.8757,0.483,0.5558,0.896,0.743,0.72,,,0.7175,2.668,110.0771
2018-07-11,2.9718,4.4045,1.7075,1.8491,0.4818,0.5493,0.884,0.72,0.699,,,0.7087,2.676,110.0429
2018-07-12,3.0434,4.5331,1.7527,1.8806,0.4922,0.5623,0.902,0.741,0.717,,,0.7195,2.668,110.0107
2018-07-13,3.0485,4.5447,1.7634,1.8785,0.5013,0.5735,0.898,0.739,0.712,,,0.7273,2.665,110.1327
2018-07-16,3.0356,4.5496,1.7607,1.8715,0.505,0.5742,0.886,0.737,0.723,,,0.7234,2.669,110.3268
2018-07-17,3.0166,4.5339,1.7687,1.8624,0.4965,0.565,0.881,0.732,0.722,,,0.7215,2.664,110.4692
2018-07-18,3.0028,4.5125,1.7607,1.8722,0.4975,0.5623,0.88,0.727,0.711,,,0.7146,2.639,110.5063
2018-07-19,3.0045,4.4746,1.7394,1.8645,0.4873,0.561,0.879,0.724,0.695,,,0.7058,2.65,110.6204
2018-07-20,3.0623,4.5298,1.7527,1.9113,0.4895,0.562,0.918,0.746,0.712,,,0.7117,2.655,110.5736
2018-07-23,3.0822,4.5636,1.7714,1.9372,0.47,0.5583,0.934,0.757,0.74,,,0.7264,2.668,110.6799
2018-07-24,3.1391,4.6403,1.8006,1.9526,0.4742,0.574,0.937,0.771,0.743,,,0.742,2.666,110.439
2018-07-25,3.1382,4.6411,1.8006,1.9519,0.481,0.571,0.937,0.764,0.744,,,0.7371,2.668,110.4517
2018-07-26,3.0977,4.6139,1.7926,1.94,0.4757,0.565,0.933,0.76,0.735,,,0.7303,2.672,110.6321
2018-07-27,3.0899,4.59,1.782,1.9344,0.4712,0.565,0.93,0.754,0.732,,,0.7254,2.669,110.4653
2018-07-30,3.0727,4.5208,1.7527,1.9379,0.459,0.5552,0.942,0.75,0.725,,,0.7234,2.671,110.5346
2018-07-31,3.0839,4.5306,1.7581,1.9498,0.4608,0.5558,0.944,0.752,0.722,,,0.7185,2.673,110.6399
2018-08-01,3.0149,4.4598,1.7315,1.9141,0.4512,0.5493,0.926,0.737,0.7,,,0.7048,2.672,110.9248
2018-08-02,2.9476,4.3567,1.6862,1.8743,0.451,0.5357,0.91,0.714,0.673,,,0.6921,2.664,111.0096
2018-08-03,2.9062,4.3147,1.6703,1.8652,0.4367,0.5293,0.91,0.708,0.665,,,0.6813,2.663,111.1033
2018-08-06,2.876,4.224,1.6331,1.854,0.419,0.5117,0.915,0.701,0.648,,,0.6549,2.663,111.1784
2018-08-07,2.9562,4.3287,1.6676,1.8932,0.429,0.519,0.934,0.721,0.666,,,0.6676,2.662,111.2418
2018-08-08,2.9131,4.2735,1.6437,1.8687,0.4202,0.511,0.924,0.709,0.653,,,0.6569,2.658,111.1296
2018-08-09,2.983,4.3815,1.6809,1.8995,0.435,0.5228,0.938,0.724,0.676,,,0.6706,2.658,110.9901
2018-08-10,2.9881,4.3996,1.6916,1.8925,0.4453,0.5257,0.933,0.724,0.682,,,0.6715,2.656,110.8662
2018-08-13,2.9752,4.4268,1.6995,1.8778,0.4478,0.5195,0.917,0.721,0.695,,,0.6735,2.664,110.7297
2018-08-14,2.9623,4.4045,1.6995,1.8736,0.4473,0.5195,0.914,0.716,0.687,,,0.6735,2.641,110.9735
2018-08-15,2.8915,4.3172,1.665,1.8414,0.4302,0.505,0.898,0.703,0.677,,,0.6549,2.637,110.6429
2018-08-16,2.8795,4.2793,1.6437,1.8344,0.4293,0.4983,0.9,0.711,0.67,,,0.648,2.604,110.6048
2018-08-17,2.8355,4.2026,1.6144,1.8169,0.4148,0.49,0.894,0.704,0.661,,,0.6383,2.598,109.8751
2018-08-20,2.8657,4.2265,1.6198,1.8351,0.4065,0.4913,0.907,0.714,0.671,,,0.648,2.615,109.919
2018-08-21,2.9148,4.2694,1.6384,1.8533,0.4248,0.5075,0.915,0.72,0.679,,,0.6559,2.627,109.9239
2018-08-22,2.9096,4.2413,1.6251,1.8456,0.4223,0.5025,0.909,0.716,0.676,,,0.649,2.626,109.9756
2018-08-23,2.9183,4.262,1.6331,1.8519,0.425,0.5085,0.913,0.722,0.68,,,0.651,2.627,110.0868
2018-08-24,2.9226,4.2463,1.6251,1.8589,0.4263,0.5013,0.933,0.725,0.672,,,0.649,2.628,110.2458
2018-08-27,2.9959,4.3518,1.665,1.8953,0.4425,0.5178,0.943,0.735,0.695,,,0.6588,2.641,110.2107
2018-08-28,2.9873,4.3567,1.6623,1.8939,0.442,0.5153,0.94,0.732,0.7,,,0.6657,2.65,110.3648
2018-08-29,2.9761,4.3345,1.6543,1.8918,0.4397,0.5145,0.937,0.726,0.701,,,0.6598,2.638,110.5151
2018-08-30,2.9467,4.2694,1.6277,1.8792,0.435,0.5095,0.93,0.717,0.689,,,0.6529,2.641,110.5063
2018-08-31,2.9243,4.2224,1.6038,1.8722,0.4232,0.504,0.934,0.717,0.685,,,0.6432,2.646,110.6799
2018-09-03,2.9183,4.2422,1.6038,1.8694,0.4235,0.503,0.936,0.717,0.701,,,0.6432,2.635,110.5346
2018-09-04,2.9528,4.2727,1.6251,1.8862,0.4248,0.504,0.945,0.723,0.723,,,0.6461,2.626,110.3697
2018-09-05,2.8924,4.2174,1.5985,1.861,0.4195,0.499,0.925,0.712,0.717,,,0.6334,2.624,110.5033
2018-09-06,2.8674,4.1985,1.5905,1.8435,0.415,0.4925,0.921,0.709,0.726,,,0.6294,2.633,110.4595
2018-09-07,2.8864,4.1919,1.5985,1.8519,0.422,0.4908,0.926,0.711,0.717,,,0.6275,2.642,110.3707
2018-09-10,2.8449,4.1276,1.5825,1.8435,0.4157,0.4827,0.92,0.688,0.703,,,0.6138,2.633,110.3883
2018-09-11,2.8346,4.1218,1.5666,1.8358,0.4175,0.4832,0.914,0.692,0.715,,,0.6118,2.64,110.1844
2018-09-12,2.8148,4.1087,1.5666,1.833,0.406,0.4737,0.915,0.695,0.723,,,0.6148,2.639,110.3609
2018-09-13,2.8449,4.1317,1.5772,1.8533,0.3972,0.4757,0.924,0.704,0.736,,,0.6236,2.65,110.3326
2018-09-14,2.8493,4.088,1.5612,1.8554,0.3947,0.482,0.925,0.7,0.712,,,0.6285,2.656,110.3121
2018-09-17,2.8225,4.0386,1.5373,1.8456,0.387,0.4815,0.918,0.698,0.706,,,0.6128,2.642,110.3131
2018-09-18,2.8769,4.0979,1.5612,1.8722,0.3938,0.4945,0.932,0.711,0.718,,,0.6236,2.646,110.2809
2018-09-19,2.9157,4.1466,1.5772,1.8967,0.3997,0.5045,0.938,0.716,0.728,,,0.6304,2.648,110.318
2018-09-20,2.914,4.1457,1.5745,1.8904,0.3983,0.5025,0.94,0.715,0.717,,,0.6314,2.651,110.3531
2018-09-21,3.0054,4.2249,1.5958,1.9435,0.4078,0.519,0.978,0.732,0.721,,,0.6461,2.657,110.4858
2018-09-25,2.9752,4.2018,1.5932,1.9274,0.4085,0.5173,0.965,0.724,0.725,,,0.6451,2.649,110.4838
2018-09-26,3.008,4.21,1.5932,1.9414,0.4162,0.5337,0.977,0.726,0.725,,,0.648,2.653,110.598
2018-09-27,2.995,4.1663,1.5745,1.9442,0.4185,0.5365,0.974,0.722,0.713,,,0.6412,2.642,110.6497
2018-09-28,3.0261,4.2216,1.5878,1.9596,0.4243,0.541,0.988,0.729,0.714,,,0.649,2.623,110.9423
2018-10-08,2.882,4.0732,1.532,1.8939,0.4035,0.5205,0.951,0.702,0.689,,,0.6324,2.656,111.2077
2018-10-09,2.8881,4.0608,1.532,1.8883,0.4045,0.5107,0.952,0.7,0.672,,,0.6392,2.652,111.2028
2018-10-10,2.8864,4.06,1.5293,1.8953,0.3995,0.5035,0.956,0.702,0.678,,,0.6363,2.652,110.7648
2018-10-11,2.738,3.7534,1.4176,1.8176,0.3845,0.4832,0.919,0.649,0.624,,,0.5834,2.665,111.1472
2018-10-12,2.7889,3.7386,1.4096,1.8288,0.391,0.4978,0.939,0.64,0.636,,,0.5883,2.702,111.273
2018-10-15,2.7483,3.6743,1.3884,1.8015,0.3887,0.4915,0.928,0.631,0.633,,,0.5785,2.728,111.4018
2018-10-16,2.7302,3.6059,1.3564,1.7868,0.3815,0.484,0.934,0.624,0.622,,,0.5599,2.727,111.392
2018-10-17,2.7397,3.6216,1.3697,1.8008,0.3785,0.484,0.94,0.633,0.622,,,0.559,2.719,111.4515
2018-10-18,2.6793,3.5416,1.3405,1.77,0.3635,0.476,0.922,0.623,0.606,,,0.5394,2.722,111.6759
2018-10-19,2.7475,3.615,1.3511,1.8099,0.367,0.4885,0.952,0.641,0.619,,,0.5492,2.734,111.7081
2018-10-22,2.8924,3.826,1.4256,1.8715,0.3868,0.516,0.978,0.641,0.652,,,0.5805,2.73,111.5276
2018-10-23,2.7949,3.7336,1.3963,1.8274,0.3765,0.4985,0.956,0.706,0.642,,,0.5648,2.744,111.553
2018-10-24,2.7992,3.7229,1.3937,1.8358,0.3713,0.4877,0.975,0.722,0.642,,,0.5736,2.745,111.5735
2018-10-25,2.813,3.7221,1.383,1.8337,0.3643,0.4765,0.984,0.75,0.633,,,0.5736,2.759,111.4984
2018-10-26,2.7846,3.704,1.3857,1.8365,0.3638,0.4575,0.982,0.73,0.631,,,0.5776,2.757,111.4964
2018-10-29,2.7009,3.6595,1.3671,1.8008,0.3528,0.416,0.964,0.723,0.622,,,0.5648,2.753,111.5081
2018-10-30,2.7328,3.6933,1.383,1.8106,0.358,0.4145,0.977,0.761,0.627,,,0.5717,2.747,111.4681
2018-10-31,2.7647,3.7493,1.399,1.8302,0.37,0.4245,0.979,0.752,0.634,,,0.5893,2.724,111.5052
2018-11-01,2.7846,3.7757,1.4096,1.8281,0.3728,0.4335,0.974,0.759,0.642,,,0.5903,2.73,111.5881
2018-11-02,2.901,3.915,1.4549,1.8715,0.3932,0.4563,0.995,0.778,0.66,,,0.606,2.731,111.3745
2018-11-05,2.8639,3.8952,1.4628,1.861,0.3882,0.4493,0.981,0.778,0.662,,,0.6001,2.732,111.5306
2018-11-06,2.8458,3.9026,1.4681,1.8582,0.3895,0.445,0.976,0.771,0.66,,,0.5942,2.734,111.6418
2018-11-07,2.8225,3.8655,1.4628,1.8477,0.3862,0.4465,0.971,0.759,0.655,,,0.6089,2.735,111.8125
2018-11-08,2.8199,3.84,1.4522,1.8491,0.388,0.4455,0.979,0.744,0.646,,,0.5942,2.724,111.9549
2018-11-09,2.7846,3.8416,1.4522,1.8232,0.3842,0.4437,0.949,0.745,0.646,,,0.5854,2.718,111.8915
2018-11-12,2.8156,3.9422,1.4947,1.8442,0.3907,0.4455,0.952,0.759,0.66,,,0.5952,2.698,112.1168
2018-11-13,2.8449,4.0205,1.5267,1.854,0.3945,0.4557,0.956,0.781,0.665,,,0.604,2.689,112.0134
2018-11-14,2.8104,4.0023,1.5267,1.8365,0.3905,0.4482,0.943,0.767,0.66,,,0.6001,2.688,112.2193
2018-11-15,2.8475,4.0732,1.5506,1.8498,0.392,0.4518,0.952,0.79,0.677,,,0.6079,2.703,112.6017
2018-11-16,2.8562,4.0979,1.5666,1.854,0.385,0.4518,0.952,0.81,0.676,,,0.6079,2.707,112.7178
2018-11-19,2.8881,4.0996,1.5745,1.8708,0.3887,0.4565,0.967,0.834,0.677,,,0.6099,2.714,112.6758
2018-11-20,2.8251,3.9908,1.532,1.8393,0.383,0.448,0.951,0.795,0.673,,,0.602,2.724,112.4417
2018-11-21,2.8277,3.9999,1.5426,1.8393,0.3895,0.4527,0.95,0.798,0.672,,,0.6001,2.723,112.5041
2018-11-22,2.8199,3.9999,1.5453,1.833,0.389,0.452,0.948,0.789,0.673,,,0.5981,2.728,112.4368
2018-11-23,2.7466,3.8301,1.4735,1.8015,0.3815,0.4462,0.937,0.764,0.646,,,0.5688,2.731,111.8817
2018-11-26,2.7509,3.8375,1.4761,1.8036,0.3805,0.442,0.94,0.761,0.646,,,0.5648,2.727,111.8759
2018-11-27,2.7483,3.8573,1.4894,1.7994,0.3805,0.4408,0.936,0.765,0.654,,,0.5697,2.722,111.9081
2018-11-28,2.7897,3.9141,1.5054,1.8106,0.3832,0.4467,0.942,0.785,0.661,,,0.5746,2.71,111.912
2018-11-29,2.7621,3.835,1.4708,1.7987,0.3808,0.4453,0.939,0.759,0.651,,,0.5727,2.731,111.9149
2018-11-30,2.7906,3.8564,1.4814,1.8099,0.3848,0.4543,0.944,0.769,0.653,,,0.5785,2.732,111.9442
2018-12-03,2.8631,3.9793,1.5267,1.8491,0.398,0.4717,0.961,0.794,0.671,,,0.5932,2.72,112.0271
2018-12-04,2.8674,3.9949,1.5453,1.8533,0.4017,0.473,0.964,0.798,0.668,,,0.5952,2.72,112.3539
2018-12-05,2.8544,3.9685,1.532,1.8484,0.404,0.4757,0.958,0.791,0.662,,,0.5952,2.725,112.6134
2018-12-06,2.7966,3.8828,1.508,1.8267,0.3845,0.4675,0.948,0.768,0.657,,,0.5903,2.735,112.8631
2018-12-07,2.7906,3.8836,1.5054,1.8337,0.3692,0.4633,0.945,0.771,0.656,,,0.5874,2.738,112.8182
2018-12-10,2.7647,3.8358,1.4894,1.8239,0.3635,0.4582,0.938,0.76,0.645,,,0.5834,2.767,112.9948
2018-12-11,2.7759,3.8771,1.5027,1.8253,0.3692,0.4615,0.937,0.764,0.649,,,0.5883,2.763,113.147
2018-12-12,2.7854,3.868,1.5027,1.8365,0.3643,0.4658,0.938,0.766,0.647,,,0.5883,2.75,113.1655
2018-12-13,2.8329,3.9257,1.5187,1.8554,0.3677,0.474,0.946,0.775,0.656,,,0.5913,2.748,112.9821
2018-12-14,2.7837,3.8408,1.4788,1.8442,0.3595,0.4672,0.935,0.752,0.646,,,0.5736,2.745,112.8319
2018-12-17,2.7803,3.8202,1.4708,1.854,0.3523,0.4618,0.934,0.757,0.645,,,0.5785,2.746,112.9246
2018-12-18,2.7457,3.7922,1.4628,1.8428,0.349,0.4588,0.926,0.742,0.639,,,0.5795,2.761,113.0123
2018-12-19,2.7173,3.7369,1.4442,1.8323,0.3383,0.4525,0.918,0.736,0.629,,,0.5727,2.77,113.1538
2018-12-20,2.6974,3.76,1.4495,1.8218,0.3338,0.455,0.902,0.743,0.628,,,0.5717,2.77,112.9675
2018-12-21,2.6638,3.7402,1.4389,1.812,0.326,0.449,0.89,0.729,0.62,,,0.5648,2.788,113.2045
2018-12-24,2.6698,3.7724,1.4495,1.8225,0.3343,0.4512,0.89,0.725,0.627,,,0.5658,2.798,113.1889
2018-12-25,2.6534,3.7229,1.4336,1.805,0.3352,0.45,0.886,0.708,0.624,,,0.557,2.82,113.1411
2018-12-26,2.6388,3.7097,1.4309,1.8064,0.3325,0.4467,0.884,0.703,0.619,,,0.556,2.819,113.1284
2018-12-27,2.6327,3.6636,1.407,1.8043,0.3295,0.4473,0.888,0.7,0.615,,,0.5492,2.809,113.1665
2018-12-28,2.6388,3.6685,1.407,1.8071,0.3318,0.4538,0.893,0.717,0.616,,,0.555,2.826,113.7372
2019-01-02,2.6025,3.6339,1.4043,1.7763,0.3195,0.4498,0.879,0.714,0.619,,,0.5453,2.837,113.4191
2019-01-03,2.6025,3.6248,1.3937,1.7714,0.3108,0.4425,0.885,0.729,0.634,,,0.5521,2.868,113.4708
2019-01-04,2.669,3.7238,1.4336,1.7952,0.3203,0.4482,0.905,0.784,0.646,,,0.5668,2.853,113.6728
2019-01-07,2.6802,3.788,1.4628,1.8127,0.3217,0.453,0.902,0.781,0.671,,,0.5776,2.841,113.7811
2019-01-08,2.6802,3.7798,1.4575,1.8162,0.3228,0.4507,0.897,0.782,0.661,,,0.5688,2.828,113.7654
2019-01-09,2.7,3.7773,1.4602,1.8246,0.3273,0.4572,0.906,0.786,0.657,,,0.5658,2.817,113.7674
2019-01-10,2.7026,3.7839,1.4549,1.819,0.3245,0.4552,0.903,0.773,0.653,,,0.5639,2.823,113.7606
2019-01-11,2.7225,3.8037,1.4681,1.8267,0.3245,0.4655,0.912,0.779,0.665,,,0.5688,2.805,113.7157
2019-01-14,2.6992,3.7839,1.4602,1.8281,0.3175,0.4602,0.905,0.777,0.658,,,0.5658,2.807,113.6172
2019-01-15,2.7501,3.8367,1.4761,1.8407,0.3275,0.4782,0.915,0.798,0.664,,,0.5707,2.801,113.6503
2019-01-16,2.7501,3.8301,1.4788,1.8421,0.3325,0.4757,0.916,0.789,0.659,,,0.5678,2.803,113.743
2019-01-17,2.7351,3.7996,1.4602,1.8371,0.3307,0.474,0.913,0.781,0.651,,,0.5639,2.81,113.8132
2019-01-18,2.7826,3.84,1.4735,1.8603,0.3415,0.486,0.928,0.791,0.656,,,0.5776,2.811,113.7469
2019-01-21,2.7975,3.854,1.4814,1.8683,0.3413,0.4938,0.93,0.787,0.66,,,0.5776,2.8,113.6269
2019-01-22,2.7624,3.7979,1.4655,1.8501,0.3352,0.4863,0.921,0.774,0.65,,,0.5688,2.799,113.6611
2019-01-23,2.7553,3.8021,1.4655,1.8523,0.335,0.4845,0.925,0.773,0.651,,,0.5697,2.802,113.6347
2019-01-24,2.7764,3.8284,1.4761,1.8589,0.3375,0.488,0.932,0.786,0.659,,,0.5678,2.8,113.6708
2019-01-25,2.7975,3.8095,1.4681,1.8647,0.3375,0.4882,0.947,0.785,0.655,,,0.5658,2.797,113.6669
2019-01-28,2.794,3.7963,1.4549,1.8654,0.3307,0.4905,0.947,0.78,0.652,,,0.5639,2.823,113.6445
2019-01-29,2.8063,3.746,1.4283,1.8734,0.3335,0.4925,0.954,0.774,0.64,,,0.5531,2.833,113.7147
2019-01-30,2.7879,3.7188,1.4096,1.8668,0.3307,0.4857,0.95,0.764,0.641,,,0.5492,2.842,113.7966
2019-01-31,2.8142,3.6949,1.3884,1.8785,0.332,0.49,0.967,0.773,0.636,,,0.5413,2.837,113.8649
2019-02-01,2.8608,3.8062,1.4283,1.8945,0.3445,0.499,0.969,0.794,0.65,,,0.5531,2.852,113.9683
2019-02-11,2.9003,3.8886,1.4708,1.9054,0.351,0.5182,0.969,0.808,0.663,,,0.5707,2.84,114.0776
2019-02-12,2.9214,3.9092,1.4894,1.9192,0.3607,0.5197,0.969,0.814,0.669,,,0.5727,2.851,114.143
2019-02-13,2.9821,3.9809,1.516,1.9417,0.366,0.5253,0.983,0.841,0.683,,,0.5883,2.847,114.1654
2019-02-14,2.9856,3.9974,1.5213,1.9453,0.3665,0.534,0.976,0.84,0.684,,,0.5864,2.843,114.0796
2019-02-15,2.9364,3.9694,1.516,1.917,0.361,0.527,0.958,0.82,0.678,,,0.5854,2.861,114.2005
2019-02-18,3.0216,4.126,1.5745,1.9606,0.375,0.545,0.977,0.868,0.706,,,0.604,2.876,114.0747
2019-02-19,3.0137,4.1078,1.5825,1.9577,0.3738,0.54,0.975,0.875,0.716,,,0.606,2.878,114.0201
2019-02-20,3.0216,4.0996,1.5799,1.9599,0.3668,0.5437,0.979,0.878,0.711,,,0.6167,2.898,114.0591
2019-02-21,3.0181,4.1037,1.5772,1.9468,0.3638,0.5408,0.972,0.883,0.703,,,0.6157,2.88,114.0181
2019-02-22,3.099,4.2331,1.6118,1.9671,0.3688,0.5425,0.985,0.971,0.719,,,0.6206,2.86,113.9449
2019-02-25,3.3178,4.5158,1.7049,2.0529,0.3835,0.568,1.049,1.068,0.765,,,0.6823,2.858,113.705
2019-02-26,3.2431,4.4556,1.7022,2.0405,0.3857,0.555,1.027,1.044,0.75,,,0.6745,2.856,113.4084
2019-02-27,3.2255,4.4202,1.6889,2.0391,0.3828,0.5648,1.042,1.036,0.762,,,0.6618,2.853,113.743
2019-02-28,3.2194,4.4243,1.6969,2.0398,0.391,0.5627,1.036,1.004,0.759,,,0.6588,2.833,113.5918
2019-03-01,3.2853,4.4771,1.7102,2.0601,0.3943,0.58,1.07,1.038,0.763,,,0.6627,2.826,113.5703
2019-03-04,3.3196,4.5381,1.7474,2.0849,0.4,0.5855,1.076,1.044,0.774,,,0.6745,2.784,113.5128
2019-03-05,3.3477,4.6699,1.8059,2.0958,0.3995,0.5885,1.073,1.043,0.791,,,0.6803,2.77,113.463
2019-03-06,3.3706,4.7614,1.8458,2.1212,0.4008,0.5847,1.079,1.102,0.797,,,0.7029,2.784,113.3909
2019-03-07,3.3336,4.8002,1.8831,2.1146,0.3938,0.5713,1.061,1.153,0.789,,,0.7195,2.773,113.5069
2019-03-08,3.2176,4.6419,1.8166,2.0296,0.3868,0.562,1.02,1.04,0.767,,,0.6715,2.799,113.6347
2019-03-11,3.2607,4.8117,1.8804,2.0565,0.4,0.5795,1.025,1.056,0.795,,,0.6862,2.808,113.542
2019-03-12,3.2827,4.89,1.923,2.0769,0.4015,0.5813,1.028,1.071,0.825,,,0.6882,2.808,113.5781
2019-03-13,3.2633,4.7746,1.8698,2.0616,0.3997,0.5713,1.028,1.05,0.805,,,0.6852,2.82,113.5908
2019-03-14,3.2396,4.6633,1.8139,2.0383,0.397,0.575,1.027,1.014,0.783,,,0.6794,2.815,113.5167
2019-03-15,3.2827,4.7144,1.8405,2.058,0.4017,0.5847,1.033,1.029,0.782,,,0.6852,2.811,113.5157
2019-03-18,3.3837,4.8653,1.8857,2.1125,0.42,0.6295,1.051,1.054,0.797,,,0.7048,2.807,113.503
2019-03-19,3.3591,4.8562,1.8884,2.1103,0.414,0.6245,1.043,1.042,0.808,,,0.7009,2.823,113.5128
2019-03-20,3.3591,4.857,1.8831,2.1088,0.4125,0.627,1.044,1.061,0.796,,,0.6911,2.819,113.543
2019-03-21,3.3609,4.9106,1.9123,2.1197,0.4128,0.6215,1.04,1.071,0.801,,,0.6999,2.839,113.5479
2019-03-22,3.3653,4.9634,1.9176,2.1212,0.4175,0.6205,1.035,1.061,0.805,,,0.695,2.833,113.6308
2019-03-25,3.2818,4.8916,1.9017,2.0899,0.408,0.6,1.011,1.022,0.841,,,0.6803,2.849,113.8347
2019-03-26,3.2475,4.7449,1.8458,2.0565,0.4008,0.5987,1.006,0.989,0.8,,,0.6725,2.85,113.9937
2019-03-27,3.2756,4.8035,1.8591,2.0892,0.4142,0.6145,1.015,0.995,0.79,,,0.6647,2.848,113.9079
2019-03-28,3.2668,4.7359,1.8325,2.0798,0.4153,0.6217,1.008,0.988,0.787,,,0.6578,2.842,114.0132
2019-03-29,3.4004,4.8974,1.8884,2.1212,0.4275,0.6495,1.039,1.077,0.819,,,0.6745,2.788,113.9996
2019-04-01,3.4883,5.0911,1.9655,2.1771,0.4375,0.6725,1.057,1.088,0.86,,,0.7087,2.788,113.8796
2019-04-02,3.4822,5.087,1.9761,2.1757,0.433,0.665,1.059,1.081,0.86,,,0.7224,2.792,113.862
2019-04-03,3.5288,5.1463,1.9921,2.1989,0.434,0.6715,1.069,1.136,0.867,,,0.7224,2.797,113.6035
2019-04-04,3.5701,5.1933,2.0027,2.2244,0.434,0.6945,1.086,1.138,0.869,,0.7354,0.7313,2.798,113.5723
2019-04-08,3.5472,5.1348,1.9841,2.2353,0.4295,0.7088,1.092,1.114,0.852,,,0.744,2.81,113.2894
2019-04-09,3.5683,5.157,1.9921,2.2302,0.4372,0.696,1.083,1.113,0.849,,,0.7234,2.811,113.2972
2019-04-10,3.5736,5.1447,1.9868,2.2251,0.4448,0.6942,1.078,1.094,0.846,,,0.7185,2.825,112.9402
2019-04-11,3.5121,5.0573,1.9442,2.2055,0.433,0.669,1.068,1.073,0.828,,,0.7048,2.828,113.3313
2019-04-12,3.4998,5.0441,1.9496,2.188,0.4295,0.6697,1.072,1.077,0.826,,0.7326,0.6989,2.8,113.2182
2019-04-15,3.4778,4.9774,1.9336,2.1837,0.4243,0.6668,1.076,1.053,0.824,,,0.695,2.785,113.0348
2019-04-16,3.5833,5.0952,1.9735,2.2127,0.4313,0.6785,1.118,1.082,0.836,,,0.7175,2.785,112.9489
2019-04-17,3.5745,5.1043,1.9921,2.2157,0.4305,0.687,1.112,1.074,0.837,,,0.7136,2.769,113.0192
2019-04-18,3.5683,5.087,1.9815,2.1982,0.4277,0.6852,1.103,1.065,0.845,,,0.7038,2.751,113.0211
2019-04-19,3.621,5.1307,2.0001,2.2033,0.4302,0.6858,1.113,1.08,0.842,,0.7354,0.7097,2.762,113.1177
2019-04-22,3.5305,5.0466,1.9735,2.1597,0.425,0.684,1.082,1.052,0.833,,,0.695,2.772,113.185
2019-04-23,3.5244,4.9518,1.9389,2.1401,0.4248,0.6888,1.083,1.059,0.805,,,0.6872,2.757,113.0894
2019-04-24,3.5296,5.0004,1.9629,2.1553,0.426,0.6902,1.087,1.069,0.811,,,0.6911,2.754,112.9509
2019-04-25,3.4567,4.8224,1.8831,2.1067,0.4215,0.6805,1.074,1.036,0.777,,,0.6686,2.767,113.0767
2019-04-26,3.4092,4.7779,1.8618,2.0819,0.4132,0.679,1.058,1.045,0.775,,0.7289,0.6549,2.773,113.1655
2019-05-06,3.2282,4.3304,1.665,1.9918,0.399,0.6578,1.048,0.905,0.701,,0.3339,0.5834,2.793,113.2562
2019-05-07,3.2581,4.3683,1.6942,2.0136,0.4087,0.672,1.047,0.923,0.709,,0.3497,0.5913,2.787,113.4933
2019-05-08,3.2159,4.3493,1.6916,1.9918,0.404,0.661,1.031,0.91,0.713,1.0,0.3504,0.5913,2.804,113.4874
2019-05-09,3.1702,4.318,1.6756,1.962,0.392,0.6417,1.009,0.896,0.715,,0.3365,0.5883,2.806,113.5294
2019-05-10,3.2695,4.4639,1.7421,2.0056,0.403,0.6718,1.031,0.938,0.747,1.0025,0.3556,0.603,2.808,113.5342
2019-05-13,3.2097,4.3988,1.7235,1.978,0.401,0.6752,1.016,0.916,0.739,,0.3574,0.5932,2.826,113.6318
2019-05-14,3.1939,4.3815,1.7155,1.9664,0.3972,0.6702,1.013,0.907,0.733,,0.3545,0.5942,2.858,113.5362
2019-05-15,3.2625,4.4688,1.7554,1.9962,0.4085,0.7097,1.03,0.921,0.741,,0.3747,0.6011,2.844,113.5313
2019-05-16,3.2783,4.5092,1.766,2.0056,0.4108,0.7287,1.03,0.925,0.751,,0.3791,0.6275,2.858,113.5694
2019-05-17,3.2044,4.3683,1.7075,1.9649,0.4013,0.714,1.017,0.885,0.728,1.0034,0.3677,0.5981,2.854,113.7274
2019-05-20,3.1693,4.3353,1.6995,1.9555,0.394,0.695,1.018,0.893,0.742,,0.3589,0.606,2.835,113.7206
2019-05-21,3.2088,4.4078,1.7315,1.9751,0.3988,0.6948,1.026,0.906,0.751,,0.3644,0.6285,2.834,113.6318
2019-05-22,3.2009,4.3938,1.7288,1.9729,0.3975,0.6783,1.022,0.896,0.747,,0.36,0.6167,2.834,113.6055
2019-05-23,3.15,4.3089,1.6889,1.9526,0.39,0.6585,1.016,0.894,0.738,,0.3479,0.605,2.841,113.7196
2019-05-24,3.1552,4.285,1.6676,1.9526,0.388,0.661,1.023,0.894,0.719,0.9982,0.3523,0.5991,2.856,113.8035
2019-05-27,3.193,4.3782,1.7182,1.9722,0.392,0.672,1.026,0.92,0.745,,0.3549,0.6157,2.858,113.6016
2019-05-28,3.208,4.3691,1.7155,1.9729,0.395,0.679,1.026,0.916,0.742,,0.3552,0.6108,2.854,113.7557
2019-05-29,3.2097,4.3707,1.7208,1.9751,0.3947,0.6817,1.023,0.917,0.745,,0.3596,0.6226,2.861,113.8376
2019-05-30,3.208,4.3576,1.7128,1.9751,0.3918,0.6823,1.022,0.904,0.739,,0.3571,0.6285,2.847,113.9586
2019-05-31,3.1921,4.3361,1.7102,1.9715,0.3938,0.678,1.019,0.899,0.739,1.0323,0.3526,0.6373,2.878,114.0913
2019-06-03,3.1992,4.3023,1.6889,1.9628,0.3943,0.6793,1.021,0.899,0.732,,0.3493,0.6236,2.914,114.1303
2019-06-04,3.1702,4.2447,1.6543,1.9555,0.3868,0.6685,1.021,0.895,0.717,,0.3398,0.6148,2.944,114.1352
2019-06-05,3.1631,4.2298,1.6597,1.9635,0.3733,0.667,1.027,0.904,0.713,,0.3405,0.6206,2.963,114.1888
2019-06-06,3.1359,4.135,1.6171,1.9439,0.368,0.6572,1.025,0.895,0.698,0.9613,0.3365,0.6167,2.962,114.1264
2019-06-10,3.1763,4.1787,1.6384,1.9613,0.3733,0.6705,1.04,0.883,0.704,,0.3431,0.6226,2.953,114.064
2019-06-11,3.2756,4.3518,1.7022,2.0049,0.3837,0.7063,1.053,0.931,0.726,1.0047,0.3607,0.6392,2.937,113.8727
2019-06-12,3.251,4.3056,1.6889,1.9918,0.3815,0.698,1.05,0.916,0.717,0.5065,0.3563,0.6471,2.972,113.9332
2019-06-13,3.2449,4.3196,1.6995,1.9853,0.3832,0.6965,1.047,0.925,0.717,0.4995,0.3552,0.6461,2.977,113.9332
2019-06-14,3.2255,4.2545,1.6623,1.9679,0.3825,0.6883,1.044,0.906,0.713,0.483,0.3512,0.6412,3.022,114.0796
2019-06-17,3.2282,4.2529,1.6597,1.9737,0.3845,0.6795,1.051,0.912,0.706,0.477,0.3493,0.648,2.983,114.1371
2019-06-18,3.2352,4.243,1.6597,1.9758,0.3865,0.6842,1.055,0.912,0.7,0.4725,0.3493,0.6373,3.004,114.1625
2019-06-19,3.2827,4.2974,1.6836,1.9897,0.3925,0.6895,1.069,0.931,0.713,0.488,0.3541,0.6383,2.989,114.1937
2019-06-20,3.3776,4.3872,1.7128,2.0245,0.4,0.7092,1.096,0.988,0.727,0.4955,0.3692,0.65,3.054,114.222
2019-06-21,3.3837,4.4441,1.7448,2.0289,0.4027,0.7092,1.089,1.001,0.74,0.5035,0.3725,0.6608,3.079,114.3322
2019-06-24,3.389,4.4433,1.7394,2.0303,0.4033,0.7113,1.086,0.998,0.737,0.505,0.378,0.6647,3.101,114.2873
2019-06-25,3.3547,4.3996,1.7235,2.0122,0.4027,0.7067,1.064,0.999,0.733,0.495,0.3777,0.6676,3.166,114.3186
2019-06-26,3.3556,4.3988,1.7235,2.0165,0.407,0.7032,1.06,0.978,0.744,0.5005,0.3777,0.651,3.108,114.3049
2019-06-27,3.3925,4.4367,1.7394,2.0325,0.4108,0.7147,1.072,0.991,0.747,0.5125,0.3909,0.6539,3.1,114.2776
2019-06-28,3.3917,4.3946,1.7128,2.0245,0.4087,0.7157,1.067,0.99,0.738,0.5015,0.3909,0.649,3.109,114.2932
2019-07-01,3.4751,4.5158,1.7687,2.0536,0.4205,0.747,1.082,1.012,0.756,0.524,0.4111,0.6588,3.034,114.3117
2019-07-02,3.4804,4.5002,1.7687,2.0631,0.428,0.7485,1.078,1.002,0.763,0.516,0.4111,0.6618,3.066,114.4454
2019-07-03,3.4514,4.4746,1.7554,2.0645,0.4205,0.7375,1.077,0.984,0.772,0.5075,0.403,0.6578,3.153,114.8161
2019-07-04,3.4286,4.4556,1.7448,2.0623,0.4125,0.7222,1.077,0.985,0.782,0.5015,0.3968,0.649,3.119,114.6707
2019-07-05,3.4461,4.4779,1.7527,2.066,0.4195,0.739,1.078,0.985,0.778,0.506,0.4067,0.651,3.125,114.6483
2019-07-08,3.367,4.3196,1.6916,2.0216,0.4112,0.7312,1.057,0.958,0.75,0.4845,0.3986,0.6275,3.109,114.6346
2019-07-09,3.3591,4.3246,1.6995,2.0194,0.41,0.732,1.052,0.965,0.752,0.4865,0.4016,0.6285,3.081,114.7
2019-07-10,3.36,4.2999,1.6862,2.0078,0.4123,0.732,1.049,0.963,0.748,0.491,0.403,0.6187,3.079,114.6327
2019-07-11,3.3609,4.3015,1.6836,2.0085,0.4117,0.73,1.053,0.964,0.748,0.4865,0.3986,0.6294,3.132,114.6356
2019-07-12,3.3881,4.3221,1.6889,2.018,0.4137,0.7372,1.067,0.968,0.747,0.4845,0.4034,0.6246,3.111,114.6346
2019-07-15,3.4004,4.3691,1.7022,2.0187,0.4153,0.74,1.068,0.986,0.765,0.5,0.4005,0.6285,3.123,114.6736
2019-07-16,3.3864,4.3798,1.7102,2.0209,0.4117,0.7315,1.062,0.983,0.767,0.5025,0.3957,0.6294,3.12,114.6766
2019-07-17,3.3811,4.3716,1.7128,2.018,0.4112,0.7315,1.059,0.979,0.767,0.513,0.3946,0.6285,3.103,114.6756
2019-07-18,3.3591,4.3098,1.6862,1.9991,0.4065,0.7197,1.06,0.967,0.754,0.503,0.3879,0.6265,3.135,114.7214
2019-07-19,3.3943,4.3361,1.7022,2.0115,0.4065,0.725,1.074,0.986,0.758,0.507,0.3916,0.6392,3.177,114.7556
2019-07-22,3.3679,4.2537,1.6623,1.9962,0.4045,0.722,1.071,0.965,0.741,0.5,0.3894,0.6246,3.153,114.7605
2019-07-23,3.3758,4.285,1.6969,2.0042,0.4067,0.7163,1.071,0.968,0.753,0.506,0.3854,0.6236,3.13,114.7995
2019-07-24,3.4031,4.3254,1.7155,2.0194,0.4095,0.7175,1.077,0.977,0.764,0.5185,0.3846,0.6304,3.143,114.7878
2019-07-25,3.4338,4.346,1.7288,2.0303,0.4117,0.725,1.094,0.98,0.769,0.5275,0.3898,0.6285,3.146,114.7595
2019-07-26,3.4382,4.3559,1.7315,2.0383,0.4142,0.7232,1.092,0.976,0.778,0.5265,0.3883,0.6246,3.134,114.779
2019-07-29,3.433,4.3518,1.7288,2.042,0.4108,0.7312,1.093,0.96,0.779,0.5345,0.3924,0.6236,3.139,114.7653
2019-07-30,3.4488,4.3773,1.7368,2.0536,0.413,0.7295,1.098,0.97,0.78,0.5265,0.3909,0.6304,3.152,114.7595
2019-07-31,3.4242,4.3658,1.7235,2.0405,0.411,0.7207,1.087,0.965,0.781,0.532,0.3843,0.6324,3.164,114.8073
2019-08-01,3.3925,4.3361,1.7155,2.0253,0.407,0.7168,1.081,0.951,0.772,0.526,0.3784,0.6275,3.112,114.8717
2019-08-02,3.3407,4.2776,1.6916,1.9991,0.4033,0.7138,1.068,0.923,0.757,0.521,0.3751,0.6304,3.184,115.0512
2019-08-05,3.2827,4.2315,1.6729,1.9664,0.395,0.7067,1.047,0.904,0.755,0.5135,0.3681,0.6402,3.29,115.3926
2019-08-06,3.2484,4.1317,1.6277,1.933,0.3938,0.7005,1.037,0.897,0.739,0.5,0.3714,0.6226,3.296,115.5916
2019-08-07,3.2273,4.1136,1.6251,1.9272,0.3963,0.697,1.035,0.883,0.726,0.489,0.3696,0.648,3.363,115.2365
2019-08-08,3.2748,4.1367,1.6464,1.9424,0.4022,0.7042,1.052,0.894,0.741,0.504,0.3773,0.6471,3.386,115.2521
2019-08-09,3.2493,4.0979,1.6384,1.9431,0.4033,0.6942,1.05,0.884,0.727,0.4935,0.371,0.6422,3.403,115.5262
2019-08-12,3.3011,4.1721,1.665,1.9649,0.4067,0.7067,1.064,0.904,0.738,0.514,0.3817,0.6373,3.382,115.734
2019-08-13,3.273,4.1449,1.6597,1.9533,0.407,0.7048,1.05,0.893,0.735,0.51,0.3802,0.648,3.465,115.7233
2019-08-14,3.2853,4.1639,1.6729,1.9577,0.4135,0.7125,1.048,0.896,0.744,0.513,0.3898,0.6441,3.376,115.6072
2019-08-15,3.2985,4.1837,1.6783,1.9679,0.415,0.7115,1.047,0.893,0.744,0.521,0.3879,0.6402,3.414,115.6228
2019-08-16,3.3126,4.196,1.6916,1.9686,0.417,0.721,1.045,0.898,0.745,0.5255,0.3946,0.6432,3.419,115.5272
2019-08-19,3.3917,4.351,1.7474,2.0006,0.4257,0.7295,1.05,0.96,0.767,0.5485,0.3993,0.65,3.402,115.336
2019-08-20,3.3776,4.3328,1.7448,2.0049,0.4225,0.7287,1.048,0.951,0.77,0.547,0.4038,0.6569,3.388,115.3243
2019-08-21,3.3767,4.3403,1.7474,2.0042,0.4207,0.7235,1.044,0.948,0.768,0.5525,0.3993,0.649,3.391,115.3682
2019-08-22,3.3837,4.3452,1.7554,1.9984,0.425,0.735,1.041,0.946,0.78,0.551,0.4082,0.648,3.401,115.3448
2019-08-23,3.4075,4.3477,1.7501,2.0035,0.44,0.7377,1.052,0.942,0.775,0.5435,0.4082,0.6451,3.398,115.136
2019-08-26,3.3697,4.3172,1.7421,1.994,0.441,0.7272,1.034,0.929,0.773,0.543,0.3997,0.649,3.52,115.3614
2019-08-27,3.4048,4.3815,1.7767,2.0202,0.4448,0.7465,1.045,0.944,0.789,0.558,0.4096,0.6539,3.522,115.3243
2019-08-28,3.3943,4.3798,1.7687,2.01,0.441,0.7555,1.032,0.934,0.791,0.5555,0.4089,0.65,3.524,115.3467
2019-08-29,3.3846,4.3922,1.7714,2.0013,0.4405,0.757,1.026,0.928,0.793,0.565,0.4141,0.652,3.565,115.3731
2019-08-30,3.3934,4.3559,1.7501,1.9904,0.4435,0.7655,1.027,0.924,0.809,0.5655,0.4229,0.652,3.508,115.297
2019-09-02,3.4312,4.4573,1.7926,2.0129,0.4482,0.771,1.034,0.944,0.849,0.588,0.424,0.6598,3.496,115.255
2019-09-03,3.4347,4.482,1.8059,2.0194,0.4442,0.7692,1.035,0.945,0.851,0.6035,0.4199,0.6608,3.511,115.1555
2019-09-04,3.4778,4.5488,1.8245,2.0456,0.4428,0.7625,1.047,0.964,0.845,0.617,0.4148,0.6686,3.524,115.1594
2019-09-05,3.5103,4.5776,1.8352,2.0623,0.4442,0.767,1.06,0.99,0.849,0.618,0.4166,0.6755,3.539,115.2658
2019-09-06,3.5358,4.5933,1.8458,2.071,0.4487,0.7638,1.069,0.999,0.855,0.614,0.4159,0.6676,3.429,115.6374
2019-09-09,3.5481,4.6782,1.9017,2.0812,0.4507,0.7617,1.066,1.013,0.863,0.652,0.4163,0.6784,3.444,115.5301
2019-09-10,3.5384,4.6741,1.9017,2.0747,0.4572,0.7613,1.063,1.014,0.851,0.637,0.4148,0.6784,3.389,115.4823
2019-09-11,3.5129,4.6551,1.8804,2.0703,0.4462,0.74,1.068,1.021,0.843,0.6305,0.399,0.6745,3.404,115.4228
2019-09-12,3.549,4.6675,1.8937,2.0827,0.4475,0.7433,1.072,1.037,0.846,0.633,0.4052,0.6755,3.404,115.3038
2019-09-16,3.5367,4.6691,1.8964,2.0892,0.4493,0.7405,1.068,1.023,0.841,0.646,0.4034,0.6794,3.407,115.2892
2019-09-17,3.4725,4.5719,1.8591,2.0638,0.4437,0.7365,1.053,0.993,0.816,0.6205,0.4034,0.6618,3.394,115.336
2019-09-18,3.4875,4.5751,1.8538,2.066,0.4462,0.751,1.058,0.987,0.811,0.621,0.4185,0.6588,3.407,115.2911
2019-09-19,3.5041,4.6164,1.8698,2.0681,0.4498,0.7513,1.055,0.994,0.825,0.638,0.4192,0.6666,3.401,115.3145
2019-09-20,3.5094,4.6238,1.8724,2.0689,0.455,0.752,1.06,0.986,0.816,0.655,0.4207,0.6676,3.412,115.3711
2019-09-23,3.4787,4.6048,1.8618,2.0485,0.4478,0.7427,1.05,0.973,0.813,0.676,0.4155,0.6608,3.441,115.4306
2019-09-24,3.4813,4.6065,1.8644,2.0507,0.452,0.746,1.05,0.976,0.811,0.6775,0.4258,0.6647,3.46,115.3828
2019-09-25,3.4576,4.5339,1.8299,2.0311,0.4475,0.7437,1.054,0.97,0.795,0.639,0.4221,0.6598,3.48,115.3848
2019-09-26,3.4338,4.4309,1.7714,2.0311,0.4403,0.7318,1.068,0.957,0.766,0.6095,0.4159,0.6392,3.434,115.3575
2019-09-27,3.4417,4.4515,1.7873,2.0209,0.4423,0.7337,1.069,0.962,0.773,0.6165,0.4174,0.6373,3.404,115.2668
2019-09-30,3.4004,4.3889,1.7634,2.0093,0.4405,0.7303,1.058,0.941,0.766,0.604,0.4111,0.6294,3.396,115.4989
2019-10-08,3.4224,4.3988,1.7687,2.0151,0.4412,0.7415,1.073,0.934,0.756,0.59,0.4159,0.6285,3.39,115.4511
2019-10-09,3.4321,4.4375,1.7847,2.0311,0.4375,0.735,1.085,0.936,0.761,0.602,0.4119,0.6353,3.44,115.5623
2019-10-10,3.4567,4.4861,1.8113,2.0398,0.4523,0.7412,1.084,0.944,0.769,0.6085,0.413,0.6373,3.422,115.4697
2019-10-11,3.4989,4.5092,1.8139,2.0609,0.4532,0.745,1.107,0.96,0.767,0.599,0.4133,0.6343,3.405,115.4062
2019-10-14,3.5244,4.5603,1.8405,2.0798,0.4572,0.749,1.127,0.975,0.776,0.6175,0.4137,0.6363,3.356,115.3643
2019-10-15,3.5129,4.5051,1.8166,2.0703,0.4613,0.752,1.131,0.964,0.763,0.5965,0.4207,0.6246,3.363,115.3936
2019-10-16,3.5006,4.4787,1.8033,2.0652,0.4622,0.742,1.125,0.957,0.757,0.5895,0.4122,0.6197,3.35,115.3828
2019-10-17,3.5059,4.4795,1.8033,2.0543,0.4613,0.7405,1.122,0.955,0.753,0.589,0.4133,0.6197,3.374,115.4326
2019-10-18,3.4549,4.4177,1.782,2.0333,0.4605,0.737,1.107,0.932,0.74,0.576,0.4063,0.6099,3.371,115.3594
2019-10-21,3.4628,4.4095,1.7714,2.0369,0.455,0.7418,1.12,0.923,0.74,0.5755,0.4074,0.6069,3.369,115.1272
2019-10-22,3.476,4.4507,1.7926,2.0398,0.4608,0.745,1.116,0.928,0.748,0.5865,0.4078,0.6108,3.356,115.218
2019-10-23,3.4576,4.4243,1.7793,2.0362,0.455,0.7377,1.114,0.919,0.74,0.5815,0.4008,0.6079,3.371,115.257
2019-10-24,3.462,4.4161,1.7767,2.0398,0.4515,0.7312,1.127,0.925,0.741,0.5775,0.396,0.605,3.364,115.2726
2019-10-25,3.4831,4.4532,1.79,2.042,0.4625,0.7498,1.124,0.937,0.745,0.586,0.4019,0.6079,3.398,115.3194
2019-10-28,3.5033,4.5142,1.8378,2.0492,0.47,0.7563,1.12,0.95,0.758,0.6065,0.4096,0.6177,3.395,115.136
2019-10-29,3.4918,4.4589,1.8166,2.0405,0.472,0.7642,1.113,0.931,0.749,0.5925,0.4126,0.6099,3.36,115.0707
2019-10-30,3.469,4.4037,1.8006,2.018,0.4695,0.7607,1.111,0.921,0.741,0.604,0.4096,0.603,3.356,115.0239
2019-10-31,3.4672,4.3806,1.7793,2.0093,0.475,0.7632,1.105,0.921,0.739,0.6045,0.4104,0.6001,3.363,115.0707
2019-11-01,3.5384,4.4227,1.7953,2.0267,0.4818,0.766,1.128,0.933,0.743,0.608,0.417,0.6069,3.387,115.1302
2019-11-04,3.5499,4.435,1.8059,2.0325,0.4837,0.7705,1.133,0.935,0.741,0.6135,0.4203,0.6099,3.383,115.0668
2019-11-05,3.5701,4.468,1.8139,2.0427,0.4845,0.7757,1.145,0.948,0.743,0.6215,0.421,0.6148,3.362,115.1682
2019-11-06,3.5551,4.4293,1.7953,2.0303,0.4832,0.7667,1.151,0.937,0.753,0.604,0.4177,0.6148,3.313,115.3155
2019-11-07,3.5595,4.4581,1.8059,2.0354,0.485,0.7713,1.149,0.941,0.748,0.6085,0.4221,0.6118,3.331,115.2375
2019-11-08,3.5455,4.4416,1.8059,2.0282,0.487,0.77,1.134,0.928,0.742,0.6135,0.4236,0.6089,3.269,115.1868
2019-11-11,3.4866,4.3394,1.7581,1.9911,0.4762,0.761,1.116,0.911,0.724,0.598,0.4192,0.5952,3.266,115.3575
2019-11-12,3.4822,4.3419,1.7607,1.9947,0.4798,0.7642,1.12,0.913,0.724,0.5915,0.4225,0.5903,3.233,115.3731
2019-11-13,3.4795,4.3419,1.7554,1.9853,0.486,0.7675,1.115,0.905,0.72,0.616,0.4273,0.5932,3.267,115.3848
2019-11-14,3.4822,4.3675,1.7634,1.9838,0.4933,0.7685,1.11,0.907,0.722,0.635,0.4324,0.5922,3.276,115.3272
2019-11-15,3.4655,4.3411,1.7474,1.9729,0.4882,0.7588,1.109,0.896,0.716,0.629,0.4299,0.5893,3.268,115.4228
2019-11-18,3.4901,4.3567,1.7581,1.9838,0.4922,0.7615,1.12,0.907,0.719,0.6315,0.4324,0.5922,3.269,115.7321
2019-11-19,3.5252,4.4268,1.7953,1.9984,0.5025,0.768,1.122,0.914,0.731,0.6415,0.4354,0.603,3.29,115.7877
2019-11-20,3.4892,4.3988,1.7793,1.9897,0.5002,0.7667,1.104,0.9,0.724,0.633,0.4365,0.6069,3.301,115.7252
2019-11-21,3.4716,4.4054,1.782,1.9882,0.491,0.7632,1.098,0.9,0.73,0.634,0.4343,0.606,3.294,115.7955
2019-11-22,3.4347,4.36,1.7607,1.9897,0.4753,0.7485,1.094,0.899,0.726,0.6185,0.4233,0.6099,3.287,115.7662
2019-11-25,3.4593,4.3633,1.7474,2.0122,0.4723,0.7442,1.108,0.903,0.722,0.593,0.4236,0.6206,3.264,115.6657
2019-11-26,3.4646,4.3485,1.7474,2.0078,0.4748,0.751,1.106,0.899,0.724,0.597,0.4262,0.6187,3.263,115.656
2019-11-27,3.4593,4.3683,1.7501,2.0035,0.4742,0.7505,1.1,0.895,0.72,0.6225,0.4266,0.6236,3.268,115.694
2019-11-28,3.4541,4.36,1.7448,1.9984,0.4753,0.7483,1.097,0.895,0.72,0.62,0.4269,0.6167,3.261,115.6911
2019-11-29,3.4163,4.36,1.7421,1.994,0.4608,0.7318,1.09,0.898,0.725,0.6245,0.4159,0.6128,3.265,115.8657
2019-12-02,3.4233,4.3741,1.7474,1.9998,0.4545,0.737,1.091,0.904,0.725,0.6355,0.4163,0.6138,3.269,116.0208
2019-12-03,3.4374,4.393,1.7581,2.002,0.4548,0.737,1.095,0.91,0.73,0.6515,0.4144,0.6187,3.277,116.1047
2019-12-04,3.4391,4.3839,1.7607,1.9918,0.458,0.7368,1.089,0.907,0.735,0.6565,0.4177,0.6304,3.337,116.0862
2019-12-05,3.4646,4.4252,1.7767,2.0013,0.4613,0.7385,1.097,0.921,0.745,0.668,0.4177,0.6324,3.321,116.0667
2019-12-06,3.4866,4.468,1.7926,1.9976,0.4638,0.747,1.095,0.926,0.744,0.682,0.4273,0.6314,3.298,116.0462
2019-12-09,3.4743,4.4771,1.7953,2.0093,0.4548,0.7425,1.095,0.925,0.743,0.693,0.4244,0.6304,3.275,115.8794
2019-12-10,3.4769,4.4993,1.8033,2.0144,0.4588,0.7393,1.093,0.924,0.74,0.7135,0.424,0.6373,3.28,115.8121
2019-12-11,3.4832,4.4812,1.798,2.0245,0.458,0.731,1.103,0.924,0.738,0.706,0.421,0.6334,3.282,115.8472
2019-12-12,3.4707,4.4697,1.798,2.0245,0.457,0.7272,1.099,0.919,0.74,0.729,0.4196,0.6314,3.301,115.8491
2019-12-13,3.543,4.5331,1.8272,2.0471,0.4645,0.7355,1.119,0.957,0.745,0.731,0.4258,0.6402,3.261,115.8521
2019-12-16,3.5537,4.6048,1.8591,2.0645,0.4663,0.7325,1.119,0.969,0.758,0.745,0.424,0.6422,3.294,115.8374
2019-12-17,3.6091,4.6773,1.8804,2.0783,0.4712,0.7437,1.131,0.999,0.764,0.74,0.4273,0.6588,3.292,115.7828
2019-12-18,3.5948,4.6732,1.8804,2.0754,0.464,0.7405,1.133,0.998,0.762,0.739,0.4266,0.6578,3.295,115.814
2019-12-19,3.5903,4.6839,1.8964,2.0805,0.4638,0.7358,1.136,0.993,0.767,0.722,0.4236,0.6598,3.291,115.8433
2019-12-20,3.5858,4.6386,1.8698,2.0696,0.461,0.7352,1.136,1.0,0.754,0.714,0.4221,0.652,3.302,115.9701
2019-12-23,3.5394,4.5323,1.8245,2.0471,0.4595,0.7278,1.123,0.972,0.738,0.6885,0.4199,0.6471,3.313,116.1106
2019-12-24,3.5582,4.6007,1.8618,2.0529,0.46,0.7303,1.13,0.983,0.745,0.71,0.421,0.6774,3.331,116.4325
2019-12-25,3.5644,4.6213,1.8751,2.0529,0.4597,0.7262,1.128,0.985,0.746,0.7465,0.4177,0.6764,3.352,116.3818
2019-12-26,3.5903,4.6559,1.891,2.0732,0.4638,0.7255,1.135,1.008,0.754,0.739,0.4199,0.6833,3.353,116.5427
2019-12-27,3.5867,4.6188,1.8751,2.0747,0.4613,0.7345,1.135,0.989,0.752,0.715,0.4244,0.7038,3.363,116.7651
2019-12-30,3.6385,4.6831,1.8884,2.0921,0.4638,0.75,1.134,1.046,0.758,0.7185,0.4387,0.7107,3.362,116.7066
2019-12-31,3.6573,4.7021,1.899,2.1059,0.4742,0.7545,1.132,1.04,0.758,0.717,0.4391,0.7107,3.384,116.9153
2020-01-02,3.7046,4.7919,1.9363,2.1321,0.4737,0.7563,1.152,1.049,0.771,0.746,0.4347,0.7205,3.371,116.453
2020-01-03,3.6966,4.8002,1.9442,2.127,0.4717,0.752,1.154,1.045,0.784,0.7475,0.4302,0.7332,3.422,116.3447
2020-01-06,3.6814,4.8546,1.9629,2.1219,0.4667,0.7533,1.149,1.045,0.793,0.753,0.4266,0.7587,3.497,116.4705
2020-01-07,3.7099,4.9172,1.9948,2.1372,0.4723,0.77,1.153,1.053,0.794,0.7475,0.4321,0.7489,3.466,116.413
2020-01-08,3.6733,4.8488,1.9708,2.1226,0.4678,0.7648,1.132,1.021,0.805,0.7305,0.4302,0.7489,3.531,116.5427
2020-01-09,3.7126,4.9098,1.9974,2.1394,0.48,0.7768,1.138,1.036,0.798,0.75,0.438,0.7401,3.408,116.6451
2020-01-10,3.7117,4.8892,1.9948,2.1335,0.4825,0.7742,1.138,1.038,0.791,0.7805,0.4501,0.7361,3.419,116.7641
2020-01-13,3.7519,4.9708,2.0214,2.1408,0.4855,0.7857,1.143,1.05,0.8,0.825,0.4582,0.742,3.418,116.7671
2020-01-14,3.7358,4.9493,2.016,2.1517,0.481,0.7795,1.139,1.036,0.793,0.81,0.449,0.7596,3.374,116.8549
2020-01-15,3.7073,4.9345,2.0134,2.1437,0.483,0.7807,1.127,1.031,0.786,0.8345,0.4505,0.743,3.403,116.9046
2020-01-16,3.7019,4.9411,2.016,2.1415,0.483,0.7822,1.119,1.026,0.796,0.8325,0.4512,0.7391,3.406,116.7173
2020-01-17,3.7064,4.9131,2.0054,2.127,0.4902,0.776,1.118,1.031,0.792,0.827,0.4527,0.7371,3.404,116.8266
2020-01-20,3.7332,4.9955,2.0347,2.127,0.495,0.7747,1.127,1.046,0.807,0.876,0.4519,0.741,3.405,116.8793
2020-01-21,3.6653,4.937,2.0134,2.0881,0.5005,0.7582,1.11,1.028,0.8,0.8765,0.438,0.7234,3.437,117.4314
2020-01-22,3.6778,4.9749,2.0267,2.085,0.4945,0.7555,1.109,1.035,0.803,0.929,0.4394,0.7283,3.407,117.1592
2020-01-23,3.568,4.7894,1.9549,2.0376,0.4827,0.7268,1.085,0.994,0.79,0.916,0.4269,0.7068,3.43,117.8401
2020-02-03,3.2671,4.4004,1.7607,1.8474,0.4512,0.654,1.001,0.895,0.711,0.8245,0.3843,0.6363,3.52,119.5941
2020-02-04,3.3662,4.4746,1.7847,1.8963,0.472,0.6808,1.03,0.892,0.721,0.86,0.3868,0.649,3.492,118.364
2020-02-05,3.3992,4.571,1.8458,1.9207,0.4885,0.6938,1.031,0.905,0.739,0.8635,0.3905,0.6676,3.469,118.5484
2020-02-06,3.4796,4.707,1.8964,1.9253,0.5033,0.7153,1.037,0.928,0.767,0.8855,0.3935,0.6764,3.452,118.2069
2020-02-07,3.4715,4.7524,1.915,1.9207,0.4965,0.7237,1.033,0.929,0.784,0.922,0.399,0.6696,3.468,118.3932
2020-02-10,3.4832,4.7985,1.9416,1.9536,0.4913,0.7327,1.031,0.938,0.789,0.898,0.3986,0.6999,3.481,118.5913
2020-02-11,3.5207,4.7771,1.9363,1.9643,0.494,0.7372,1.041,0.937,0.782,0.9065,0.4078,0.696,3.472,118.6625
2020-02-12,3.5457,4.8743,1.9815,1.9696,0.5,0.7398,1.043,0.953,0.798,0.9345,0.4096,0.7322,3.465,118.5454
2020-02-13,3.5269,4.8307,1.9708,1.9574,0.4955,0.736,1.035,0.937,0.791,0.9735,0.406,0.7313,3.49,118.3747
2020-02-14,3.551,4.8364,1.9788,1.9689,0.4965,0.7418,1.044,0.954,0.792,0.988,0.4049,0.7489,3.494,118.3708
2020-02-17,3.6287,5.0004,2.0533,2.0032,0.505,0.7545,1.064,1.004,0.849,1.0175,0.4104,0.7645,3.505,118.1981
2020-02-18,3.6064,5.0408,2.1065,2.0048,0.501,0.7505,1.054,0.997,0.874,1.065,0.4074,0.7675,3.522,118.1757
2020-02-19,3.6073,5.0004,2.0905,2.0032,0.4935,0.7602,1.051,0.999,0.856,1.0785,0.4141,0.7499,3.562,118.2011
2020-02-20,3.6885,5.0944,2.1224,2.0308,0.4997,0.7747,1.066,1.068,0.865,1.108,0.4295,0.7538,3.574,118.0596
2020-02-21,3.701,5.1752,2.1703,2.043,0.5005,0.7707,1.063,1.064,0.89,1.1425,0.4284,0.7665,3.646,118.1757
2020-02-24,3.6716,5.223,2.2129,2.0292,0.499,0.762,1.05,1.065,0.897,1.2075,0.4192,0.7626,3.725,118.3971
2020-02-25,3.6644,5.2576,2.2235,2.0032,0.5038,0.7598,1.04,1.073,0.896,1.224,0.4163,0.7675,3.648,118.3298
2020-02-26,3.6341,5.1241,2.1517,2.0086,0.4882,0.753,1.045,1.053,0.879,1.104,0.4119,0.7401,3.668,118.3435
2020-02-27,3.6349,5.1224,2.1517,2.0101,0.4913,0.7645,1.048,1.055,0.871,1.072,0.4148,0.7381,3.669,118.4635
2020-02-28,3.5117,4.8677,2.0187,1.9543,0.476,0.733,1.022,0.987,0.821,1.0175,0.3964,0.6901,3.623,118.9766
2020-03-02,3.6394,5.0458,2.1278,2.0147,0.4873,0.7558,1.038,1.036,0.853,1.02,0.4082,0.7107,3.542,118.7669
2020-03-03,3.6367,5.0804,2.1437,2.0201,0.5,0.7623,1.04,1.046,0.872,1.0215,0.4111,0.7185,3.536,118.7883
2020-03-04,3.6626,5.0969,2.1544,2.0384,0.4997,0.775,1.044,1.075,0.872,0.98,0.4144,0.7293,3.612,118.9629
2020-03-05,3.7501,5.162,2.1916,2.0552,0.5155,0.8125,1.071,1.108,0.877,0.999,0.4358,0.7352,3.611,118.9883
2020-03-06,3.6796,5.1323,2.1783,2.0376,0.515,0.7972,1.055,1.067,0.871,0.9845,0.4266,0.7342,3.686,119.1483
2020-03-09,3.5626,4.9427,2.0905,1.9834,0.5008,0.773,1.025,1.034,0.827,0.909,0.4093,0.697,3.659,119.9609
2020-03-10,3.6412,5.0524,2.1464,2.0117,0.507,0.7883,1.04,1.068,0.866,0.982,0.4236,0.7068,3.612,119.6009
2020-03-11,3.5814,4.9782,2.1171,1.9994,0.4985,0.7845,1.029,1.037,0.866,0.9365,0.4192,0.697,3.648,119.5999
2020-03-12,3.5251,4.9139,2.0692,1.9681,0.4832,0.763,1.024,1.025,0.843,0.9385,0.4115,0.6784,3.608,119.6955
2020-03-13,3.4724,4.8785,2.0559,1.9345,0.4725,0.7513,1.019,1.016,0.843,0.9565,0.4038,0.6647,3.502,119.2185
2020-03-16,3.3269,4.6419,1.9549,1.8902,0.4588,0.721,0.982,0.959,0.795,0.886,0.3891,0.6363,3.414,119.0771
2020-03-17,3.2974,4.651,1.9522,1.8726,0.458,0.7105,0.98,0.961,0.795,0.899,0.381,0.6285,3.255,118.8078
2020-03-18,3.2421,4.5809,1.923,1.8527,0.4543,0.7078,0.958,0.93,0.774,0.8805,0.3725,0.6167,3.326,118.8078
2020-03-19,3.2108,4.6221,1.9416,1.8199,0.4482,0.699,0.935,0.942,0.787,0.916,0.3585,0.6118,3.312,118.5035
2020-03-20,3.2537,4.6559,1.9682,1.839,0.4597,0.718,0.954,0.954,0.792,0.903,0.3707,0.6226,3.346,118.72
2020-03-23,3.1483,4.4697,1.8804,1.7817,0.4512,0.6973,0.93,0.912,0.752,0.8255,0.3593,0.5962,3.337,119.3014
2020-03-24,3.2242,4.5331,1.9097,1.8138,0.4663,0.7203,0.955,0.936,0.765,0.827,0.3747,0.6236,3.523,119.3161
2020-03-25,3.309,4.6427,1.9549,1.8573,0.4812,0.7362,0.972,0.951,0.776,0.8445,0.3861,0.6383,3.581,119.3346
2020-03-26,3.2885,4.5982,1.9389,1.8436,0.491,0.735,0.978,0.934,0.766,0.829,0.3857,0.6304,3.572,119.5941
2020-03-27,3.3037,4.5785,1.9283,1.8535,0.4915,0.741,0.98,0.941,0.766,0.8185,0.3957,0.6255,3.612,119.7921
2020-03-30,3.2733,4.4903,1.8751,1.8367,0.4837,0.7405,0.975,0.932,0.76,0.8,0.3902,0.6108,3.583,119.9463
2020-03-31,3.276,4.4903,1.8751,1.8329,0.4902,0.77,0.967,0.927,0.749,0.794,0.3957,0.6177,3.586,120.1755
2020-04-01,3.2796,4.4738,1.8698,1.8206,0.4815,0.762,0.965,0.922,0.747,0.81,0.392,0.6285,3.528,120.4018
2020-04-02,3.3242,4.6065,1.9176,1.8405,0.4895,0.7673,0.972,0.94,0.767,0.8705,0.3968,0.6334,3.543,120.2516
2020-04-03,3.301,4.5513,1.9043,1.8352,0.4945,0.7722,0.966,0.926,0.76,0.8605,0.396,0.6255,3.575,120.195
2020-04-07,3.3751,4.6864,1.9735,1.8619,0.507,0.798,0.977,0.948,0.793,0.8795,0.406,0.648,3.676,120.8281
2020-04-08,3.3617,4.7004,1.9761,1.8627,0.5055,0.79,0.971,0.943,0.804,0.8885,0.4045,0.652,3.641,121.3383
2020-04-09,3.3715,4.7441,2.0001,1.8619,0.5185,0.7912,0.971,0.952,0.803,0.879,0.4074,0.65,3.65,121.4749
2020-04-10,3.3608,4.6584,1.9682,1.8489,0.513,0.7935,0.969,0.939,0.79,0.836,0.4122,0.6383,3.671,121.2398
2020-04-13,3.3421,4.6106,1.9336,1.8413,0.5157,0.7845,0.963,0.929,0.789,0.8115,0.4107,0.6353,3.67,121.4095
2020-04-14,3.3974,4.7095,1.9708,1.8596,0.523,0.7985,0.974,0.954,0.797,0.838,0.4166,0.6598,3.712,121.4485
2020-04-15,3.3778,4.7004,1.9549,1.8527,0.5203,0.7912,0.969,0.944,0.788,0.8415,0.4141,0.6539,3.702,122.0231
2020-04-16,3.3796,4.7375,1.9761,1.8466,0.5213,0.7893,0.966,0.952,0.799,0.8565,0.4126,0.6539,3.73,121.9021
2020-04-17,3.4099,4.7433,1.9788,1.852,0.5178,0.7955,0.974,0.95,0.797,0.8835,0.4155,0.65,3.669,121.8251
2020-04-20,3.4242,4.7944,2.016,1.8543,0.5207,0.7997,0.973,0.954,0.812,0.891,0.4192,0.651,3.651,121.8163
2020-04-21,3.3885,4.7639,2.0001,1.842,0.517,0.79,0.97,0.936,0.812,0.8675,0.4111,0.6383,3.684,121.8787
2020-04-22,3.4189,4.8084,2.0187,1.8428,0.528,0.816,0.969,0.939,0.811,0.8735,0.4225,0.6402,3.674,122.3216
2020-04-23,3.4126,4.7837,2.0081,1.8367,0.528,0.8192,0.965,0.931,0.821,0.861,0.424,0.6412,3.739,122.7069
2020-04-24,3.384,4.7128,1.9761,1.8229,0.5197,0.8205,0.96,0.915,0.805,0.8375,0.4299,0.6392,3.769,122.7811
2020-04-27,3.3992,4.6963,1.9602,1.8313,0.5312,0.8253,0.977,0.913,0.792,0.8265,0.4269,0.6294,3.741,122.8123
2020-04-28,3.4207,4.66,1.9336,1.8176,0.5312,0.8407,0.981,0.925,0.781,0.8605,0.438,0.6187,3.714,122.942
2020-04-29,3.4385,4.6691,1.9336,1.842,0.524,0.82,1.002,0.926,0.79,0.849,0.4317,0.6206,3.733,123.302
2020-04-30,3.4894,4.7861,1.9815,1.8734,0.523,0.82,1.008,0.947,0.815,0.9105,0.4354,0.6373,3.746,123.3381
2020-05-06,3.4983,4.8603,2.0187,1.8726,0.5322,0.8255,0.999,0.95,0.831,0.961,0.4409,0.6539,3.741,123.0854
2020-05-07,3.4921,4.8546,2.016,1.8734,0.533,0.8367,0.992,0.943,0.828,0.9545,0.4453,0.65,3.723,122.3743
2020-05-08,3.5296,4.9164,2.0426,1.8864,0.5383,0.8413,1.001,0.961,0.837,0.9575,0.4497,0.6588,3.769,122.2163
2020-05-11,3.5233,4.8974,2.0373,1.8848,0.53,0.8307,1.002,0.954,0.842,0.9505,0.4508,0.649,3.754,121.9509
2020-05-12,3.5224,4.9098,2.0426,1.8764,0.536,0.8375,0.995,0.951,0.839,0.974,0.4541,0.6432,3.746,122.1216
2020-05-13,3.5305,4.9353,2.0586,1.8779,0.5443,0.8485,0.992,0.951,0.838,0.969,0.4681,0.6461,3.757,122.0553
2020-05-14,3.501,4.9098,2.0426,1.8596,0.5437,0.837,0.984,0.938,0.839,0.9665,0.4674,0.6432,3.781,122.2543
2020-05-15,3.484,4.9188,2.0533,1.8558,0.5385,0.8313,0.982,0.94,0.839,1.0095,0.4641,0.652,3.834,122.4611
2020-05-18,3.4948,4.8933,2.04,1.8558,0.548,0.8533,0.984,0.936,0.852,0.974,0.4758,0.6725,3.927,122.0377
2020-05-19,3.5207,4.9485,2.0719,1.8619,0.5518,0.854,0.989,0.941,0.859,1.0235,0.4784,0.6666,3.865,121.8504
2020-05-20,3.5064,4.9098,2.0559,1.8497,0.5468,0.8475,0.993,0.934,0.836,0.9985,0.474,0.6637,3.906,121.4583
2020-05-21,3.4832,4.8513,2.0214,1.8436,0.5495,0.844,0.99,0.926,0.822,0.957,0.4784,0.6539,3.87,121.4836
2020-05-22,3.4064,4.768,1.9841,1.8176,0.5355,0.822,0.974,0.905,0.81,0.949,0.4619,0.6432,3.865,122.0163
2020-05-25,3.4082,4.7482,1.9841,1.8168,0.543,0.8388,0.971,0.9,0.8,0.93,0.4725,0.6363,3.858,121.7022
2020-05-26,3.4492,4.8373,2.0293,1.826,0.5523,0.8443,0.976,0.909,0.812,0.95,0.4784,0.6471,3.876,121.0398
2020-05-27,3.4332,4.8068,2.016,1.8352,0.5415,0.8355,0.979,0.899,0.805,0.9275,0.4751,0.6451,3.835,120.7549
2020-05-28,3.4376,4.7936,2.0107,1.8382,0.534,0.8325,0.994,0.911,0.805,0.917,0.4814,0.6559,3.863,120.99
2020-05-29,3.4519,4.8331,2.0347,1.8275,0.5395,0.8425,0.989,0.907,0.81,0.9105,0.4883,0.6588,3.864,120.8574
2020-06-01,3.543,4.9955,2.1012,1.8581,0.55,0.865,1.001,0.946,0.828,0.956,0.5012,0.6715,3.895,120.6906
2020-06-02,3.5528,4.9906,2.0985,1.8627,0.5455,0.8622,1.007,0.943,0.83,0.961,0.4928,0.6706,3.888,120.1218
2020-06-03,3.5519,4.9823,2.0958,1.8703,0.5477,0.8577,1.009,0.934,0.824,0.9605,0.4931,0.6647,3.853,119.8175
2020-06-04,3.5537,4.9914,2.1091,1.8787,0.5535,0.864,1.007,0.929,0.817,0.9515,0.503,0.6676,3.82,119.6955
2020-06-05,3.5742,5.0029,2.1065,1.8673,0.5577,0.8633,1.008,0.939,0.816,0.975,0.5093,0.6666,3.817,119.5658
2020-06-08,3.5912,4.9922,2.1065,1.8749,0.5505,0.8677,1.008,0.934,0.814,0.958,0.51,0.6725,3.783,119.8789
2020-06-09,3.6153,5.0219,2.1198,1.8795,0.5605,0.8737,1.009,0.943,0.812,0.9675,0.5152,0.6725,3.782,119.9472
2020-06-10,3.6073,5.0285,2.1171,1.8718,0.5702,0.8783,1.004,0.936,0.813,0.963,0.5174,0.6676,3.821,119.6468
2020-06-11,3.5742,5.0194,2.1118,1.8588,0.5675,0.8622,0.991,0.93,0.815,0.9575,0.5082,0.6735,3.855,119.8175
2020-06-12,3.5832,5.0202,2.1145,1.8566,0.5755,0.8627,0.99,0.929,0.814,0.9545,0.5108,0.6666,3.854,119.998
2020-06-15,3.5323,5.0145,2.1145,1.8443,0.5738,0.8597,0.98,0.927,0.802,0.9275,0.5005,0.6578,3.844,120.1326
2020-06-16,3.5876,5.1051,2.157,1.8657,0.5867,0.8675,0.987,0.936,0.81,0.942,0.51,0.6794,3.84,119.4721
2020-06-17,3.5912,5.1463,2.165,1.8718,0.6012,0.87,0.988,0.933,0.823,0.935,0.5034,0.6803,3.842,119.0215
2020-06-18,3.6189,5.1595,2.1597,1.8879,0.5978,0.877,0.982,0.943,0.81,0.954,0.5042,0.6843,3.836,118.9834
2020-06-19,3.6653,5.1974,2.1783,1.8856,0.6122,0.8923,0.987,0.975,0.816,0.9655,0.5167,0.6872,3.844,118.8166
2020-06-22,3.6689,5.1941,2.1889,1.8764,0.6183,0.8947,0.984,1.002,0.825,1.003,0.52,0.6921,3.886,118.9551
2020-06-23,3.6858,5.2172,2.1942,1.8695,0.6308,0.9062,0.98,1.01,0.827,1.0055,0.5361,0.6941,3.882,118.4274
2020-06-24,3.718,5.218,2.1863,1.8718,0.628,0.9143,0.991,1.011,0.822,1.033,0.5358,0.6941,3.91,118.9122
2020-06-29,3.6858,5.195,2.1836,1.8581,0.6267,0.9172,0.987,0.979,0.822,1.011,0.5365,0.6872,3.91,119.1532
2020-06-30,3.7305,5.2716,2.2155,1.8711,0.632,0.9287,0.99,1.012,0.835,1.029,0.552,0.6931,3.914,119.0078
2020-07-01,3.8144,5.2947,2.2288,1.9016,0.6258,0.9578,1.006,1.031,0.835,1.0405,0.5847,0.7068,3.939,119.1658
2020-07-02,3.9019,5.3895,2.2554,1.9452,0.621,0.9745,1.03,1.116,0.848,1.0675,0.5939,0.7146,3.903,119.2985
2020-07-03,3.9796,5.4612,2.2847,1.9734,0.6305,0.9762,1.057,1.228,0.857,1.072,0.5876,0.7342,3.915,119.1532
2020-07-06,4.2716,5.7208,2.3804,2.1133,0.634,1.0115,1.163,1.351,0.91,1.179,0.6023,0.8008,3.902,118.442
2020-07-07,4.2287,5.7777,2.4097,2.0804,0.6522,1.0297,1.146,1.28,0.921,1.199,0.6156,0.7841,3.911,118.1318
2020-07-08,4.2841,5.8931,2.4576,2.111,0.6525,1.0412,1.157,1.353,1.011,1.2195,0.6178,0.8243,3.928,117.9143
2020-07-09,4.3501,6.0505,2.5427,2.1201,0.6768,1.055,1.143,1.36,1.041,1.2575,0.6266,0.8497,3.954,117.926
2020-07-10,4.2725,6.0414,2.5347,2.0728,0.6835,1.06,1.101,1.331,1.015,1.273,0.634,0.8223,3.926,118.283
2020-07-13,4.3618,6.2334,2.657,2.1133,0.7057,1.1118,1.101,1.351,1.036,1.3225,0.6759,0.8791,3.939,117.9777
2020-07-14,4.3234,6.151,2.6171,2.101,0.714,1.104,1.085,1.356,1.039,1.321,0.6689,0.8448,3.935,118.4264
2020-07-15,4.2716,6.0225,2.5294,2.0705,0.7235,1.1178,1.066,1.315,1.001,1.241,0.6825,0.8145,3.94,118.6381
2020-07-16,4.068,5.7216,2.4044,2.0155,0.6795,1.0338,1.063,1.246,0.964,1.1345,0.6233,0.7841,3.927,119.0273
2020-07-17,4.1117,5.7257,2.4177,2.017,0.6862,1.0573,1.063,1.207,1.0,1.1085,0.62,0.7812,3.904,118.8176
2020-07-20,4.2207,5.8939,2.4974,2.0942,0.6875,1.0553,1.091,1.276,1.1,1.1615,0.6156,0.8272,3.925,118.5659
2020-07-21,4.2314,5.9268,2.5161,2.0888,0.7113,1.0673,1.081,1.254,1.049,1.1485,0.6281,0.8223,3.951,118.7864
2020-07-22,4.2787,5.9845,2.5427,2.0896,0.7165,1.0868,1.08,1.265,1.067,1.156,0.6398,0.834,4.043,119.2088
2020-07-23,4.2555,5.9779,2.54,2.0644,0.7345,1.086,1.064,1.27,1.115,1.1515,0.6432,0.8389,4.066,119.4917
2020-07-24,4.0662,5.6944,2.4203,2.0055,0.6955,1.0475,1.039,1.191,1.07,1.0855,0.6115,0.8047,4.109,119.3639
2020-07-27,4.0912,5.6911,2.423,1.9956,0.7103,1.0535,1.03,1.188,1.061,1.0975,0.6148,0.8399,4.203,119.4897
2020-07-28,4.1225,5.7496,2.4496,2.0101,0.7103,1.0915,1.033,1.188,1.078,1.0995,0.6318,0.8331,4.198,119.2536
2020-07-29,4.2403,5.9128,2.5267,2.0338,0.736,1.0995,1.047,1.236,1.104,1.1505,0.638,0.8448,4.206,119.121
2020-07-30,4.2091,5.8922,2.5187,2.0353,0.7415,1.105,1.035,1.226,1.089,1.1375,0.6424,0.8331,4.174,118.9971
2020-07-31,4.2412,5.954,2.5613,2.0499,0.7515,1.1105,1.038,1.245,1.079,1.1765,0.642,0.8409,4.216,118.7737
2020-08-03,4.3082,6.0975,2.6464,2.0965,0.7705,1.125,1.046,1.272,1.17,1.2245,0.6461,0.8566,4.2,118.6761
2020-08-04,4.3118,6.0612,2.6331,2.0972,0.7632,1.1183,1.07,1.264,1.128,1.198,0.6432,0.8546,4.206,118.6908
2020-08-05,4.3135,6.1189,2.6544,2.0858,0.7753,1.1335,1.059,1.258,1.165,1.214,0.6409,0.88,4.32,118.7444
2020-08-06,4.2975,6.1345,2.6703,2.0957,0.7563,1.11,1.066,1.302,1.207,1.226,0.6284,0.9045,4.353,118.642
2020-08-07,4.2546,6.0579,2.6278,2.0919,0.7415,1.0883,1.054,1.257,1.249,1.191,0.6119,0.8928,4.378,118.6371
2020-08-10,4.2689,6.0867,2.6411,2.1163,0.737,1.094,1.066,1.271,1.22,1.1785,0.6181,0.8712,4.349,118.6322
2020-08-11,4.2269,5.9771,2.5799,2.1064,0.732,1.0983,1.068,1.228,1.207,1.156,0.6218,0.8419,4.253,118.6098
2020-08-12,4.1984,5.9013,2.5374,2.0911,0.7088,1.0825,1.076,1.221,1.153,1.1535,0.6093,0.8194,3.989,118.1981
2020-08-13,4.185,5.9285,2.548,2.1094,0.6955,1.0883,1.07,1.229,1.159,1.145,0.6159,0.8154,4.054,118.3074
2020-08-14,4.2662,6.0126,2.5852,2.1201,0.7015,1.1105,1.087,1.249,1.2,1.16,0.6347,0.8194,4.088,118.3298
2020-08-17,4.3546,6.0983,2.6411,2.1675,0.712,1.1222,1.117,1.311,1.234,1.1795,0.6516,0.8477,4.129,118.4547
2020-08-18,4.3484,6.142,2.6677,2.1698,0.722,1.1387,1.107,1.301,1.235,1.1735,0.6582,0.8595,4.225,118.5308
2020-08-19,4.2805,6.0381,2.6171,2.1637,0.6967,1.1345,1.097,1.276,1.207,1.131,0.6601,0.8546,4.177,118.4167
2020-08-20,4.235,5.9788,2.5772,2.1522,0.6927,1.1152,1.077,1.253,1.162,1.114,0.6432,0.834,4.088,118.1552
2020-08-21,4.2707,6.0142,2.6012,2.1499,0.6975,1.1287,1.084,1.275,1.161,1.1085,0.6575,0.8321,4.091,118.1767
2020-08-24,4.2975,6.0464,2.6304,2.153,0.7015,1.153,1.078,1.266,1.17,1.108,0.6718,0.8409,4.056,118.1533
2020-08-25,4.3055,6.0159,2.6331,2.1431,0.705,1.1658,1.078,1.261,1.129,1.099,0.6965,0.8272,4.064,117.9055
2020-08-26,4.2528,5.9145,2.5639,2.1125,0.7067,1.1617,1.069,1.229,1.094,1.056,0.6961,0.8066,4.059,117.7875
2020-08-27,4.285,5.9672,2.5985,2.1133,0.7125,1.179,1.069,1.233,1.114,1.0845,0.7031,0.8154,4.108,117.5338
2020-08-28,4.3903,6.0686,2.6358,2.1385,0.736,1.2175,1.091,1.269,1.138,1.0945,0.731,0.8272,4.109,117.4538
2020-08-31,4.3519,6.0381,2.6358,2.1308,0.7287,1.2198,1.084,1.266,1.147,1.0855,0.7402,0.8389,4.123,117.5368
2020-09-01,4.3823,6.081,2.6517,2.1293,0.726,1.2175,1.083,1.272,1.173,1.084,0.7248,0.8526,4.169,117.8928
2020-09-02,4.3787,6.0769,2.6624,2.1293,0.7285,1.2237,1.075,1.268,1.157,1.065,0.7185,0.834,4.125,117.7582
2020-09-03,4.3609,6.0439,2.6331,2.1255,0.7253,1.215,1.07,1.258,1.143,1.0675,0.7303,0.8223,4.053,117.7358
2020-09-04,4.3118,6.0027,2.6331,2.1102,0.7132,1.1873,1.066,1.246,1.136,1.0875,0.7108,0.8194,4.065,117.5446
2020-09-07,4.2251,5.8774,2.5826,2.1003,0.69,1.1485,1.061,1.208,1.104,1.04,0.6961,0.8125,4.063,117.2675
2020-09-08,4.2466,5.9145,2.6065,2.1094,0.694,1.1307,1.078,1.231,1.1,1.0235,0.6818,0.8164,4.066,117.4782
2020-09-09,4.1475,5.767,2.5214,2.0926,0.663,1.0998,1.072,1.206,1.092,0.9755,0.6652,0.7919,4.068,117.5884
2020-09-10,4.151,5.668,2.4389,2.0789,0.6625,1.1083,1.069,1.182,1.052,0.96,0.6766,0.789,4.096,117.8187
2020-09-11,4.1832,5.7159,2.4762,2.0766,0.6743,1.1275,1.062,1.181,1.054,0.983,0.6983,0.791,4.087,117.7494
2020-09-14,4.2073,5.7595,2.5081,2.0781,0.6672,1.1272,1.065,1.182,1.05,0.996,0.7064,0.8057,4.086,117.5436
2020-09-15,4.2385,5.7826,2.5267,2.0842,0.6747,1.1328,1.07,1.186,1.062,1.003,0.7057,0.8145,4.1,117.6714
2020-09-16,4.2135,5.7645,2.5054,2.0903,0.6628,1.1145,1.072,1.181,1.045,0.993,0.6935,0.8066,4.088,117.7192
2020-09-17,4.1876,5.7768,2.5187,2.0926,0.6472,1.0903,1.068,1.17,1.054,1.013,0.6777,0.7978,4.06,117.7533
2020-09-18,4.2957,5.8815,2.5613,2.1186,0.657,1.111,1.09,1.234,1.085,1.025,0.6876,0.8203,4.078,117.7572
2020-09-21,4.2466,5.8395,2.5613,2.1094,0.6553,1.0948,1.084,1.225,1.111,1.027,0.6759,0.8154,4.078,118.0928
2020-09-22,4.1957,5.767,2.5108,2.085,0.6553,1.0865,1.072,1.23,1.09,1.0055,0.67,0.7929,3.985,118.2479
2020-09-23,4.2082,5.795,2.5374,2.0842,0.6743,1.0912,1.068,1.218,1.089,1.017,0.6707,0.79,3.925,118.2138
2020-09-24,4.1394,5.6829,2.4709,2.0544,0.6637,1.073,1.052,1.204,1.056,1.0005,0.6564,0.7587,3.881,118.1152
2020-09-25,4.1421,5.6656,2.4576,2.0499,0.6647,1.0777,1.054,1.223,1.059,0.992,0.6615,0.7596,3.928,117.9923
2020-09-28,4.151,5.6128,2.4283,2.0514,0.6565,1.0777,1.056,1.221,1.045,0.9745,0.6674,0.7577,3.919,117.8938
2020-09-29,4.1609,5.654,2.4522,2.0514,0.6637,1.088,1.046,1.225,1.089,0.9915,0.6689,0.7606,3.972,117.7884
2020-09-30,4.1484,5.6153,2.4389,2.046,0.6695,1.0903,1.041,1.208,1.09,0.988,0.6718,0.7547,3.974,117.7436
2020-10-09,4.2314,5.7612,2.5108,2.0743,0.6923,1.1122,1.046,1.228,1.109,1.014,0.6807,0.7773,3.971,117.5709
2020-10-12,4.3635,5.9376,2.5985,2.1087,0.7125,1.1585,1.073,1.277,1.154,1.0665,0.7163,0.7988,4.014,117.646
2020-10-13,4.3778,5.9392,2.6092,2.1049,0.717,1.168,1.072,1.258,1.155,1.0625,0.7182,0.7959,4.003,117.486
2020-10-14,4.3564,5.9128,2.5826,2.0957,0.714,1.158,1.071,1.243,1.148,1.042,0.7182,0.788,3.958,117.4792
2020-10-15,4.3457,5.8683,2.5613,2.0896,0.7095,1.1485,1.087,1.24,1.137,1.0345,0.7178,0.788,3.953,117.3446
2020-10-16,4.3332,5.8362,2.556,2.0919,0.7128,1.14,1.106,1.247,1.123,1.032,0.7086,0.7851,3.965,117.5299
2020-10-19,4.3055,5.7793,2.5374,2.0835,0.694,1.1248,1.108,1.232,1.115,1.0225,0.702,0.79,3.968,117.7718
2020-10-20,4.3323,5.8271,2.5666,2.0804,0.6992,1.1515,1.105,1.234,1.118,1.033,0.7252,0.791,3.952,117.8128
2020-10-21,4.3376,5.7793,2.5294,2.0774,0.701,1.148,1.123,1.226,1.089,1.0005,0.7277,0.7919,3.966,117.9172
2020-10-22,4.3234,5.7431,2.5134,2.0682,0.6898,1.1502,1.121,1.235,1.075,1.0015,0.7369,0.789,3.97,118.0372
2020-10-23,4.2734,5.6491,2.4682,2.0621,0.672,1.1222,1.129,1.215,1.058,0.9815,0.7229,0.7792,3.956,117.8635
2020-10-26,4.2412,5.6441,2.4655,2.0499,0.6712,1.1105,1.108,1.177,1.065,0.979,0.7127,0.7773,3.938,117.7533
2020-10-27,4.2537,5.6425,2.4841,2.0437,0.6888,1.1195,1.103,1.174,1.073,0.984,0.7222,0.7861,3.972,117.9796
2020-10-28,4.2894,5.6755,2.4815,2.0468,0.6963,1.1432,1.092,1.181,1.069,0.988,0.7465,0.7959,3.974,117.9143
2020-10-29,4.3287,5.6837,2.4841,2.0651,0.7088,1.1678,1.093,1.191,1.056,0.9835,0.7641,0.791,3.92,117.8606
2020-10-30,4.2475,5.5551,2.4203,2.0529,0.6975,1.128,1.081,1.149,1.037,1.006,0.7424,0.7704,3.897,117.9982
2020-11-02,4.2725,5.5749,2.4203,2.0613,0.6898,1.1302,1.082,1.146,1.031,1.025,0.7531,0.7822,3.93,118.2089
2020-11-03,4.318,5.6623,2.4735,2.0751,0.6977,1.1443,1.096,1.174,1.066,1.042,0.7608,0.8213,3.949,118.1689
2020-11-04,4.351,5.6614,2.4602,2.0942,0.7017,1.148,1.109,1.168,1.074,1.0335,0.7627,0.8194,3.967,118.245
2020-11-05,4.4189,5.7735,2.5081,2.1293,0.7023,1.164,1.106,1.186,1.076,1.045,0.781,0.8331,3.965,118.1172
2020-11-06,4.4207,5.7307,2.4868,2.1469,0.683,1.1525,1.101,1.19,1.057,1.0725,0.7711,0.8458,4.001,117.9543
2020-11-09,4.5073,5.8246,2.548,2.1858,0.6963,1.176,1.114,1.236,1.078,1.167,0.7855,0.8781,3.99,117.7767
2020-11-10,4.4832,5.7851,2.5214,2.1774,0.6917,1.1808,1.12,1.216,1.058,1.1295,0.8057,0.8566,3.889,117.8099
2020-11-11,4.4412,5.715,2.4788,2.1889,0.6743,1.1715,1.125,1.19,1.037,1.0715,0.8061,0.8477,3.881,117.7943
2020-11-12,4.4385,5.734,2.4868,2.1988,0.6812,1.172,1.114,1.184,1.033,1.0735,0.83,0.8507,3.873,117.7445
2020-11-13,4.393,5.7356,2.4921,2.1836,0.679,1.1513,1.097,1.172,1.056,1.0785,0.791,0.8624,3.89,117.4919
2020-11-16,4.4403,5.8016,2.5241,2.2271,0.6812,1.1785,1.099,1.179,1.06,1.0665,0.8219,0.9035,3.888,117.6909
2020-11-17,4.4323,5.7628,2.4921,2.2355,0.6645,1.163,1.114,1.181,1.038,1.0835,0.8101,0.8889,3.881,117.6255
2020-11-18,4.426,5.7579,2.4974,2.2462,0.654,1.154,1.136,1.187,1.044,1.0725,0.7972,0.8938,3.856,117.4626
2020-11-19,4.4635,5.79,2.5108,2.2317,0.6578,1.1717,1.144,1.188,1.089,1.077,0.8049,0.881,3.837,117.3992
2020-11-20,4.4769,5.8387,2.5294,2.2431,0.661,1.1767,1.14,1.189,1.103,1.0725,0.8255,0.9143,3.843,117.3992
2020-11-23,4.5287,5.8823,2.5506,2.2768,0.6587,1.1858,1.162,1.212,1.102,1.077,0.8362,0.9437,3.851,117.7016
2020-11-24,4.5002,5.8807,2.54,2.2729,0.6535,1.1825,1.156,1.202,1.108,1.09,0.838,0.9554,3.755,117.5719
2020-11-25,4.4448,5.7867,2.5001,2.2485,0.6413,1.152,1.146,1.183,1.078,1.081,0.8042,0.929,3.714,117.6314
2020-11-26,4.451,5.7694,2.4815,2.2424,0.6367,1.158,1.163,1.188,1.1,1.0735,0.8127,0.929,3.718,117.5982
2020-11-27,4.5144,5.7933,2.4895,2.2584,0.6423,1.1667,1.194,1.214,1.121,1.076,0.8119,0.9251,3.72,117.5524
2020-11-30,4.4921,5.7505,2.4762,2.2378,0.6472,1.1493,1.179,1.222,1.128,1.084,0.7924,0.9378,3.628,117.8275
2020-12-01,4.5912,5.8428,2.5134,2.2424,0.6645,1.1585,1.211,1.268,1.15,1.0895,0.7972,0.9456,3.653,117.645
2020-12-02,4.5814,5.8477,2.5161,2.2439,0.6647,1.1655,1.205,1.265,1.15,1.11,0.7969,0.9398,3.707,117.6782
2020-12-03,4.5796,5.8675,2.5108,2.2248,0.6805,1.1782,1.202,1.267,1.131,1.098,0.8072,0.9104,3.748,117.5894
2020-12-04,4.5894,5.8889,2.532,2.2164,0.6885,1.202,1.19,1.248,1.142,1.1045,0.8358,0.9329,3.754,117.7777
2020-12-07,4.5502,5.8461,2.5241,2.1828,0.6768,1.21,1.162,1.223,1.147,1.1095,0.8366,0.9241,3.745,117.7123
2020-12-08,4.5359,5.8387,2.5187,2.1774,0.6762,1.222,1.156,1.226,1.142,1.1125,0.8579,0.927,3.8,117.7611
2020-12-09,4.4823,5.748,2.4762,2.1484,0.6687,1.2047,1.154,1.187,1.114,1.078,0.8524,0.9153,3.778,117.806
2020-12-10,4.4734,5.7579,2.4762,2.1614,0.6752,1.2045,1.147,1.181,1.117,1.0795,0.859,0.9026,3.74,117.805
2020-12-11,4.4234,5.6639,2.4416,2.156,0.6712,1.2003,1.138,1.167,1.09,1.0575,0.866,0.8928,3.739,117.6684
2020-12-14,4.4627,5.706,2.4629,2.127,0.6812,1.2295,1.145,1.166,1.109,1.066,0.891,0.8996,3.74,117.5631
2020-12-15,4.476,5.7117,2.4709,2.1171,0.6985,1.222,1.135,1.169,1.113,1.0565,0.8844,0.8977,3.769,117.7611
2020-12-16,4.485,5.6903,2.4469,2.1156,0.7025,1.2375,1.137,1.156,1.104,1.037,0.905,0.8957,3.793,117.8255
2020-12-17,4.5484,5.7595,2.4735,2.1354,0.7283,1.2487,1.146,1.187,1.095,1.0425,0.9241,0.9378,3.812,117.7787
2020-12-18,4.5225,5.7398,2.4682,2.1492,0.73,1.238,1.128,1.173,1.095,1.034,0.9241,0.9554,3.838,117.7104
2020-12-21,4.5627,5.8312,2.5108,2.1522,0.7355,1.2545,1.127,1.185,1.144,1.0595,0.9292,0.9828,3.879,117.8499
2020-12-22,4.4939,5.7191,2.4629,2.1072,0.7308,1.2493,1.105,1.135,1.124,1.028,0.948,0.9329,3.825,118.0635
2020-12-23,4.5305,5.7496,2.4788,2.1094,0.7308,1.253,1.109,1.144,1.184,1.054,0.9414,0.9496,3.818,118.1318
2020-12-24,4.5305,5.6771,2.4496,2.1018,0.7327,1.2387,1.116,1.133,1.192,1.042,0.9156,0.9554,3.832,118.1542
2020-12-25,4.568,5.7307,2.4602,2.1094,0.753,1.2435,1.117,1.147,1.211,1.025,0.9153,1.0054,3.853,118.2811
2020-12-28,4.5805,5.6952,2.4522,2.0995,0.7418,1.2752,1.127,1.141,1.21,1.003,0.959,1.0102,3.858,118.164
2020-12-29,4.5662,5.6705,2.4389,2.0804,0.7297,1.265,1.129,1.147,1.196,1.021,0.948,0.9554,3.837,118.2313
2020-12-30,4.6234,5.7175,2.4443,2.0842,0.7433,1.2825,1.132,1.169,1.231,1.028,0.9686,0.9848,3.832,118.2957
2020-12-31,4.7207,5.8049,2.4948,2.0926,0.7505,1.3038,1.145,1.222,1.288,1.0505,0.9888,0.9975,3.85,118.3406
2021-01-04,4.7627,5.9038,2.5427,2.098,0.7565,1.3645,1.123,1.232,1.383,1.0715,1.0296,1.0602,3.902,118.1572
2021-01-05,4.8511,5.9557,2.548,2.0812,0.7692,1.4318,1.108,1.229,1.384,1.1085,1.0723,1.068,3.92,118.2723
2021-01-06,4.8948,5.9491,2.5214,2.0789,0.7828,1.4358,1.132,1.229,1.399,1.0845,1.0749,1.0709,3.931,118.5171
2021-01-07,4.9993,5.9738,2.4815,2.0712,0.7958,1.4497,1.143,1.241,1.438,1.071,1.0863,1.113,3.903,118.5864
2021-01-08,4.9743,5.9887,2.4682,2.0812,0.7905,1.4117,1.146,1.231,1.398,1.072,1.0576,1.1101,3.878,118.5327
2021-01-11,4.918,5.8964,2.4256,2.056,0.774,1.3683,1.16,1.202,1.352,1.0875,1.0197,1.067,3.777,118.4186
2021-01-12,5.0609,5.9689,2.4735,2.072,0.7918,1.4008,1.177,1.286,1.406,1.0955,1.0502,1.0905,3.805,118.5415
2021-01-13,5.0412,5.931,2.4443,2.0774,0.7768,1.379,1.175,1.253,1.384,1.124,1.037,1.0582,3.797,118.7747
2021-01-14,4.9493,5.8889,2.4416,2.0758,0.763,1.3468,1.172,1.222,1.306,1.132,1.0024,1.0328,3.772,119.0195
2021-01-15,4.9341,5.8675,2.4549,2.0896,0.761,1.3215,1.206,1.221,1.297,1.112,0.9745,1.0426,3.785,118.8751
2021-01-18,4.9875,5.9384,2.5081,2.1009,0.7632,1.3203,1.23,1.233,1.325,1.162,0.9664,1.0602,3.775,118.7113
2021-01-19,4.9196,5.9062,2.4841,2.1033,0.747,1.293,1.232,1.231,1.297,1.1375,0.9458,1.023,3.779,118.4927
2021-01-20,4.9468,5.9598,2.4974,2.1017,0.7775,1.3017,1.22,1.231,1.321,1.142,0.9553,1.0523,3.789,118.683
2021-01-21,5.0318,6.0439,2.5267,2.1049,0.7922,1.3273,1.227,1.251,1.336,1.1385,0.9815,1.0925,3.825,118.8264
2021-01-22,5.0345,6.0521,2.5214,2.0856,0.8305,1.3288,1.203,1.224,1.337,1.109,0.9752,1.1023,3.806,118.88
2021-01-25,5.0942,6.062,2.4948,2.0574,0.8315,1.3807,1.207,1.215,1.34,1.1065,1.0399,1.116,3.788,118.8829
2021-01-26,4.9857,5.9697,2.4602,2.0485,0.8052,1.363,1.199,1.171,1.243,1.092,1.0109,1.0954,3.799,118.4771
2021-01-27,4.9947,5.9845,2.4576,2.0477,0.8008,1.3522,1.218,1.174,1.245,1.078,0.9811,1.0866,3.779,118.5044
2021-01-28,4.8717,5.8716,2.4097,2.0219,0.7785,1.325,1.205,1.168,1.233,1.045,0.9656,1.0484,3.761,118.4128
2021-01-29,4.8382,5.7892,2.3751,2.009,0.7735,1.331,1.212,1.156,1.189,1.0285,0.9848,1.0367,3.778,118.4362
2021-02-01,4.8952,5.8296,2.3911,2.0227,0.792,1.3285,1.242,1.151,1.183,1.0335,0.9811,1.0484,3.82,118.5523
2021-02-02,4.9676,5.8848,2.4123,2.0276,0.809,1.37,1.223,1.153,1.204,1.044,1.0219,1.0788,3.789,118.6127
2021-02-03,4.9621,5.8502,2.3751,2.0114,0.813,1.379,1.242,1.137,1.162,1.0045,1.0252,1.0856,3.75,118.6859
2021-02-04,4.9522,5.7867,2.3246,1.9977,0.804,1.3813,1.246,1.109,1.147,1.007,1.0318,1.0406,3.723,118.6586
2021-02-05,4.9594,5.7002,2.282,2.0131,0.8278,1.3928,1.286,1.101,1.123,0.9815,1.0418,0.9907,3.681,118.4723
2021-02-08,5.0246,5.7686,2.2927,2.0235,0.8515,1.4217,1.29,1.102,1.128,1.0,1.0443,1.0318,3.712,118.3357
2021-02-09,5.1494,5.8856,2.3645,2.0364,0.8683,1.455,1.293,1.134,1.198,1.018,1.0697,1.0866,3.752,118.323
2021-02-10,5.2534,5.9524,2.3778,2.0517,0.89,1.5063,1.28,1.133,1.187,1.0195,1.1201,1.1101,3.756,118.4908
2021-02-18,5.2145,6.0406,2.4283,2.1025,0.8493,1.4612,1.305,1.139,1.179,1.0455,1.0807,1.1992,3.65,118.3766
2021-02-19,5.2435,6.1271,2.4709,2.1444,0.8487,1.491,1.295,1.162,1.186,1.0415,1.0734,1.1972,3.634,118.3923
2021-02-22,5.0562,6.0703,2.4735,2.1798,0.8043,1.4185,1.274,1.127,1.141,1.02,0.9921,1.2628,3.675,118.4449
2021-02-23,5.0427,6.0538,2.4469,2.1572,0.803,1.3993,1.285,1.123,1.179,1.0125,0.9925,1.2364,3.713,118.5718
2021-02-24,4.9097,5.9763,2.431,2.1323,0.767,1.3495,1.265,1.115,1.176,1.027,0.9384,1.1816,3.705,118.7883
2021-02-25,4.9558,5.9466,2.4203,2.1661,0.769,1.3348,1.285,1.116,1.199,1.014,0.92,1.1688,3.67,118.7737
2021-02-26,4.821,5.8156,2.3831,2.1242,0.7567,1.3025,1.24,1.098,1.158,0.989,0.8947,1.1209,3.613,118.5318
2021-03-01,4.9015,5.9186,2.4469,2.1524,0.7678,1.3188,1.241,1.09,1.18,1.028,0.8976,1.16,3.595,118.5269
2021-03-02,4.8391,5.8724,2.4469,2.1403,0.7475,1.288,1.231,1.077,1.187,1.0345,0.8744,1.1209,3.536,118.9951
2021-03-03,4.9341,5.9507,2.4762,2.1927,0.7632,1.3077,1.288,1.097,1.186,1.0325,0.8936,1.163,3.549,118.9181
2021-03-04,4.783,5.8502,2.4363,2.1895,0.7337,1.2493,1.279,1.071,1.168,1.0055,0.8494,1.116,3.514,118.8673
2021-03-05,4.764,5.8593,2.4389,2.1669,0.734,1.2475,1.267,1.093,1.145,1.0,0.8612,1.0778,3.482,119.0029
2021-03-08,4.5957,5.7191,2.3778,2.1581,0.6858,1.1858,1.246,1.073,1.064,0.9535,0.7994,1.0455,3.519,119.002
2021-03-09,4.5044,5.5906,2.3113,2.1492,0.6683,1.1482,1.222,1.045,1.01,0.9005,0.777,1.0269,3.506,118.8693
2021-03-10,4.5234,5.5321,2.2847,2.1371,0.686,1.1703,1.219,1.039,1.005,0.8975,0.7991,1.0328,3.542,118.9425
2021-03-11,4.6401,5.6804,2.3485,2.175,0.7042,1.2023,1.254,1.056,1.023,0.928,0.8311,1.0974,3.573,118.8595
2021-03-12,4.6518,5.6845,2.3538,2.1967,0.705,1.1992,1.267,1.056,1.015,0.9055,0.8344,1.0807,3.524,118.8693
2021-03-15,4.5596,5.6474,2.3299,2.2169,0.6768,1.1552,1.278,1.032,1.006,0.8675,0.7932,1.0856,3.556,118.8078
2021-03-16,4.5894,5.6499,2.3565,2.2193,0.6823,1.1747,1.293,1.037,1.006,0.867,0.8156,1.0592,3.562,118.6479
2021-03-17,4.6102,5.6829,2.3645,2.208,0.6858,1.1955,1.272,1.039,1.023,0.8845,0.827,1.066,3.577,118.6927
2021-03-18,4.6464,5.7249,2.3671,2.208,0.7005,1.2157,1.277,1.041,1.038,0.8805,0.8524,1.067,3.604,118.6391
2021-03-19,4.5207,5.6779,2.3618,2.1943,0.6842,1.1812,1.24,1.03,1.04,0.879,0.8325,1.0426,3.589,118.6157
2021-03-22,4.5722,5.7513,2.4017,2.2152,0.6883,1.1895,1.264,1.049,1.049,0.8815,0.8358,1.0445,3.57,118.6313
2021-03-23,4.5315,5.6854,2.3804,2.1983,0.6883,1.185,1.257,1.054,1.042,0.8805,0.8399,1.0034,3.585,118.6596
2021-03-24,4.4628,5.6235,2.3299,2.1597,0.6845,1.1797,1.238,1.06,1.022,0.862,0.8414,0.9613,3.578,118.8069
2021-03-25,4.4591,5.6367,2.3352,2.1613,0.6923,1.18,1.23,1.051,1.028,0.867,0.8355,0.9701,3.589,118.8995
2021-03-26,4.5532,5.7101,2.3751,2.1871,0.72,1.2047,1.243,1.057,1.044,1.734,0.8656,1.0024,3.579,118.7386
2021-03-29,4.5623,5.7101,2.3804,2.216,0.7153,1.212,1.25,1.056,1.062,0.886,0.8858,0.9995,3.579,118.7288
2021-03-30,4.6021,5.7307,2.3778,2.2152,0.7272,1.2248,1.257,1.052,1.085,0.887,0.8866,1.0161,3.536,118.9161
2021-03-31,4.5686,5.7224,2.3778,2.2096,0.722,1.213,1.261,1.037,1.042,0.893,0.873,0.9887,3.495,118.9473
2021-04-01,4.6247,5.762,2.3911,2.2241,0.7365,1.2328,1.258,1.045,1.05,0.926,0.895,0.9985,3.565,118.9142
2021-04-02,4.669,5.7752,2.3937,2.2056,0.742,1.269,1.244,1.048,1.055,0.98,0.9355,1.0083,3.612,119.0917
2021-04-06,4.6437,5.7867,2.423,2.2112,0.7295,1.2578,1.245,1.046,1.066,0.973,0.9234,1.0112,3.591,119.0156
2021-04-07,4.612,5.7958,2.423,2.2273,0.7255,1.228,1.242,1.043,1.057,0.98,0.8844,1.0249,3.607,118.999
2021-04-08,4.622,5.8131,2.4177,2.2281,0.74,1.2418,1.238,1.048,1.054,0.972,0.9017,1.0386,3.614,118.8449
2021-04-09,4.5578,5.7933,2.4203,2.2314,0.7262,1.2192,1.23,1.036,1.062,0.969,0.8792,1.0347,3.631,118.841
2021-04-12,4.4818,5.6994,2.3618,2.237,0.7055,1.2045,1.228,1.015,1.029,0.957,0.8759,0.9916,3.612,119.0595
2021-04-13,4.4754,5.6812,2.3538,2.2112,0.7122,1.2162,1.224,1.013,1.024,0.951,0.8892,0.9858,3.575,119.3171
2021-04-14,4.5008,5.7332,2.3857,2.216,0.7122,1.2225,1.21,1.025,1.039,0.956,0.9013,1.0083,3.615,119.278
2021-04-15,4.4754,5.7389,2.3804,2.2193,0.7063,1.2115,1.197,1.015,1.036,0.954,0.8958,1.023,3.612,119.2839
2021-04-16,4.4899,5.8106,2.4123,2.2475,0.7023,1.221,1.201,1.022,1.039,0.952,0.9171,1.0191,3.643,119.3424
2021-04-19,4.6039,5.87,2.4416,2.2571,0.7232,1.2418,1.219,1.049,1.053,0.965,0.9278,1.0553,3.67,119.2663
2021-04-20,4.5967,5.8815,2.4363,2.2507,0.725,1.254,1.221,1.039,1.046,0.952,0.9362,1.0455,3.635,119.3258
2021-04-21,4.6075,5.8659,2.4389,2.2434,0.7408,1.2665,1.242,1.037,1.038,0.954,0.959,1.0406,3.673,119.5531
2021-04-22,4.6039,5.8873,2.4496,2.2499,0.741,1.2632,1.233,1.04,1.038,0.969,0.9587,1.0445,3.676,119.4575
2021-04-23,4.65,5.9161,2.4416,2.2459,0.758,1.2832,1.236,1.038,1.034,0.974,0.969,1.0533,3.668,119.7394
2021-04-26,4.5921,5.8914,2.4256,2.2394,0.7545,1.2525,1.224,1.02,1.034,0.985,0.9498,1.0641,3.649,119.5785
2021-04-27,4.6039,5.8898,2.4203,2.2289,0.7745,1.2632,1.226,1.014,1.019,0.976,0.9671,1.0651,3.653,119.4829
2021-04-28,4.6383,5.9326,2.4336,2.2314,0.7905,1.2755,1.224,1.017,1.027,0.999,0.9914,1.067,3.632,119.4
2021-04-29,4.6799,5.9343,2.423,2.2442,0.7875,1.299,1.247,1.042,1.03,1.004,0.9892,1.0788,3.643,119.4526
2021-04-30,4.6392,5.9433,2.4177,2.2209,0.8005,1.2897,1.226,1.031,0.994,1.005,0.9793,1.0729,3.625,119.597
2021-05-06,4.5786,5.9244,2.4256,2.2539,0.7653,1.2525,1.239,1.022,1.005,1.0,0.9498,1.1023,3.676,119.6292
2021-05-07,4.5234,5.8988,2.399,2.2789,0.7462,1.2345,1.255,1.007,0.994,0.953,0.9355,1.1316,3.717,119.5843
2021-05-10,4.5225,5.917,2.399,2.3119,0.761,1.21,1.245,0.998,0.978,0.936,0.9212,1.1913,3.73,119.6458
2021-05-11,4.546,5.9005,2.399,2.2902,0.7757,1.243,1.249,1.013,1.002,0.939,0.9528,1.1355,3.725,119.8819
2021-05-12,4.574,5.9656,2.4416,2.299,0.7872,1.2557,1.254,1.01,1.0,0.959,0.9667,1.1414,3.732,119.8897
2021-05-13,4.5243,5.8996,2.4177,2.2644,0.7918,1.254,1.246,1.006,0.996,0.96,0.9723,1.0837,3.717,119.7199
2021-05-14,4.6383,5.9911,2.4629,2.2692,0.8105,1.274,1.265,1.081,1.034,0.983,1.9445,1.0915,3.739,119.7326
2021-05-17,4.6935,6.0216,2.4469,2.2652,0.8278,1.2995,1.268,1.066,1.041,0.983,1.0112,1.1228,3.777,119.877
2021-05-18,4.6953,6.0381,2.4629,2.2749,0.8205,1.2985,1.264,1.065,1.063,0.98,1.0164,1.1346,3.802,119.8468
2021-05-19,4.6826,6.0282,2.4576,2.2547,0.818,1.2917,1.248,1.064,1.066,0.99,1.0039,1.1414,3.812,120.0448
2021-05-20,4.6953,6.006,2.4602,2.2193,0.815,1.3092,1.258,1.079,1.068,0.985,1.0289,1.1072,3.811,120.2106
2021-05-21,4.6455,5.9829,2.4682,2.2233,0.8035,1.296,1.244,1.06,1.047,0.978,1.0282,1.1121,3.816,120.3296
2021-05-24,4.6708,6.0002,2.4868,2.2217,0.7993,1.3047,1.243,1.08,1.057,0.996,1.0576,1.1042,3.828,120.355
2021-05-25,4.8192,6.0645,2.5134,2.2434,0.8232,1.3453,1.286,1.127,1.093,1.02,1.0885,1.1169,3.812,120.1501
2021-05-26,4.8201,6.0736,2.5267,2.2587,0.8223,1.3405,1.298,1.124,1.091,1.014,1.0782,1.1287,3.852,120.2067
2021-05-27,4.8373,6.1238,2.556,2.2684,0.8285,1.3463,1.292,1.125,1.1,1.059,1.0855,1.1267,3.829,120.1179
2021-05-28,4.8237,6.1214,2.5427,2.2652,0.812,1.333,1.294,1.142,1.107,1.054,1.0877,1.1434,3.8,120.116
2021-05-31,4.8292,6.1642,2.5985,2.2676,0.824,1.3383,1.285,1.144,1.139,1.067,1.0907,1.1727,3.828,119.8916
2021-06-01,4.8364,6.1741,2.6065,2.2853,0.839,1.345,1.274,1.129,1.135,1.082,1.0973,1.1737,3.853,120.0565
2021-06-02,4.7975,6.1362,2.5719,2.2813,0.822,1.3297,1.275,1.105,1.105,1.071,1.0811,1.1571,3.793,119.9726
2021-06-03,4.7604,6.1238,2.5719,2.2926,0.8138,1.334,1.269,1.105,1.092,1.056,1.0951,1.159,3.774,119.9541
2021-06-04,4.7903,6.1527,2.5879,2.2877,0.818,1.3457,1.284,1.111,1.104,1.085,1.1201,1.1541,3.732,120.0019
2021-06-07,4.7848,6.1692,2.6251,2.2853,0.82,1.3392,1.276,1.12,1.122,1.121,1.1436,1.1493,3.757,119.8662
2021-06-08,4.7468,6.1469,2.6065,2.2765,0.8073,1.3005,1.273,1.122,1.138,1.113,1.0642,1.1218,3.778,119.8858
2021-06-09,4.7541,6.1411,2.6038,2.2894,0.809,1.3055,1.269,1.109,1.145,1.124,1.0605,1.1258,3.775,119.8506
2021-06-10,4.7848,6.2194,2.6437,2.2982,0.824,1.3127,1.268,1.113,1.149,1.14,1.0811,1.1346,3.764,119.878
2021-06-11,4.7405,6.1889,2.6251,2.3014,0.8205,1.2938,1.249,1.093,1.108,1.116,1.0583,1.1385,3.795,119.7063
2021-06-15,4.6871,6.1139,2.6065,2.2885,0.8048,1.2815,1.237,1.078,1.112,1.131,1.0576,1.0964,3.73,119.6848
2021-06-16,4.6229,6.0398,2.5586,2.2813,0.779,1.2665,1.242,1.07,1.098,1.097,1.0348,1.0484,3.729,119.9258
2021-06-17,4.6328,6.0769,2.5985,2.2749,0.784,1.2725,1.238,1.074,1.111,1.186,1.0649,1.0533,3.667,119.8633
2021-06-18,4.6374,6.1378,2.6251,2.2749,0.7912,1.258,1.227,1.085,1.134,1.199,1.0546,1.0768,3.625,119.956
2021-06-21,4.631,6.1617,2.6783,2.2652,0.794,1.2435,1.213,1.084,1.18,1.201,1.0414,1.068,3.628,120.2087
2021-06-22,4.6546,6.198,2.6757,2.2853,0.815,1.25,1.228,1.08,1.173,1.199,1.0517,1.0739,3.641,120.1443
2021-06-23,4.6826,6.2483,2.7076,2.3143,0.8145,1.2335,1.226,1.085,1.17,1.257,1.0193,1.0935,3.645,120.114
2021-06-24,4.6944,6.226,2.6703,2.324,0.8015,1.235,1.231,1.089,1.152,1.235,1.0186,1.0856,3.628,120.0331
2021-06-25,4.7676,6.2755,2.6836,2.332,0.8015,1.261,1.247,1.123,1.156,1.252,1.0421,1.115,3.624,120.076
2021-06-28,4.7758,6.2796,2.7049,2.303,0.836,1.279,1.226,1.112,1.16,1.282,1.0524,1.1052,3.629,120.2126
2021-06-29,4.7269,6.2318,2.6836,2.2861,0.829,1.26,1.219,1.097,1.135,1.273,1.0348,1.0876,3.616,120.356
2021-06-30,4.755,6.2623,2.7182,2.2974,0.832,1.261,1.23,1.109,1.152,1.335,1.0465,1.1062,3.584,120.4974
2021-07-01,4.7532,6.1922,2.673,2.2982,0.848,1.272,1.248,1.077,1.105,1.306,1.0517,1.0866,3.629,120.4603
2021-07-02,4.6256,6.1395,2.6464,2.2789,0.809,1.232,1.225,1.046,1.065,1.283,1.0134,1.1003,3.632,120.4428
2021-07-05,4.6319,6.1766,2.6969,2.2845,0.804,1.226,1.222,1.048,1.07,1.346,1.0179,1.1581,3.645,120.4574
2021-07-06,4.6383,6.1758,2.6836,2.2902,0.775,1.219,1.236,1.054,1.079,1.315,1.0164,1.1649,3.679,120.4925
2021-07-07,4.6862,6.2318,2.7262,2.2926,0.791,1.226,1.234,1.057,1.107,1.342,1.0296,1.2021,3.676,120.6262
2021-07-08,4.6464,6.2227,2.7342,2.2579,0.777,1.205,1.201,1.055,1.152,1.387,1.0061,1.2041,3.67,120.8037
2021-07-09,4.6247,6.2763,2.7448,2.2724,0.779,1.181,1.191,1.06,1.143,1.369,0.973,1.2824,3.68,120.8525
2021-07-12,4.6862,6.3653,2.798,2.2765,0.797,1.188,1.185,1.083,1.16,1.388,0.9811,1.3186,3.674,120.8769
2021-07-13,4.7007,6.4255,2.8193,2.2942,0.799,1.216,1.193,1.077,1.153,1.313,1.009,1.3186,3.689,121.1695
2021-07-14,4.6491,6.3835,2.782,2.299,0.801,1.217,1.17,1.064,1.131,1.303,1.0105,1.2726,3.692,121.2349
2021-07-15,4.7106,6.3983,2.7741,2.324,0.807,1.233,1.2,1.08,1.13,1.31,1.0443,1.3118,3.721,120.9842
2021-07-16,4.6645,6.4074,2.7767,2.3337,0.803,1.214,1.197,1.08,1.179,1.288,1.0267,1.3147,3.711,121.0603
2021-07-19,4.6844,6.3711,2.7741,2.3272,0.821,1.211,1.197,1.076,1.169,1.289,1.0362,1.3029,3.679,121.0739
2021-07-20,4.6726,6.3785,2.7953,2.3111,0.826,1.213,1.18,1.071,1.19,1.318,1.0399,1.3059,3.709,121.1617
2021-07-21,4.7079,6.4593,2.8459,2.3079,0.835,1.207,1.176,1.088,1.209,1.368,1.0407,1.3715,3.695,121.2759
2021-07-22,4.7125,6.4873,2.8592,2.328,0.809,1.195,1.183,1.106,1.206,1.413,1.0201,1.3999,3.667,121.2954
2021-07-23,4.6654,6.4749,2.8432,2.3208,0.783,1.169,1.178,1.111,1.234,1.416,0.9951,1.3999,3.684,121.3393
2021-07-26,4.5071,6.3554,2.806,2.2813,0.741,1.105,1.139,1.08,1.243,1.437,0.9208,1.4175,3.693,121.6465
2021-07-27,4.3506,6.2343,2.7262,2.2338,0.711,1.066,1.113,1.049,1.218,1.46,0.8811,1.347,3.662,121.7978
2021-07-28,4.3596,6.1403,2.673,2.2128,0.732,1.065,1.124,1.037,1.158,1.413,0.8943,1.3127,3.698,121.6661
2021-07-29,4.4383,6.245,2.7767,2.2305,0.748,1.062,1.115,1.051,1.208,1.516,0.8833,1.395,3.708,121.5929
2021-07-30,4.4076,6.2648,2.806,2.2555,0.741,1.032,1.102,1.028,1.206,1.541,0.8274,1.4096,3.72,121.7685
2021-08-02,4.517,6.3497,2.8671,2.237,0.751,1.078,1.116,1.069,1.271,1.496,0.8767,1.4116,3.68,122.1041
2021-08-03,4.5189,6.3052,2.8113,2.2056,0.778,1.094,1.11,1.07,1.251,1.396,0.8774,1.3284,3.681,122.0465
2021-08-04,4.5587,6.3983,2.8831,2.2249,0.778,1.08,1.101,1.072,1.286,1.448,0.8656,1.395,3.689,121.9714
2021-08-05,4.5315,6.3909,2.8725,2.2152,0.772,1.069,1.098,1.053,1.331,1.452,0.8546,1.3715,3.685,121.9226
2021-08-06,4.517,6.4205,2.8884,2.2241,0.744,1.063,1.101,1.057,1.342,1.435,0.8517,1.4194,3.663,121.9568
2021-08-09,4.5668,6.4461,2.8911,2.2563,0.749,1.1,1.131,1.08,1.333,1.4,0.87,1.391,3.568,121.6758
2021-08-10,4.6184,6.4898,2.915,2.2555,0.759,1.142,1.151,1.096,1.385,1.383,0.9267,1.3803,3.552,121.5627
2021-08-11,4.5939,6.5392,2.939,2.3022,0.742,1.122,1.162,1.086,1.379,1.394,0.9083,1.4048,3.548,121.4436
2021-08-12,4.565,6.5648,2.9602,2.3272,0.729,1.099,1.155,1.079,1.34,1.408,0.8921,1.4361,3.58,121.548
2021-08-13,4.5406,6.5664,2.9576,2.3232,0.727,1.104,1.158,1.079,1.335,1.348,0.898,1.4488,3.591,121.7744
2021-08-16,4.5378,6.5335,2.9203,2.3296,0.724,1.109,1.156,1.089,1.309,1.363,0.9017,1.3871,3.621,121.7695
2021-08-17,4.4365,6.3892,2.8379,2.3022,0.699,1.069,1.144,1.082,1.287,1.31,0.859,1.3724,3.658,121.9626
2021-08-18,4.4845,6.4164,2.8671,2.3167,0.698,1.066,1.182,1.157,1.323,1.315,0.8693,1.3852,3.66,122.0377
2021-08-19,4.4537,6.4304,2.8911,2.3087,0.701,1.052,1.159,1.133,1.35,1.343,0.8524,1.394,3.648,122.0241
2021-08-20,4.3723,6.4024,2.9017,2.3208,0.665,1.008,1.151,1.135,1.346,1.358,0.798,1.3891,3.659,122.1002
2021-08-23,4.4374,6.4947,2.9602,2.3312,0.675,1.016,1.153,1.139,1.405,1.382,0.8083,1.4292,3.652,122.028
2021-08-24,4.4845,6.5631,2.9895,2.3506,0.688,1.032,1.159,1.161,1.397,1.409,0.834,1.4684,3.679,121.9772
2021-08-25,4.4971,6.6159,2.9975,2.378,0.692,1.043,1.146,1.143,1.383,1.394,0.8568,1.4909,3.658,122.0212
2021-08-26,4.4202,6.5879,2.9602,2.411,0.666,1.016,1.13,1.129,1.378,1.362,0.8281,1.5095,3.645,121.7207
2021-08-27,4.432,6.6381,2.9682,2.4344,0.665,1.017,1.131,1.125,1.355,1.366,0.8274,1.5575,3.682,121.7578
2021-08-30,4.4157,6.6843,2.9815,2.4545,0.663,1.016,1.113,1.105,1.391,1.34,0.8311,1.6045,3.691,121.8017
2021-08-31,4.4139,6.7107,2.9895,2.5133,0.648,1.004,1.131,1.13,1.394,1.295,0.8171,1.6358,3.69,121.9704
2021-09-01,4.4772,6.6538,2.9336,2.5093,0.659,1.035,1.156,1.17,1.349,1.304,0.845,1.5232,3.69,122.0358
2021-09-02,4.4736,6.7741,2.9789,2.5729,0.638,1.016,1.164,1.191,1.343,1.254,0.8296,1.5545,3.687,122.029
2021-09-03,4.4492,6.7395,2.9469,2.5544,0.641,1.032,1.165,1.178,1.292,1.256,0.8362,1.4977,3.687,122.0631
2021-09-06,4.5252,6.798,2.9895,2.5769,0.675,1.058,1.169,1.215,1.312,1.288,0.8664,1.5154,3.708,121.9616
2021-09-07,4.5822,6.9472,3.0454,2.6422,0.673,1.06,1.186,1.244,1.328,1.29,0.8722,1.5477,3.696,121.868
2021-09-08,4.5632,6.9917,3.064,2.6712,0.667,1.046,1.184,1.243,1.31,1.278,0.8531,1.5477,3.653,121.8338
2021-09-09,4.5614,7.0527,3.048,2.7525,0.667,1.045,1.183,1.233,1.344,1.267,0.8517,1.5966,3.639,121.8475
2021-09-10,4.6057,7.0502,3.0693,2.7018,0.664,1.06,1.206,1.249,1.328,1.327,0.8678,1.6348,3.66,121.8456
2021-09-13,4.5813,7.0741,3.0719,2.7598,0.659,1.046,1.207,1.253,1.314,1.27,0.8553,1.6788,3.642,121.8007
2021-09-14,4.5216,6.9958,3.0586,2.7034,0.663,1.033,1.173,1.215,1.299,1.28,0.8524,1.6191,3.646,121.7353
2021-09-15,4.4736,7.0255,3.0852,2.6849,0.652,1.015,1.164,1.211,1.307,1.267,0.8281,1.6328,3.659,121.7578
2021-09-16,4.423,6.8978,2.9895,2.6744,0.654,1.031,1.153,1.186,1.275,1.224,0.8318,1.5584,3.628,121.5968
2021-09-17,4.4582,6.8417,2.9948,2.6027,0.684,1.049,1.156,1.2,1.258,1.238,0.8597,1.5095,3.592,121.7022
2021-09-22,4.4284,6.9093,3.0081,2.6494,0.68,1.024,1.132,1.191,1.279,1.246,0.8391,1.5115,3.64,121.7636
2021-09-23,4.4546,6.9472,3.0161,2.6422,0.68,1.038,1.133,1.206,1.312,1.276,0.8428,1.5134,3.605,121.9246
2021-09-24,4.461,6.8442,2.9735,2.5504,0.685,1.07,1.123,1.189,1.307,1.268,0.8627,1.4615,3.586,121.9138
2021-09-27,4.4899,6.6554,2.8778,2.4819,0.696,1.124,1.122,1.157,1.262,1.258,0.92,1.3783,3.59,121.9099
2021-09-28,4.4818,6.6596,2.8831,2.5447,0.691,1.114,1.143,1.175,1.273,1.264,0.9046,1.3705,3.562,121.9275
2021-09-29,4.4519,6.5096,2.79,2.477,0.68,1.118,1.151,1.159,1.228,1.238,0.8987,1.3176,3.557,122.2221
2021-09-30,4.4646,6.5681,2.8565,2.4891,0.69,1.121,1.14,1.157,1.238,1.252,0.9061,1.349,3.543,122.2787
2021-10-08,4.5288,6.559,2.8725,2.4811,0.694,1.156,1.156,1.169,1.22,1.238,0.9303,1.3382,3.587,122.0826
2021-10-11,4.5279,6.5532,2.8538,2.5157,0.683,1.16,1.182,1.162,1.247,1.222,0.9267,1.3587,3.573,121.9285
2021-10-12,4.4809,6.4271,2.782,2.4835,0.68,1.155,1.184,1.125,1.21,1.18,0.9281,1.3176,3.591,121.749
2021-10-13,4.5315,6.456,2.814,2.4513,0.692,1.18,1.181,1.131,1.209,1.207,0.9627,1.3362,3.59,121.7041
2021-10-14,4.5071,6.4799,2.8379,2.4376,0.677,1.174,1.168,1.128,1.231,1.207,0.9612,1.3715,3.636,121.7324
2021-10-15,4.5288,6.5129,2.8405,2.4553,0.669,1.165,1.179,1.129,1.239,1.254,0.9531,1.3822,3.629,121.7139
2021-10-18,4.4763,6.5326,2.8671,2.4948,0.657,1.12,1.17,1.13,1.255,1.235,0.8892,1.4214,3.58,121.3451
2021-10-19,4.5189,6.5837,2.8991,2.5044,0.667,1.157,1.178,1.136,1.258,1.239,0.9046,1.4214,3.594,121.3334
2021-10-20,4.5062,6.5813,2.9097,2.4448,0.665,1.151,1.171,1.132,1.272,1.229,0.9112,1.4136,3.584,121.3724
2021-10-21,4.5261,6.564,2.8884,2.4754,0.662,1.151,1.194,1.135,1.257,1.209,0.9156,1.4292,3.601,121.5461
2021-10-22,4.5559,6.5137,2.8698,2.4255,0.666,1.167,1.197,1.137,1.261,1.249,0.9237,1.3822,3.615,121.4046
2021-10-25,4.5713,6.5681,2.9124,2.4247,0.668,1.169,1.195,1.152,1.279,1.262,0.9186,1.4048,3.606,121.431
2021-10-26,4.5559,6.578,2.907,2.4037,0.663,1.157,1.195,1.14,1.277,1.257,0.9237,1.4126,3.621,121.5217
2021-10-27,4.4962,6.5194,2.8751,2.3465,0.648,1.144,1.186,1.11,1.289,1.233,0.8995,1.3959,3.594,121.5568
2021-10-28,4.4772,6.442,2.8113,2.2845,0.646,1.154,1.181,1.102,1.262,1.229,0.9075,1.3401,3.629,121.5373
2021-10-29,4.5062,6.5071,2.8592,2.2877,0.655,1.176,1.174,1.11,1.303,1.254,0.9164,1.3509,3.609,121.6319
2021-11-01,4.4917,6.5318,2.8804,2.295,0.642,1.162,1.187,1.114,1.327,1.27,0.909,1.3323,3.594,121.7207
2021-11-02,4.4447,6.4683,2.8512,2.2539,0.632,1.169,1.153,1.091,1.361,1.305,0.8965,1.3166,3.617,121.8192
2021-11-03,4.4266,6.4898,2.8538,2.2869,0.638,1.168,1.153,1.095,1.346,1.295,0.8899,1.3127,3.589,121.9148
2021-11-04,4.4691,6.5425,2.8911,2.2813,0.641,1.203,1.148,1.096,1.364,1.309,0.9178,1.3176,3.575,121.8719
2021-11-05,4.4537,6.489,2.8512,2.2499,0.641,1.193,1.142,1.093,1.348,1.31,0.923,1.3049,3.624,121.9968
2021-11-08,4.4501,6.5087,2.8698,2.2475,0.627,1.186,1.139,1.104,1.353,1.285,0.9208,1.3607,3.66,122.107
2021-11-09,4.4483,6.5499,2.9097,2.2362,0.631,1.181,1.14,1.111,1.403,1.315,0.912,1.3646,3.671,122.0016
2021-11-10,4.4257,6.5335,2.9124,2.2305,0.647,1.159,1.136,1.109,1.398,1.324,0.8943,1.3382,3.669,122.1606
2021-11-11,4.498,6.5879,2.9416,2.2684,0.645,1.164,1.162,1.141,1.402,1.359,0.895,1.347,3.721,122.1265
2021-11-12,4.4962,6.6241,2.9789,2.2555,0.642,1.156,1.16,1.135,1.454,1.351,0.8847,1.348,3.722,121.9919
2021-11-15,4.4908,6.5755,2.9682,2.2587,0.656,1.168,1.166,1.131,1.43,1.334,0.8884,1.3157,3.716,122.0836
2021-11-16,4.4872,6.531,2.9363,2.245,0.676,1.186,1.159,1.115,1.373,1.313,0.9149,1.2932,3.732,122.1304
2021-11-17,4.4863,6.5697,2.9922,2.2475,0.676,1.178,1.153,1.114,1.4,1.323,0.9127,1.3255,3.72,122.1324
2021-11-18,4.4465,6.5689,2.9815,2.2475,0.661,1.174,1.143,1.102,1.44,1.306,0.9142,1.3421,3.735,122.2123
2021-11-19,4.4962,6.6472,3.0188,2.2765,0.659,1.183,1.155,1.124,1.439,1.311,0.9259,1.3548,3.73,122.1411
2021-11-22,4.508,6.7049,3.0826,2.2757,0.653,1.181,1.147,1.13,1.456,1.374,0.9289,1.3959,3.696,122.188
2021-11-23,4.5107,6.7206,3.0746,2.2861,0.654,1.177,1.147,1.133,1.446,1.37,0.9326,1.393,3.632,122.1899
2021-11-24,4.5207,6.7148,3.0719,2.3119,0.659,1.189,1.147,1.131,1.422,1.365,0.9561,1.4155,3.613,122.2787
2021-11-25,4.5035,6.7107,3.0613,2.303,0.665,1.185,1.143,1.125,1.414,1.382,0.9509,1.4136,3.611,122.3479
2021-11-26,4.4655,6.6917,3.0693,2.2773,0.664,1.175,1.135,1.117,1.414,1.345,0.948,1.4273,3.628,122.5957
2021-11-29,4.4591,6.6983,3.0959,2.2491,0.664,1.182,1.129,1.107,1.447,1.352,0.9524,1.4351,3.614,122.4367
2021-11-30,4.4429,6.7115,3.1145,2.2507,0.663,1.163,1.127,1.108,1.476,1.366,0.9362,1.4214,3.605,122.4543
2021-12-01,4.4546,6.7461,3.1172,2.2708,0.655,1.161,1.134,1.123,1.453,1.37,0.9392,1.4145,3.591,122.3967
2021-12-02,4.4637,6.7057,3.0773,2.2829,0.646,1.166,1.138,1.131,1.441,1.372,0.9473,1.4145,3.575,122.3323
2021-12-03,4.5044,6.7684,3.0959,2.3079,0.651,1.2,1.144,1.137,1.475,1.407,0.9737,1.4292,3.566,122.1626
2021-12-06,4.4999,6.7148,3.0507,2.3014,0.639,1.19,1.151,1.153,1.472,1.374,0.973,1.4077,3.592,122.4075
2021-12-07,4.5252,6.6736,3.0028,2.3256,0.644,1.195,1.163,1.158,1.422,1.339,0.9715,1.392,3.584,122.3518
2021-12-08,4.5903,6.7717,3.0533,2.3256,0.652,1.224,1.162,1.174,1.448,1.376,1.0068,1.4155,3.589,122.3821
2021-12-09,4.6663,6.7783,3.0719,2.3345,0.668,1.241,1.172,1.193,1.442,1.375,1.026,1.4145,3.575,122.3382
2021-12-10,4.6527,6.7758,3.1065,2.3184,0.662,1.239,1.169,1.178,1.431,1.368,1.0245,1.4282,3.565,122.4153
2021-12-13,4.6645,6.7906,3.0826,2.3111,0.656,1.241,1.161,1.185,1.427,1.372,1.0311,1.4292,3.585,122.4113
2021-12-14,4.6365,6.7741,3.0906,2.2805,0.659,1.246,1.147,1.178,1.433,1.358,1.0385,1.3871,3.588,122.6035
2021-12-15,4.5948,6.7659,3.0799,2.2902,0.639,1.222,1.149,1.185,1.426,1.338,1.0245,1.3617,3.552,122.6143
2021-12-16,4.6193,6.8277,3.0906,2.324,0.642,1.215,1.154,1.193,1.43,1.339,1.0098,1.3734,3.584,122.5762
2021-12-17,4.5532,6.7799,3.0507,2.3111,0.636,1.191,1.15,1.181,1.405,1.295,0.9855,1.3587,3.629,122.7479
2021-12-20,4.4854,6.6736,3.0001,2.2902,0.624,1.195,1.148,1.161,1.374,1.27,0.9848,1.3196,3.624,122.7245
2021-12-21,4.5044,6.7238,3.0374,2.3216,0.631,1.196,1.154,1.177,1.38,1.28,0.9855,1.3235,3.599,122.6747
2021-12-22,4.5071,6.7519,3.0613,2.3175,0.632,1.204,1.145,1.167,1.379,1.289,0.9899,1.3215,3.591,122.7469
2021-12-23,4.5415,6.7898,3.0613,2.3248,0.627,1.224,1.144,1.165,1.388,1.291,1.0112,1.3255,3.627,122.7762
2021-12-24,4.5207,6.7502,3.0108,2.3159,0.63,1.243,1.14,1.158,1.388,1.286,1.0098,1.2746,3.633,122.7674
2021-12-27,4.5243,6.7354,3.0108,2.3216,0.634,1.24,1.135,1.16,1.383,1.281,1.0002,1.2716,3.63,122.8757
2021-12-28,4.5478,6.7403,3.04,2.3079,0.638,1.24,1.138,1.169,1.392,1.292,1.0134,1.3098,3.642,122.9342
2021-12-29,4.4872,6.723,3.04,2.2998,0.629,1.198,1.128,1.155,1.412,1.275,0.9774,1.301,3.625,122.9645
2021-12-30,4.5198,6.7717,3.064,2.2974,0.633,1.209,1.133,1.174,1.458,1.304,0.973,1.3029,3.606,123.2766
2021-12-31,4.5306,6.8063,3.1012,2.3167,0.633,1.206,1.132,1.176,1.457,1.3,0.965,1.3206,3.643,123.381
2022-01-04,4.5143,6.812,3.0879,2.3506,0.617,1.219,1.136,1.17,1.443,1.276,0.953,1.2912,3.62,123.3215
2022-01-05,4.4718,6.6785,3.0081,2.3433,0.609,1.219,1.153,1.16,1.369,1.223,0.945,1.2569,3.635,123.1898
2022-01-06,4.4211,6.6868,3.0267,2.3465,0.601,1.195,1.149,1.137,1.353,1.219,0.931,1.2736,3.614,123.1225
2022-01-07,4.432,6.653,2.9735,2.3594,0.599,1.179,1.164,1.139,1.336,1.205,0.912,1.2432,3.592,123.1322
2022-01-10,4.4438,6.6538,2.9868,2.3747,0.604,1.185,1.17,1.138,1.323,1.195,0.907,1.255,3.599,123.2727
2022-01-11,4.4031,6.6151,2.9576,2.3917,0.604,1.163,1.183,1.139,1.288,1.166,0.895,1.2511,3.629,123.4405
2022-01-12,4.4501,6.6604,3.0108,2.382,0.609,1.173,1.18,1.143,1.318,1.186,0.903,1.301,3.646,123.4873
2022-01-13,4.3768,6.5862,2.9549,2.3812,0.596,1.139,1.181,1.136,1.291,1.166,0.87,1.2706,3.654,123.4727
2022-01-14,4.337,6.5549,2.9656,2.3449,0.597,1.128,1.155,1.105,1.297,1.182,0.865,1.2716,3.65,123.7615
2022-01-17,4.3741,6.62,3.0214,2.3474,0.599,1.135,1.154,1.116,1.321,1.207,0.87,1.2599,3.635,123.7254
2022-01-18,4.4157,6.6315,3.0055,2.3723,0.598,1.144,1.178,1.118,1.322,1.221,0.883,1.2697,3.629,124.0824
2022-01-19,4.3918,6.5936,2.9629,2.3864,0.582,1.136,1.184,1.122,1.294,1.203,0.873,1.2383,3.625,124.0239
2022-01-20,4.4267,6.5417,2.8991,2.3748,0.58,1.155,1.206,1.141,1.263,1.19,0.888,1.2285,3.674,124.0024
2022-01-21,4.3955,6.4725,2.8538,2.3723,0.566,1.157,1.201,1.131,1.232,1.169,0.9,1.2383,3.672,124.3048
2022-01-24,4.3973,6.4642,2.8698,2.3607,0.564,1.145,1.199,1.123,1.246,1.185,0.894,1.2569,3.662,124.7428
2022-01-25,4.3,6.2524,2.7581,2.2951,0.552,1.121,1.181,1.093,1.23,1.156,0.872,1.2266,3.671,124.7106
2022-01-26,4.3238,6.2755,2.7767,2.3018,0.542,1.135,1.181,1.112,1.227,1.169,0.879,1.2344,3.674,124.1419
2022-01-27,4.2494,6.1255,2.6916,2.2868,0.534,1.111,1.175,1.087,1.194,1.129,0.87,1.2051,3.606,124.0902
2022-01-28,4.1842,6.0834,2.7022,2.2802,0.53,1.104,1.162,1.076,1.201,1.111,0.845,1.1767,3.594,124.3419
2022-02-07,4.2503,6.1708,2.7288,2.3292,0.536,1.107,1.195,1.092,1.194,1.114,0.844,1.2178,3.62,124.2336
2022-02-08,4.2301,6.2442,2.7501,2.3848,0.529,1.093,1.214,1.107,1.182,1.084,0.82,1.2178,3.641,124.3809
2022-02-09,4.266,6.3299,2.7874,2.3898,0.533,1.125,1.208,1.11,1.209,1.094,0.86,1.2608,3.658,124.4463
2022-02-10,4.2558,6.3291,2.7794,2.4238,0.526,1.136,1.222,1.11,1.202,1.094,0.851,1.2706,3.665,124.5594
2022-02-11,4.2228,6.2532,2.7209,2.4263,0.509,1.127,1.228,1.111,1.176,1.077,0.852,1.2677,3.645,124.0317
2022-02-14,4.1778,6.1997,2.7022,2.3881,0.511,1.13,1.201,1.06,1.181,1.07,0.866,1.2794,3.705,123.9234
2022-02-15,4.2163,6.2541,2.7581,2.3723,0.533,1.142,1.188,1.062,1.209,1.109,0.881,1.2902,3.742,123.9253
2022-02-16,4.2356,6.2672,2.7794,2.3964,0.533,1.141,1.199,1.064,1.196,1.101,0.885,1.2971,3.692,124.02
2022-02-17,4.2448,6.2689,2.79,2.3848,0.534,1.14,1.202,1.056,1.202,1.112,0.883,1.3431,3.726,124.0307
2022-02-18,4.2669,6.3249,2.8007,2.4288,0.537,1.147,1.215,1.058,1.198,1.103,0.888,1.3382,3.76,123.9546
2022-02-21,4.2513,6.353,2.8352,2.4504,0.537,1.148,1.211,1.057,1.2,1.097,0.886,1.3323,3.754,123.6795
2022-02-22,4.1961,6.2821,2.8193,2.4412,0.528,1.125,1.205,1.036,1.189,1.1,0.865,1.3627,3.801,123.6122
2022-02-23,4.2402,6.3752,2.8858,2.4155,0.539,1.124,1.195,1.05,1.235,1.168,0.877,1.3676,3.772,123.7419
2022-02-24,4.1621,6.2656,2.8166,2.3947,0.527,1.095,1.178,1.02,1.249,1.155,0.843,1.3519,3.853,123.7849
2022-02-25,4.1943,6.3101,2.8432,2.3781,0.544,1.102,1.172,1.022,1.242,1.16,0.852,1.3695,3.807,123.86
2022-02-28,4.1998,6.3422,2.8671,2.3856,0.546,1.103,1.172,1.019,1.259,1.169,0.854,1.4008,3.787,123.9019
2022-03-01,4.2347,6.3587,2.8725,2.4105,0.548,1.135,1.183,1.028,1.28,1.169,0.88,1.3676,3.786,123.6883
2022-03-02,4.2026,6.3612,2.8671,2.4379,0.542,1.123,1.178,1.024,1.266,1.151,0.87,1.3862,3.837,123.6327
2022-03-03,4.1759,6.3538,2.8379,2.467,0.536,1.101,1.186,1.024,1.239,1.128,0.843,1.3822,3.827,123.6385
2022-03-04,4.1291,6.3101,2.8033,2.4587,0.533,1.097,1.174,1.01,1.22,1.14,0.83,1.3558,3.841,123.58
2022-03-07,3.9931,6.1659,2.7315,2.4421,0.515,1.056,1.151,0.985,1.202,1.097,0.793,1.3519,3.926,123.8385
2022-03-08,3.9177,5.9376,2.6491,2.3732,0.502,1.03,1.127,0.96,1.155,1.104,0.795,1.2755,4.015,123.9624
2022-03-09,3.881,5.8345,2.6198,2.3258,0.487,1.03,1.11,0.937,1.126,1.112,0.792,1.2393,4.061,123.6941
2022-03-10,3.9361,5.9277,2.6836,2.364,0.504,1.048,1.122,0.935,1.155,1.118,0.825,1.2608,3.931,123.7449
2022-03-11,3.9618,6.0117,2.7022,2.3806,0.516,1.054,1.126,0.956,1.16,1.118,0.822,1.256,3.937,123.9663
2022-03-14,3.8332,5.8543,2.6278,2.3483,0.508,1.01,1.097,0.94,1.155,1.08,0.78,1.206,3.917,124.3185
2022-03-15,3.6504,5.509,2.5028,2.2171,0.488,0.96,1.047,0.909,1.108,1.041,0.739,1.1463,3.832,123.8639
2022-03-16,3.8093,5.7027,2.5852,2.2661,0.504,0.981,1.084,0.967,1.144,1.101,0.761,1.1933,3.796,123.8015
2022-03-17,3.8865,5.7958,2.6331,2.291,0.524,1.016,1.095,0.963,1.155,1.116,0.784,1.2119,3.845,123.8249
2022-03-18,3.9122,5.8551,2.6597,2.3491,0.527,1.019,1.118,0.972,1.139,1.11,0.784,1.2207,3.851,123.9917
2022-03-21,3.9067,5.8774,2.689,2.3649,0.532,1.022,1.104,0.955,1.157,1.117,0.782,1.2471,3.841,123.9429
2022-03-22,3.903,5.879,2.6757,2.4047,0.52,1.019,1.123,0.956,1.142,1.1,0.772,1.254,3.866,123.8015
2022-03-23,3.926,5.9186,2.6943,2.4014,0.532,1.022,1.116,0.957,1.166,1.099,0.785,1.2481,3.835,123.8414
2022-03-24,3.9012,5.8733,2.6597,2.4072,0.544,1.013,1.119,0.946,1.153,1.072,0.765,1.2648,3.88,123.9429
2022-03-25,3.8304,5.7983,2.6384,2.408,0.527,0.995,1.118,0.935,1.143,1.06,0.744,1.2462,3.907,124.0453
2022-03-28,3.8075,5.8181,2.6118,2.4462,0.52,0.98,1.122,0.936,1.12,1.048,0.721,1.2295,3.872,124.0502
2022-03-29,3.7909,5.7867,2.5959,2.4611,0.525,0.977,1.126,0.93,1.132,1.027,0.71,1.2295,3.849,123.9936
2022-03-30,3.904,5.912,2.657,2.4678,0.538,1.006,1.14,0.965,1.15,1.049,0.742,1.2481,3.839,123.9644
2022-03-31,3.8755,5.8609,2.6198,2.5002,0.535,1.003,1.155,0.957,1.127,1.022,0.737,1.2197,3.833,123.8658
2022-04-01,3.9223,5.9013,2.6225,2.5276,0.532,1.016,1.178,0.97,1.127,1.023,0.754,1.2276,3.853,124.02
2022-04-06,3.9113,5.8881,2.6118,2.5649,0.53,1.012,1.195,0.971,1.103,0.989,0.748,1.2207,3.836,124.1331
2022-04-07,3.8635,5.7546,2.5613,2.5267,0.521,0.995,1.184,0.951,1.086,0.967,0.747,1.208,3.843,124.2746
2022-04-08,3.8892,5.7735,2.5427,2.5558,0.516,0.99,1.192,0.966,1.076,0.972,0.743,1.2129,3.852,124.4414
2022-04-11,3.768,5.5897,2.4522,2.5068,0.507,0.974,1.176,0.936,1.023,0.92,0.709,1.1502,3.886,124.1916
2022-04-12,3.8323,5.6812,2.4815,2.4985,0.519,1.008,1.176,0.967,1.039,0.934,0.756,1.1688,3.908,124.2375
2022-04-13,3.8029,5.5988,2.4363,2.5176,0.507,1.002,1.179,0.958,1.013,0.908,0.753,1.2031,3.926,124.2736
2022-04-14,3.8433,5.673,2.4522,2.5641,0.51,1.035,1.175,0.972,1.013,0.927,0.789,1.209,3.931,124.4697
2022-04-15,3.8415,5.6219,2.4256,2.5367,0.515,1.036,1.194,0.966,1.015,0.927,0.784,1.1786,3.944,124.3604
2022-04-18,3.8231,5.6268,2.4469,2.4836,0.514,1.04,1.161,0.94,1.044,0.962,0.783,1.1708,3.967,124.216
2022-04-19,3.7983,5.645,2.4549,2.5201,0.502,1.039,1.158,0.933,1.041,0.939,0.774,1.1757,3.936,124.2638
2022-04-20,3.734,5.5147,2.4044,2.4479,0.494,1.045,1.148,0.918,1.024,0.927,0.781,1.1277,3.886,124.299
2022-04-21,3.6715,5.345,2.3086,2.403,0.481,1.023,1.143,0.916,0.991,0.911,0.769,1.0807,3.937,124.1916
2022-04-22,3.6807,5.3128,2.282,2.4279,0.48,1.021,1.164,0.917,0.976,0.885,0.772,1.0749,3.951,124.1604
2022-04-25,3.5034,4.9658,2.1091,2.325,0.456,0.981,1.114,0.889,0.901,0.819,0.728,0.9858,3.924,124.1673
2022-04-26,3.4758,4.8752,2.0426,2.2926,0.463,0.986,1.112,0.849,0.862,0.799,0.744,0.9544,3.89,124.2375
2022-04-27,3.5732,5.0392,2.1464,2.3225,0.472,1.01,1.114,0.86,0.923,0.85,0.761,1.0318,3.892,124.1975
2022-04-28,3.5971,5.0252,2.1198,2.3607,0.469,1.012,1.13,0.844,0.927,0.841,0.778,1.0249,3.89,124.1312
2022-04-29,3.689,5.2312,2.2208,2.3889,0.479,1.014,1.135,0.879,0.981,0.868,0.784,1.0768,3.942,124.259
2022-05-05,3.6752,5.2675,2.2607,2.3798,0.48,1.016,1.126,0.867,1.018,0.874,0.783,1.0749,3.929,124.2599
2022-05-06,3.586,5.1496,2.2315,2.3175,0.47,0.988,1.102,0.844,1.007,0.851,0.753,1.0347,3.922,124.1673
2022-05-09,3.5566,5.195,2.2607,2.3109,0.465,0.982,1.087,0.845,1.033,0.846,0.739,1.0396,3.939,124.2472
2022-05-10,3.598,5.2823,2.298,2.3134,0.469,0.992,1.095,0.858,1.037,0.876,0.749,1.0514,3.91,124.5028
2022-05-11,3.6485,5.3178,2.3219,2.3117,0.479,0.995,1.091,0.863,1.032,0.908,0.761,1.0749,3.89,124.4082
2022-05-12,3.6302,5.3219,2.3352,2.3018,0.484,1.0,1.084,0.865,1.04,0.914,0.77,1.0631,3.928,124.4745
2022-05-13,3.6586,5.3829,2.3538,2.3474,0.483,0.998,1.098,0.87,1.043,0.912,0.767,1.068,3.888,124.5799
2022-05-16,3.6302,5.3664,2.3591,2.3839,0.476,0.99,1.089,0.86,1.039,0.903,0.761,1.0709,3.851,124.5653
2022-05-17,3.6752,5.3952,2.3698,2.3756,0.471,0.992,1.098,0.866,1.052,0.933,0.769,1.1052,3.877,124.7106
2022-05-18,3.6623,5.3771,2.3698,2.3524,0.466,0.988,1.091,0.868,1.056,0.935,0.761,1.1003,3.836,124.9038
2022-05-19,3.6706,5.4274,2.399,2.3549,0.465,0.977,1.085,0.867,1.063,0.952,0.751,1.1121,3.85,124.8023
2022-05-20,3.7478,5.5115,2.4203,2.3873,0.479,1.002,1.101,0.884,1.06,0.955,0.784,1.1453,3.872,124.735
2022-05-23,3.7184,5.5345,2.4602,2.3906,0.479,0.995,1.095,0.885,1.057,0.962,0.774,1.1737,3.875,124.7887
2022-05-24,3.643,5.3458,2.3591,2.3541,0.461,0.986,1.084,0.861,1.021,0.924,0.757,1.1326,3.882,124.8491
2022-05-25,3.6586,5.4315,2.399,2.3781,0.463,0.983,1.089,0.864,1.032,0.927,0.755,1.1434,3.887,124.9467
2022-05-26,3.6678,5.4941,2.4203,2.4113,0.458,0.982,1.087,0.878,1.066,0.921,0.757,1.1453,3.901,125.173
2022-05-27,3.677,5.4941,2.415,2.4105,0.462,0.984,1.093,0.877,1.063,0.914,0.76,1.1404,3.917,124.9623
2022-05-30,3.6981,5.5238,2.4363,2.3989,0.468,0.998,1.087,0.873,1.076,0.927,0.787,1.1453,3.885,124.816
2022-05-31,3.7569,5.6103,2.4602,2.4022,0.478,1.025,1.09,0.884,1.081,0.946,0.811,1.1541,3.877,124.6999
2022-06-01,3.7514,5.6046,2.4709,2.4097,0.476,1.021,1.086,0.88,1.087,0.947,0.808,1.1385,3.852,124.6648
2022-06-02,3.7615,5.6722,2.4974,2.3947,0.469,1.014,1.08,0.886,1.111,0.985,0.802,1.1551,3.877,124.6443
2022-06-06,3.8369,5.762,2.5613,2.3939,0.483,1.023,1.081,0.906,1.127,1.013,0.815,1.2158,3.869,124.6843
2022-06-07,3.8424,5.7587,2.556,2.4064,0.49,1.034,1.089,0.908,1.124,0.993,0.826,1.2148,3.854,124.6784
2022-06-08,3.881,5.7991,2.5639,2.4379,0.498,1.049,1.096,0.922,1.112,0.988,0.84,1.2413,3.872,124.6492
2022-06-09,3.8497,5.729,2.5187,2.4437,0.488,1.039,1.108,0.922,1.086,0.956,0.825,1.2266,3.881,124.6697
2022-06-10,3.903,5.8337,2.5746,2.4603,0.492,1.049,1.111,0.945,1.122,0.971,0.837,1.2569,3.865,124.6248
2022-06-13,3.8553,5.8164,2.5932,2.4238,0.482,1.042,1.09,0.932,1.123,0.957,0.821,1.2824,3.926,124.6189
2022-06-14,3.892,5.8757,2.5932,2.4553,0.484,1.051,1.108,0.985,1.103,0.934,0.833,1.2736,3.855,124.5594
2022-06-15,3.937,5.851,2.5826,2.4578,0.492,1.058,1.126,1.015,1.109,0.947,0.838,1.2657,3.834,124.5038
2022-06-16,3.9122,5.8601,2.6065,2.4188,0.498,1.07,1.113,0.969,1.11,0.963,0.838,1.2648,3.846,124.4989
2022-06-17,3.9701,5.9161,2.6358,2.413,0.514,1.082,1.114,0.966,1.114,0.959,0.86,1.3049,3.874,124.6014
2022-06-20,3.9894,5.9161,2.6597,2.3947,0.522,1.095,1.106,0.96,1.127,0.966,0.875,1.2912,3.858,124.5858
2022-06-21,3.9876,5.8733,2.6304,2.3997,0.517,1.093,1.116,0.959,1.105,0.957,0.87,1.2423,3.852,124.5692
2022-06-22,3.9416,5.7818,2.5985,2.3698,0.509,1.08,1.102,0.943,1.084,0.925,0.857,1.2354,3.849,124.6618
2022-06-23,4.0105,5.9095,2.6597,2.3898,0.512,1.091,1.11,0.977,1.145,0.949,0.866,1.2579,3.854,124.6618
2022-06-24,4.0546,5.9779,2.689,2.3931,0.525,1.104,1.109,0.979,1.171,0.962,0.882,1.2501,3.827,124.6687
2022-06-27,4.0987,6.0027,2.7182,2.4155,0.535,1.136,1.119,0.98,1.171,0.976,0.901,1.2941,3.853,124.4814
2022-06-28,4.1465,6.104,2.7528,2.4362,0.535,1.141,1.125,0.987,1.197,1.01,0.908,1.3166,3.832,124.496
2022-06-29,4.096,6.0076,2.6943,2.4462,0.533,1.12,1.127,0.967,1.163,0.993,0.897,1.2608,3.821,124.5926
2022-06-30,4.1419,6.0546,2.7155,2.4603,0.549,1.156,1.141,0.976,1.17,1.014,0.933,1.2863,3.818,124.5965
2022-07-01,4.1281,6.0439,2.7235,2.4645,0.546,1.148,1.133,0.963,1.167,1.01,0.926,1.3137,3.784,124.774
2022-07-04,4.1539,6.1172,2.7475,2.4694,0.572,1.163,1.128,0.967,1.202,0.98,0.922,1.3323,3.801,124.5584
2022-07-05,4.1447,6.109,2.7395,2.4811,0.575,1.161,1.128,0.954,1.19,0.975,0.913,1.347,3.797,124.4433
2022-07-06,4.0905,6.0299,2.7049,2.4263,0.56,1.13,1.114,0.943,1.182,0.996,0.888,1.3088,3.725,124.4794
2022-07-07,4.1052,6.0546,2.7368,2.4371,0.551,1.13,1.112,0.941,1.203,0.991,0.887,1.3196,3.676,124.4872
2022-07-08,4.1015,6.0192,2.7235,2.4354,0.552,1.133,1.114,0.935,1.188,0.998,0.891,1.3098,3.669,124.4316
2022-07-11,4.0317,5.9392,2.6836,2.413,0.546,1.122,1.114,0.924,1.178,0.971,0.871,1.255,3.669,124.4755
2022-07-12,3.9986,5.8675,2.6358,2.4321,0.529,1.109,1.119,0.929,1.157,0.938,0.863,1.2383,3.668,124.5497
2022-07-13,4.005,5.8889,2.657,2.4304,0.53,1.114,1.094,0.927,1.151,0.924,0.87,1.2442,3.646,124.6238
2022-07-14,4.0059,5.9301,2.6943,2.4055,0.542,1.107,1.071,0.92,1.181,0.934,0.863,1.2442,3.647,124.7204
2022-07-15,3.9462,5.8304,2.665,2.3723,0.529,1.103,1.062,0.896,1.161,0.931,0.866,1.2227,3.622,124.8921
2022-07-18,3.9885,5.9384,2.7049,2.4213,0.531,1.101,1.076,0.915,1.164,0.932,0.861,1.2423,3.635,124.8052
2022-07-19,3.9683,5.9598,2.7288,2.4246,0.523,1.102,1.08,0.923,1.17,0.925,0.862,1.2374,3.627,124.7584
2022-07-20,3.9793,6.0356,2.7687,2.4288,0.528,1.103,1.082,0.923,1.219,0.935,0.868,1.2511,3.628,124.8082
2022-07-21,3.9379,5.9771,2.7528,2.3923,0.527,1.095,1.07,0.914,1.196,0.959,0.857,1.2285,3.599,124.8794
2022-07-22,3.9407,5.9236,2.7342,2.3781,0.525,1.093,1.074,0.916,1.195,0.944,0.853,1.2256,3.65,124.9701
2022-07-25,3.9242,5.865,2.6969,2.3856,0.521,1.097,1.076,0.905,1.181,0.932,0.863,1.2148,3.663,124.9906
2022-07-26,3.9508,5.9359,2.7395,2.4172,0.519,1.106,1.085,0.911,1.186,0.937,0.871,1.2403,3.668,125.1155
2022-07-27,3.9288,5.9615,2.7634,2.4172,0.51,1.093,1.08,0.908,1.197,0.926,0.856,1.2403,3.659,125.1242
2022-07-28,3.9315,5.9771,2.7847,2.4263,0.506,1.09,1.079,0.915,1.212,0.947,0.854,1.2383,3.697,125.0989
2022-07-29,3.8773,5.9293,2.7741,2.408,0.491,1.07,1.066,0.907,1.191,0.922,0.825,1.2285,3.749,125.3515
2022-08-01,3.8938,5.9804,2.79,2.4138,0.493,1.077,1.06,0.9,1.19,0.935,0.838,1.2501,3.743,125.5418
2022-08-02,3.8286,5.8312,2.7129,2.3615,0.482,1.064,1.043,0.871,1.174,0.931,0.826,1.2051,3.773,125.7203
2022-08-03,3.7873,5.7826,2.6916,2.3383,0.485,1.055,1.034,0.866,1.226,0.965,0.825,1.1972,3.759,125.6773
2022-08-04,3.8157,5.8024,2.7049,2.3416,0.496,1.068,1.042,0.874,1.2,0.983,0.841,1.207,3.76,125.8256
2022-08-05,3.8755,5.9227,2.7661,2.3449,0.509,1.083,1.053,0.895,1.205,1.064,0.844,1.2423,3.79,125.6403
2022-08-08,3.8626,5.9557,2.7874,2.3707,0.503,1.076,1.048,0.895,1.23,1.051,0.839,1.2462,3.769,125.6647
2022-08-09,3.869,5.973,2.8007,2.3881,0.5,1.069,1.042,0.892,1.249,1.062,0.838,1.2579,3.786,125.5808
2022-08-10,3.8277,5.9615,2.8007,2.3748,0.489,1.049,1.034,0.889,1.251,1.051,0.825,1.2599,3.794,125.6325
2022-08-11,3.9085,6.0793,2.8379,2.3972,0.505,1.068,1.054,0.938,1.254,1.069,0.84,1.2648,3.777,125.5983
2022-08-12,3.9095,6.0686,2.8113,2.4196,0.506,1.074,1.056,0.935,1.227,1.043,0.849,1.2638,3.795,125.6013
2022-08-15,3.9003,6.0769,2.8299,2.4313,0.497,1.065,1.043,0.927,1.229,1.032,0.839,1.2863,3.799,126.0402
2022-08-16,3.8911,6.0925,2.8459,2.4396,0.491,1.064,1.045,0.925,1.231,1.023,0.834,1.2677,3.796,126.2149
2022-08-17,3.9288,6.1321,2.8485,2.4429,0.495,1.07,1.054,0.944,1.228,1.025,0.842,1.253,3.779,126.2441
2022-08-18,3.8948,6.1098,2.8618,2.423,0.485,1.052,1.044,0.936,1.237,1.032,0.828,1.2442,3.761,126.328
2022-08-19,3.8672,6.029,2.814,2.4437,0.481,1.059,1.046,0.931,1.211,1.002,0.824,1.2158,3.761,126.4148
2022-08-22,3.892,6.1049,2.8299,2.4653,0.484,1.064,1.047,0.929,1.227,1.002,0.828,1.2657,3.753,126.4207
2022-08-23,3.8791,6.1065,2.8432,2.4736,0.477,1.054,1.039,0.931,1.22,0.996,0.815,1.2589,3.763,126.3329
2022-08-24,3.8084,5.9318,2.7395,2.4371,0.472,1.048,1.034,0.919,1.172,0.949,0.808,1.2237,3.787,126.3036
2022-08-25,3.8415,5.9639,2.7315,2.491,0.478,1.069,1.047,0.937,1.175,0.945,0.826,1.2237,3.797,126.2217
2022-08-26,3.836,6.8159,2.7155,2.4736,0.479,1.08,1.049,0.927,1.153,0.929,0.839,1.2305,3.798,126.1641
2022-08-29,3.813,5.9474,2.7262,2.4919,0.473,1.069,1.039,0.922,1.176,0.928,0.827,1.2217,3.767,126.1719
2022-08-30,3.8047,5.9389,2.7129,2.4694,0.471,1.07,1.044,0.923,1.166,0.935,0.823,1.2109,3.783,126.2851
2022-08-31,3.8047,5.8124,2.6278,2.4545,0.48,1.081,1.058,0.929,1.137,0.925,0.841,1.1688,3.758,126.3358
2022-09-01,3.7735,5.7917,2.6118,2.4777,0.478,1.063,1.055,0.917,1.132,0.917,0.826,1.1561,3.73,126.3485
2022-09-02,3.7523,5.802,2.6118,2.4728,0.473,1.054,1.054,0.913,1.148,0.93,0.813,1.1473,3.726,126.4987
2022-09-05,3.7505,5.8313,2.6377,2.5176,0.465,1.037,1.056,0.92,1.151,0.924,0.795,1.1522,3.765,126.5514
2022-09-06,3.7772,5.9314,2.6892,2.5583,0.464,1.042,1.055,0.931,1.182,0.932,0.8,1.1884,3.784,126.5085
2022-09-07,3.7845,5.9465,2.7058,2.5516,0.463,1.028,1.048,0.925,1.192,0.955,0.79,1.2051,3.759,126.5143
2022-09-08,3.768,5.9257,2.6844,2.5442,0.461,1.025,1.051,0.922,1.206,0.942,0.792,1.1933,3.79,126.4675
2022-09-09,3.8213,5.9616,2.6922,2.5798,0.475,1.036,1.07,0.939,1.2,0.939,0.801,1.2246,3.785,126.3592
2022-09-13,3.8341,5.9465,2.6834,2.5608,0.466,1.05,1.076,0.937,1.211,0.939,0.812,1.2295,3.787,126.2558
2022-09-14,3.7919,5.9012,2.6533,2.5392,0.464,1.045,1.068,0.923,1.221,0.942,0.804,1.2119,3.76,126.1456
2022-09-15,3.7579,5.7662,2.5706,2.5491,0.462,1.043,1.08,0.922,1.186,0.911,0.809,1.1727,3.744,126.1407
2022-09-16,3.6752,5.6227,2.5181,2.4744,0.448,1.024,1.062,0.869,1.181,0.905,0.792,1.1346,3.728,126.0285
2022-09-19,3.6651,5.5877,2.4899,2.4744,0.441,1.035,1.063,0.859,1.159,0.888,0.8,1.1336,3.741,126.0432
2022-09-20,3.6669,5.6161,2.5181,2.4719,0.442,1.04,1.053,0.859,1.163,0.889,0.811,1.1698,3.754,126.1836
2022-09-21,3.6393,5.6444,2.5181,2.4943,0.429,1.025,1.057,0.86,1.159,0.871,0.803,1.1786,3.759,126.209
2022-09-22,3.6127,5.6359,2.523,2.5043,0.421,1.01,1.054,0.855,1.182,0.868,0.791,1.1776,3.753,126.2061
2022-09-23,3.6053,5.5689,2.4763,2.4844,0.419,1.013,1.058,0.856,1.175,0.844,0.796,1.1483,3.77,126.0822
2022-09-26,3.5824,5.4811,2.4423,2.4445,0.416,1.016,1.042,0.838,1.139,0.845,0.809,1.1209,3.736,125.7876
2022-09-27,3.6283,5.584,2.489,2.4578,0.439,1.052,1.047,0.845,1.152,0.864,0.838,1.1218,3.746,125.7895
2022-09-28,3.5769,5.4527,2.416,2.4404,0.434,1.046,1.048,0.831,1.11,0.839,0.83,1.0612,3.751,125.7476
2022-09-29,3.5778,5.4669,2.4248,2.4362,0.444,1.045,1.037,0.82,1.118,0.839,0.828,1.0749,3.78,125.532
2022-09-30,3.5539,5.3933,2.3781,2.457,0.442,1.042,1.042,0.816,1.086,0.819,0.825,1.0651,3.783,125.6256
2022-10-10,3.4813,5.331,2.3285,2.4611,0.428,1.011,1.027,0.808,1.064,0.76,0.779,1.0445,3.81,125.8305
2022-10-11,3.4785,5.364,2.3344,2.4528,0.426,1.013,1.025,0.816,1.07,0.749,0.784,1.0592,3.802,125.9953
2022-10-12,3.5355,5.4924,2.4034,2.4819,0.429,1.012,1.028,0.835,1.092,0.78,0.778,1.0797,3.812,125.9095
2022-10-13,3.5052,5.5066,2.4297,2.4437,0.438,1.008,1.013,0.83,1.099,0.774,0.765,1.066,3.817,125.9944
2022-10-14,3.586,5.6463,2.4948,2.4703,0.482,1.022,1.026,0.845,1.124,0.793,0.783,1.0974,3.813,126.2792
2022-10-17,3.5851,5.6718,2.5094,2.4628,0.481,1.018,1.022,0.849,1.155,0.81,0.771,1.0905,3.792,126.0988
2022-10-18,3.5787,5.6972,2.5259,2.4587,0.484,1.01,1.02,0.845,1.155,0.802,0.767,1.0856,3.802,126.0802
2022-10-19,3.5245,5.6491,2.5113,2.4562,0.474,0.982,1.01,0.837,1.148,0.797,0.742,1.0758,3.793,126.171
2022-10-20,3.5135,5.6302,2.5035,2.4346,0.475,0.978,1.007,0.84,1.15,0.839,0.749,1.0641,3.775,126.0832
2022-10-21,3.4933,5.6302,2.4987,2.4454,0.473,0.967,1.003,0.844,1.152,0.824,0.737,1.0523,3.771,126.0978
2022-10-24,3.4032,5.5821,2.489,2.4022,0.455,0.923,0.973,0.826,1.19,0.826,0.695,1.0504,3.82,126.2061
2022-10-25,3.3885,5.5377,2.4685,2.379,0.444,0.92,0.973,0.811,1.193,0.821,0.692,1.0484,3.827,126.13
2022-10-26,3.4142,5.6519,2.5279,2.3649,0.469,0.911,0.964,0.818,1.206,0.843,0.695,1.0592,3.824,126.1358
2022-10-27,3.3903,5.6349,2.5133,2.3765,0.46,0.887,0.964,0.822,1.203,0.848,0.664,1.066,3.817,126.2246
2022-10-28,3.3113,5.4556,2.4209,2.3358,0.45,0.864,0.954,0.804,1.179,0.837,0.658,1.0279,3.82,126.4012
2022-10-31,3.2755,5.4886,2.4462,2.2802,0.446,0.856,0.944,0.805,1.21,0.855,0.65,1.0181,3.807,126.4919
2022-11-01,3.4023,5.6255,2.5123,2.2968,0.464,0.904,0.959,0.83,1.2,0.86,0.694,1.0631,3.81,126.3641
2022-11-02,3.4335,5.6661,2.5366,2.3242,0.471,0.916,0.96,0.832,1.196,0.862,0.709,1.0797,3.817,126.25
2022-11-03,3.406,5.6689,2.5492,2.3084,0.468,0.906,0.952,0.827,1.201,0.89,0.702,1.0709,3.805,126.3641
2022-11-04,3.5227,5.8124,2.6163,2.3483,0.478,0.943,0.968,0.85,1.208,0.898,0.736,1.1228,3.804,126.2431
2022-11-07,3.5227,5.7973,2.6056,2.369,0.479,0.948,0.97,0.848,1.186,0.885,0.74,1.1493,3.832,126.2422
2022-11-08,3.5015,5.803,2.6047,2.369,0.47,0.932,0.967,0.845,1.187,0.875,0.728,1.1522,3.839,126.2704
2022-11-09,3.4648,5.7869,2.593,2.3673,0.467,0.919,0.967,0.842,1.177,0.867,0.716,1.1483,3.945,126.3377
2022-11-10,3.4455,5.7671,2.5687,2.3732,0.464,0.928,0.97,0.848,1.153,0.843,0.727,1.1238,3.925,126.249
2022-11-11,3.5355,5.8011,2.5784,2.4246,0.467,0.953,1.001,0.869,1.164,0.855,0.746,1.1551,3.952,126.0032
2022-11-14,3.5374,5.7917,2.5609,2.4155,0.479,0.945,1.022,0.876,1.149,0.864,0.739,1.1346,3.913,125.6656
2022-11-15,3.6063,5.8917,2.6212,2.4238,0.482,0.961,1.026,0.908,1.169,0.92,0.758,1.1493,3.933,125.5281
2022-11-16,3.5796,5.8643,2.6017,2.4163,0.482,0.96,1.016,0.892,1.171,0.904,0.76,1.1336,3.954,125.334
2022-11-17,3.564,5.8766,2.6076,2.3989,0.48,0.959,1.012,0.896,1.179,0.926,0.753,1.1169,3.958,125.4891
2022-11-18,3.5521,5.8653,2.5862,2.3881,0.487,0.954,1.008,0.884,1.16,0.903,0.753,1.1003,3.952,125.4208
2022-11-21,3.5217,5.8587,2.5969,2.379,0.482,0.938,1.002,0.869,1.17,0.895,0.734,1.1013,3.936,125.6539
2022-11-22,3.5199,5.7964,2.5599,2.3947,0.473,0.936,1.02,0.87,1.172,0.887,0.736,1.0925,3.932,125.7066
2022-11-23,3.5227,5.786,2.5541,2.408,0.463,0.929,1.023,0.871,1.166,0.879,0.732,1.0983,3.932,125.9212
2022-11-24,3.5061,5.7869,2.557,2.4213,0.465,0.923,1.022,0.867,1.156,0.871,0.725,1.1042,3.947,126.0773
2022-11-25,3.5254,5.7567,2.5317,2.462,0.465,0.923,1.045,0.876,1.137,0.864,0.724,1.0974,3.959,125.8403
2022-11-28,3.4841,5.7312,2.522,2.447,0.457,0.924,1.028,0.862,1.136,0.853,0.724,1.0807,3.962,125.6091
2022-11-29,3.5906,5.8256,2.5609,2.5184,0.468,0.953,1.073,0.894,1.137,0.869,0.758,1.1003,3.951,125.2686
2022-11-30,3.5934,5.8124,2.558,2.5018,0.464,0.955,1.067,0.894,1.134,0.864,0.754,1.1042,3.944,125.3603
2022-12-01,3.6347,5.8436,2.5842,2.4844,0.473,0.982,1.062,0.897,1.148,0.876,0.778,1.1248,3.956,125.4325
2022-12-02,3.6136,5.8294,2.592,2.467,0.469,0.987,1.054,0.894,1.133,0.869,0.78,1.1081,3.979,125.4705
2022-12-05,3.6788,5.87,2.6047,2.5109,0.471,1.003,1.081,0.926,1.137,0.874,0.795,1.1297,3.94,125.4149
2022-12-06,3.7,5.8672,2.6017,2.501,0.471,1.021,1.08,0.921,1.143,0.891,0.818,1.1316,3.898,125.2852
2022-12-07,3.689,5.8596,2.5998,2.4885,0.471,1.026,1.071,0.912,1.135,0.882,0.817,1.1238,3.898,125.2111
2022-12-08,3.6972,5.8502,2.5881,2.501,0.47,1.018,1.078,0.91,1.118,0.867,0.822,1.1218,3.91,125.3925
2022-12-09,3.7285,5.8587,2.5949,2.5068,0.47,1.04,1.09,0.918,1.113,0.877,0.85,1.1483,3.924,125.2852
2022-12-12,3.6899,5.837,2.5852,2.4553,0.473,1.025,1.068,0.896,1.122,0.893,0.835,1.113,3.921,125.3057
2022-12-13,3.6798,5.8049,2.5658,2.467,0.471,1.039,1.076,0.897,1.102,0.879,0.844,1.114,3.924,125.016
2022-12-14,3.689,5.7803,2.5512,2.462,0.47,1.059,1.079,0.903,1.095,0.879,0.868,1.1111,3.963,125.2745
2022-12-15,3.6871,5.7794,2.5599,2.4329,0.468,1.045,1.068,0.896,1.1,0.892,0.859,1.1169,3.933,125.3535
2022-12-16,3.6908,5.7577,2.5376,2.4512,0.47,1.049,1.078,0.893,1.085,0.873,0.863,1.0915,3.915,125.3223
2022-12-19,3.6375,5.6359,2.487,2.4188,0.458,1.036,1.062,0.868,1.071,0.851,0.852,1.0807,3.942,125.5057
2022-12-20,3.5796,5.5755,2.4608,2.3906,0.451,1.002,1.048,0.863,1.072,0.852,0.82,1.066,3.943,125.5174
2022-12-21,3.5769,5.5471,2.4472,2.3931,0.452,1.012,1.053,0.863,1.055,0.841,0.83,1.0592,3.981,125.4491
2022-12-22,3.5842,5.4877,2.4092,2.3748,0.46,1.033,1.056,0.862,1.045,0.826,0.852,1.0406,3.981,125.4891
2022-12-23,3.575,5.4669,2.3917,2.3665,0.464,1.036,1.054,0.865,1.033,0.807,0.857,1.0367,3.948,125.5261
2022-12-26,3.5833,5.532,2.4345,2.3607,0.463,1.026,1.048,0.862,1.064,0.83,0.845,1.0504,3.953,125.4764
2022-12-27,3.6265,5.5698,2.454,2.3839,0.469,1.046,1.068,0.873,1.072,0.84,0.861,1.0641,3.963,125.4901
2022-12-28,3.6145,5.5547,2.4374,2.3889,0.469,1.041,1.077,0.867,1.059,0.832,0.855,1.0543,3.966,125.6705
2022-12-29,3.6035,5.5519,2.4326,2.3649,0.476,1.028,1.071,0.865,1.077,0.828,0.846,1.0484,3.96,125.7398
2022-12-30,3.6182,5.5575,2.4374,2.3765,0.478,1.044,1.078,0.869,1.076,0.824,0.85,1.0406,3.986,125.9417
2023-01-03,3.6283,5.6359,2.4929,2.3873,0.477,1.025,1.083,0.864,1.1,0.836,0.838,1.069,3.987,125.9056
2023-01-04,3.6329,5.634,2.4929,2.4047,0.48,1.024,1.103,0.866,1.096,0.83,0.837,1.0504,4.002,126.1212
2023-01-05,3.7018,5.6897,2.5191,2.4089,0.494,1.058,1.104,0.883,1.102,0.838,0.881,1.0631,4.001,126.0558
2023-01-06,3.7165,5.702,2.523,2.4047,0.491,1.058,1.101,0.884,1.096,0.835,0.879,1.0797,3.972,125.7983
2023-01-09,3.7395,5.7133,2.5347,2.4064,0.495,1.074,1.102,0.899,1.083,0.841,0.903,1.1111,4.015,125.8012
2023-01-10,3.745,5.7275,2.5385,2.3931,0.502,1.079,1.09,0.898,1.073,0.847,0.904,1.1121,4.013,125.7281
2023-01-11,3.745,5.701,2.5201,2.4113,0.499,1.074,1.098,0.892,1.061,0.839,0.9,1.1072,4.025,125.5964
2023-01-12,3.7505,5.6954,2.5201,2.4006,0.496,1.068,1.1,0.9,1.065,0.836,0.894,1.114,4.019,125.6305
2023-01-13,3.8075,5.7435,2.5356,2.413,0.511,1.097,1.111,0.918,1.062,0.837,0.921,1.1209,4.027,125.6579
2023-01-16,3.8663,5.7992,2.5629,2.4296,0.531,1.119,1.113,0.947,1.079,0.861,0.936,1.1307,4.05,125.5574
2023-01-17,3.8625,5.8068,2.5599,2.4226,0.528,1.107,1.112,0.959,1.088,0.882,0.924,1.1277,4.066,125.5661
2023-01-18,3.8541,5.8294,2.5677,2.4252,0.523,1.097,1.113,0.955,1.092,0.879,0.916,1.1365,4.056,125.5476
2023-01-19,3.8803,5.8832,2.5979,2.4304,0.534,1.093,1.114,0.975,1.11,0.9,0.914,1.1434,4.068,125.5759
2023-01-20,3.9017,5.9257,2.6222,2.4548,0.532,1.091,1.115,0.969,1.118,0.903,0.909,1.1796,4.101,125.6978
2023-01-30,3.9241,5.9455,2.6329,2.4409,0.527,1.102,1.119,0.961,1.143,0.898,0.926,1.1894,4.096,125.6978
2023-01-31,3.8812,5.9502,2.6416,2.4479,0.513,1.083,1.109,0.956,1.147,0.879,0.899,1.1953,4.069,125.6822
2023-02-01,3.9101,6.0182,2.6844,2.4513,0.518,1.092,1.106,0.981,1.159,0.893,0.904,1.2305,4.091,125.73
2023-02-02,3.9008,6.0277,2.6883,2.4548,0.52,1.097,1.097,0.961,1.143,0.906,0.914,1.2197,4.125,125.8129
2023-02-03,3.8607,6.0012,2.6854,2.4391,0.515,1.086,1.088,0.953,1.157,0.909,0.906,1.2031,4.071,125.8578
2023-02-06,3.8075,5.9738,2.6795,2.4261,0.503,1.067,1.076,0.935,1.148,0.896,0.89,1.1786,4.018,125.7973
2023-02-07,3.8168,5.9767,2.6873,2.4357,0.504,1.068,1.081,0.938,1.143,0.893,0.889,1.1855,4.01,125.8159
2023-02-08,3.8009,5.9333,2.6688,2.4296,0.505,1.059,1.079,0.929,1.124,0.883,0.882,1.1796,4.01,125.8578
2023-02-09,3.8513,6.0192,2.7223,2.4374,0.512,1.078,1.083,0.944,1.148,0.923,0.912,1.1855,4.019,125.8676
2023-02-10,3.8289,6.0003,2.7087,2.44,0.51,1.08,1.083,0.936,1.137,0.914,0.917,1.1679,3.993,125.9173
2023-02-13,3.8588,6.0362,2.734,2.4444,0.514,1.104,1.074,0.942,1.144,0.919,0.951,1.1669,4.018,125.9271
2023-02-14,3.8672,6.0522,2.7398,2.4592,0.515,1.1,1.076,0.94,1.138,0.915,0.945,1.1767,4.015,125.931
2023-02-15,3.8411,6.0409,2.7388,2.4479,0.507,1.093,1.067,0.931,1.144,0.926,0.945,1.1639,4.002,125.9368
2023-02-16,3.814,5.9606,2.6902,2.4348,0.505,1.091,1.067,0.926,1.123,0.902,0.952,1.1346,4.001,125.9251
2023-02-17,3.7599,5.9097,2.6659,2.4391,0.502,1.085,1.059,0.909,1.112,0.872,0.938,1.1307,3.992,125.9398
2023-02-20,3.8579,6.0022,2.697,2.4775,0.509,1.104,1.084,0.946,1.116,0.881,0.96,1.1522,4.01,125.8481
2023-02-21,3.8625,6.0371,2.7097,2.5089,0.506,1.098,1.086,0.948,1.125,0.877,0.946,1.1786,4.005,125.8081
2023-02-22,3.8252,6.0314,2.7174,2.5123,0.503,1.101,1.078,0.939,1.129,0.875,0.944,1.162,4.017,125.8325
2023-02-23,3.8252,6.021,2.7048,2.5219,0.498,1.09,1.079,0.947,1.122,0.872,0.933,1.1698,4.008,125.8305
2023-02-24,3.7888,6.0078,2.6951,2.515,0.494,1.079,1.07,0.931,1.14,0.873,0.92,1.1502,4.021,125.8334
2023-02-27,3.7748,5.9767,2.6776,2.5193,0.489,1.086,1.066,0.919,1.135,0.855,0.932,1.1414,4.01,125.8129
2023-02-28,3.7991,6.0154,2.699,2.5254,0.494,1.089,1.069,0.927,1.137,0.86,0.932,1.1453,4.015,125.7954
2023-03-01,3.8448,6.0522,2.7184,2.5402,0.496,1.098,1.079,0.94,1.144,0.871,0.941,1.161,4.029,125.8042
2023-03-02,3.8401,6.0456,2.7058,2.5524,0.491,1.093,1.083,0.937,1.145,0.864,0.938,1.1434,4.026,125.8315
2023-03-03,3.8485,6.0428,2.7019,2.5655,0.492,1.089,1.094,0.944,1.168,0.886,0.931,1.1424,4.044,125.8149
2023-03-06,3.8252,6.0447,2.7106,2.5533,0.49,1.085,1.077,0.93,1.175,0.891,0.931,1.1424,4.071,125.9017
2023-03-07,3.772,5.9502,2.662,2.5472,0.482,1.062,1.078,0.914,1.15,0.865,0.913,1.1316,4.076,125.9993
2023-03-08,3.7571,5.9597,2.6698,2.5455,0.48,1.054,1.071,0.913,1.166,0.874,0.908,1.1218,4.033,126.0666
2023-03-09,3.7478,5.9531,2.6766,2.542,0.48,1.05,1.067,0.908,1.156,0.883,0.9,1.1218,4.033,126.0851
2023-03-10,3.6964,5.8776,2.6377,2.5071,0.48,1.034,1.05,0.896,1.138,0.878,0.886,1.1042,4.061,126.1329
2023-03-13,3.7375,5.9106,2.6504,2.5359,0.477,1.054,1.053,0.9,1.15,0.879,0.904,1.114,4.089,126.128
2023-03-14,3.7142,5.8625,2.626,2.5228,0.477,1.053,1.045,0.891,1.144,0.906,0.896,1.1091,4.142,126.17
2023-03-15,3.7132,5.8927,2.6387,2.5437,0.475,1.046,1.056,0.896,1.142,0.906,0.885,1.1052,4.139,126.1397
2023-03-16,3.6703,5.82,2.5988,2.5254,0.473,1.035,1.057,0.89,1.112,0.904,0.883,1.07,4.174,126.1973
2023-03-17,3.6899,5.854,2.6183,2.542,0.463,1.028,1.058,0.905,1.121,0.922,0.869,1.0768,4.198,126.2656
2023-03-20,3.6694,5.836,2.6076,2.5306,0.456,1.013,1.052,0.895,1.107,0.939,0.857,1.0876,4.327,126.3485
2023-03-21,3.7095,5.8974,2.6406,2.5237,0.471,1.033,1.05,0.903,1.129,0.936,0.886,1.1023,4.286,126.288
2023-03-22,3.7263,5.9295,2.6513,2.5359,0.472,1.033,1.059,0.898,1.126,0.938,0.882,1.0983,4.223,126.2822
2023-03-23,3.7618,5.9625,2.6611,2.5376,0.472,1.039,1.066,0.909,1.135,0.979,0.892,1.1091,4.253,126.2568
2023-03-24,3.7571,5.9701,2.663,2.5219,0.469,1.038,1.056,0.911,1.126,0.971,0.892,1.1062,4.275,126.2041
2023-03-27,3.7375,5.9672,2.6669,2.5036,0.474,1.035,1.045,0.916,1.114,0.959,0.884,1.1042,4.246,126.2139
2023-03-28,3.73,5.9521,2.6523,2.508,0.475,1.049,1.049,0.906,1.097,0.931,0.903,1.0886,4.225,126.2373
2023-03-29,3.73,5.9276,2.6426,2.5062,0.471,1.051,1.046,0.901,1.086,0.96,0.912,1.0837,4.24,126.2646
2023-03-30,3.7701,5.9587,2.6445,2.5158,0.473,1.062,1.054,0.906,1.088,0.969,0.924,1.0935,4.248,126.2987
2023-03-31,3.7795,6.0031,2.6659,2.5219,0.47,1.066,1.05,0.905,1.091,0.977,0.92,1.1023,4.281,126.3085
2023-04-03,3.8075,6.0635,2.7019,2.5402,0.466,1.064,1.052,0.942,1.109,1.028,0.918,1.1081,4.221,126.2987
2023-04-04,3.8261,6.0673,2.698,2.5516,0.469,1.074,1.058,0.946,1.107,1.042,0.925,1.1013,4.269,126.3417
2023-04-06,3.8149,6.0664,2.7067,2.5367,0.472,1.058,1.052,0.939,1.122,1.089,0.904,1.116,4.33,126.3807
2023-04-07,3.842,6.1126,2.7301,2.5376,0.483,1.052,1.055,0.949,1.125,1.102,0.9,1.1101,4.328,126.4129
2023-04-10,3.828,6.072,2.7058,2.535,0.487,1.041,1.058,0.939,1.117,1.062,0.885,1.116,4.287,126.5202
2023-04-11,3.8187,6.0711,2.7067,2.555,0.485,1.029,1.055,0.949,1.109,1.058,0.869,1.1414,4.311,126.5641
2023-04-12,3.8149,6.0919,2.7213,2.5847,0.481,1.01,1.057,0.952,1.111,1.074,0.847,1.1473,4.341,126.5963
2023-04-13,3.7916,6.0654,2.7048,2.5908,0.489,1.011,1.067,0.94,1.107,1.032,0.854,1.1355,4.346,126.568
2023-04-14,3.8112,6.0796,2.7213,2.5838,0.488,1.003,1.071,0.941,1.109,1.085,0.843,1.1708,4.366,126.5338
2023-04-17,3.8681,6.1098,2.7233,2.6134,0.49,1.012,1.091,0.967,1.112,1.074,0.856,1.1825,4.324,126.5065
2023-04-18,3.8747,6.0975,2.7126,2.63,0.485,1.019,1.101,0.962,1.107,1.049,0.857,1.1816,4.305,126.5582
2023-04-19,3.8439,6.0692,2.7009,2.6256,0.481,1.01,1.099,0.947,1.099,1.053,0.852,1.1767,4.297,126.6324
2023-04-20,3.8289,6.0626,2.7009,2.6221,0.471,0.999,1.097,0.951,1.092,1.084,0.839,1.1512,4.308,126.6129
2023-04-21,3.7608,5.9182,2.6329,2.6073,0.464,0.994,1.084,0.916,1.091,1.021,0.833,1.1287,4.288,126.6704
2023-04-24,3.7132,5.8785,2.6115,2.603,0.462,0.976,1.077,0.9,1.077,0.993,0.817,1.1013,4.277,126.7026
2023-04-25,3.6955,5.7898,2.5648,2.6221,0.455,0.987,1.096,0.904,1.056,0.97,0.832,1.067,4.316,126.7123
2023-04-26,3.6871,5.8143,2.5726,2.6274,0.455,0.984,1.085,0.902,1.066,0.943,0.832,1.0797,4.323,126.7133
2023-04-27,3.7198,5.8389,2.5784,2.6343,0.459,0.991,1.085,0.908,1.088,0.945,0.835,1.0797,4.333,126.8918
2023-04-28,3.7562,5.9257,2.6173,2.6657,0.461,1.002,1.095,0.928,1.091,0.961,0.84,1.0895,4.298,126.9474
2023-05-04,3.7562,5.9266,2.6105,2.7276,0.462,0.989,1.127,0.939,1.09,0.932,0.828,1.0895,4.395,127.0567
2023-05-05,3.7412,5.8738,2.5823,2.752,0.455,0.995,1.137,0.953,1.077,0.922,0.837,1.069,4.415,127.283
2023-05-08,3.7832,5.9106,2.5979,2.8313,0.457,0.987,1.185,0.972,1.112,0.924,0.825,1.0856,4.368,127.2206
2023-05-09,3.7506,5.8568,2.5667,2.7982,0.453,0.987,1.171,0.983,1.092,0.904,0.828,1.068,4.377,127.2674
2023-05-10,3.7216,5.8464,2.5716,2.7389,0.454,0.981,1.139,0.955,1.083,0.892,0.819,1.0758,4.398,127.4333
2023-05-11,3.717,5.8285,2.5697,2.7328,0.452,0.978,1.133,0.954,1.073,0.896,0.816,1.068,4.394,127.6069
2023-05-12,3.6694,5.7718,2.5376,2.7215,0.449,0.971,1.121,0.941,1.057,0.885,0.804,1.0328,4.365,127.5376
2023-05-15,3.7282,5.836,2.5551,2.7154,0.459,0.977,1.135,0.955,1.088,0.893,0.813,1.0709,4.382,127.6059
2023-05-16,3.7123,5.7973,2.5317,2.698,0.463,0.971,1.131,0.946,1.081,0.9,0.805,1.0641,4.369,127.5376
2023-05-17,3.6871,5.7992,2.5444,2.6866,0.459,0.961,1.123,0.944,1.108,0.907,0.794,1.0553,4.353,127.5259
2023-05-18,3.6862,5.8086,2.556,2.711,0.455,0.951,1.136,0.941,1.106,0.911,0.791,1.0553,4.345,127.4869
2023-05-19,3.6806,5.8134,2.5667,2.6736,0.459,0.96,1.118,0.928,1.107,0.93,0.804,1.0445,4.33,127.5708
2023-05-22,3.6992,5.8049,2.5619,2.6648,0.462,0.978,1.121,0.926,1.1,0.922,0.826,1.0465,4.347,127.7279
2023-05-23,3.646,5.7435,2.5376,2.6317,0.462,0.967,1.101,0.913,1.082,0.903,0.812,1.0298,4.33,128.0449
2023-05-24,3.5966,5.7001,2.5317,2.5951,0.455,0.954,1.079,0.899,1.077,0.905,0.799,1.0249,4.352,127.9698
2023-05-25,3.5882,5.6831,2.5269,2.5821,0.452,0.946,1.075,0.901,1.081,0.914,0.79,1.0122,4.335,127.8108
2023-05-26,3.5928,5.7331,2.5492,2.6065,0.453,0.945,1.085,0.903,1.078,0.929,0.79,1.0112,4.31,127.8049
2023-05-29,3.5779,5.7265,2.5444,2.6335,0.452,0.938,1.086,0.894,1.08,0.936,0.784,1.0063,4.314,127.8342
2023-05-30,3.5816,5.7577,2.5551,2.6326,0.447,0.928,1.082,0.897,1.072,0.941,0.775,1.0044,4.3,127.9376
2023-05-31,3.548,5.7511,2.556,2.6038,0.437,0.912,1.074,0.891,1.076,0.949,0.758,1.0024,4.365,128.0039
2023-06-01,3.5555,5.7605,2.5619,2.6012,0.441,0.917,1.071,0.893,1.086,0.946,0.762,1.0102,4.362,128.1093
2023-06-02,3.605,5.8096,2.5794,2.6004,0.443,0.933,1.085,0.899,1.08,0.942,0.781,1.0494,4.375,127.9356
2023-06-05,3.5882,5.7973,2.5804,2.616,0.44,0.921,1.093,0.894,1.069,0.945,0.765,1.0367,4.324,128.0634
2023-06-06,3.5536,5.6897,2.5259,2.6073,0.433,0.918,1.09,0.882,1.046,0.916,0.762,1.0249,4.357,128.1112
2023-06-07,3.5424,5.6935,2.5259,2.6343,0.426,0.91,1.103,0.883,1.038,0.919,0.75,1.0171,4.363,128.2332
2023-06-08,3.5723,5.6812,2.5142,2.6666,0.423,0.919,1.12,0.894,1.036,0.901,0.758,1.023,4.338,128.1746
2023-06-09,3.5872,5.7293,2.5317,2.65,0.428,0.917,1.115,0.892,1.042,0.914,0.755,1.0347,4.375,128.2498
2023-06-12,3.591,5.7463,2.5434,2.623,0.428,0.937,1.099,0.883,1.038,0.912,0.781,1.0288,4.378,128.3219
2023-06-13,3.618,5.7633,2.5541,2.6169,0.429,0.941,1.103,0.888,1.04,0.942,0.787,1.0288,4.388,128.4644
2023-06-14,3.618,5.7699,2.5629,2.6012,0.431,0.955,1.087,0.889,1.039,0.939,0.808,1.0308,4.363,128.557
2023-06-15,3.6787,5.8209,2.5774,2.6091,0.441,0.97,1.094,0.902,1.047,0.934,0.821,1.0426,4.329,128.2176
2023-06-16,3.7132,5.8615,2.5998,2.6047,0.443,0.974,1.093,0.906,1.064,0.941,0.83,1.0484,4.359,127.9454
2023-06-19,3.6852,5.854,2.6085,2.5725,0.438,0.962,1.078,0.898,1.072,0.945,0.811,1.0279,4.366,127.9825
2023-06-20,3.6787,5.8511,2.6115,2.5489,0.436,0.952,1.074,0.895,1.103,0.943,0.8,1.021,4.374,128.0078
2023-06-21,3.6274,5.7331,2.5599,2.5341,0.425,0.941,1.074,0.879,1.09,0.905,0.788,1.0014,4.356,128.1424
2023-06-26,3.5863,5.6378,2.5142,2.494,0.423,0.927,1.057,0.858,1.072,0.892,0.766,0.9936,4.354,128.2195
2023-06-27,3.6106,5.6803,2.5385,2.5402,0.424,0.932,1.069,0.866,1.09,0.891,0.778,1.0093,4.35,128.1454
2023-06-28,3.618,5.6935,2.5347,2.5577,0.421,0.935,1.071,0.866,1.097,0.887,0.78,1.0054,4.335,128.1668
2023-06-29,3.6012,5.685,2.5454,2.5559,0.421,0.925,1.066,0.863,1.103,0.885,0.767,0.9995,4.343,128.1337
2023-06-30,3.6227,5.7539,2.5852,2.5603,0.425,0.926,1.074,0.879,1.124,0.894,0.764,1.0122,4.349,128.3073
2023-07-03,3.6647,5.7813,2.5794,2.5908,0.429,0.944,1.09,0.891,1.132,0.899,0.784,1.0298,4.358,128.3658
2023-07-04,3.6712,5.7945,2.591,2.5707,0.432,0.948,1.08,0.891,1.134,0.918,0.789,1.0269,4.364,128.3444
2023-07-05,3.646,5.7652,2.5716,2.569,0.428,0.93,1.073,0.885,1.119,0.91,0.775,1.0474,4.367,128.5287
2023-07-06,3.6199,5.7322,2.5629,2.5629,0.422,0.924,1.065,0.885,1.112,0.911,0.767,1.0279,4.365,128.5707
2023-07-07,3.6096,5.7171,2.5522,2.5786,0.421,0.926,1.065,0.89,1.101,0.896,0.764,1.0269,4.359,128.5834
2023-07-10,3.6246,5.7369,2.5531,2.5847,0.423,0.929,1.066,0.89,1.106,0.898,0.768,1.0337,4.37,128.5756
2023-07-11,3.6488,5.7841,2.5735,2.5829,0.427,0.927,1.072,0.895,1.112,0.921,0.769,1.0386,4.374,128.5912
2023-07-12,3.6311,5.7265,2.5366,2.5672,0.425,0.929,1.076,0.889,1.092,0.901,0.769,1.0357,4.371,128.5883
2023-07-13,3.6899,5.8058,2.5609,2.5943,0.433,0.952,1.091,0.903,1.099,0.919,0.799,1.0572,4.408,128.5707
2023-07-14,3.688,5.7832,2.558,2.6073,0.431,0.946,1.094,0.901,1.094,0.921,0.795,1.0494,4.388,128.5307
2023-07-17,3.6619,5.769,2.5492,2.5925,0.427,0.943,1.087,0.896,1.099,0.912,0.785,1.0367,4.406,128.6205
2023-07-18,3.6563,5.7605,2.5473,2.5864,0.43,0.935,1.084,0.899,1.1,0.913,0.782,1.0367,4.422,128.7005
2023-07-19,3.6544,5.752,2.5415,2.603,0.426,0.934,1.089,0.904,1.091,0.904,0.779,1.0396,4.473,128.7336
2023-07-20,3.6283,5.6897,2.5094,2.5951,0.424,0.934,1.09,0.896,1.07,0.887,0.777,1.0426,4.47,128.7307
2023-07-21,3.6302,5.6925,2.5065,2.5951,0.429,0.952,1.093,0.899,1.067,0.883,0.795,1.0328,4.453,128.8604
2023-07-24,3.6143,5.6831,2.5006,2.5934,0.431,0.938,1.088,0.898,1.075,0.877,0.786,1.0161,4.442,128.8955
2023-07-25,3.7188,5.7756,2.5405,2.63,0.436,0.969,1.118,0.949,1.084,0.89,0.826,1.0494,4.42,128.5726
2023-07-26,3.7104,5.7652,2.5288,2.6361,0.44,0.968,1.117,0.946,1.076,0.888,0.825,1.0523,4.439,128.5961
2023-07-27,3.7067,5.7256,2.5094,2.6439,0.441,0.974,1.126,0.936,1.073,0.875,0.833,1.0435,4.448,128.7053
2023-07-28,3.7963,5.8124,2.5308,2.6892,0.448,0.993,1.16,1.017,1.071,0.878,0.852,1.0504,4.404,128.6165
2023-07-31,3.8112,5.8492,2.5473,2.7067,0.437,1.0,1.168,1.013,1.078,0.888,0.852,1.0651,4.409,128.5005
2023-08-01,3.7944,5.854,2.5434,2.7102,0.435,0.987,1.161,1.011,1.081,0.888,0.843,1.067,4.426,128.5921
2023-08-02,3.7673,5.8332,2.5385,2.6762,0.428,0.982,1.139,1.018,1.073,0.888,0.84,1.0563,4.425,128.597
2023-08-03,3.8009,5.853,2.5405,2.6901,0.434,0.988,1.156,1.054,1.072,0.89,0.847,1.0533,4.406,128.6526
2023-08-04,3.8205,5.8917,2.5551,2.6805,0.431,0.987,1.16,1.063,1.071,0.885,0.847,1.0641,4.401,128.6956
2023-08-07,3.7916,5.853,2.5434,2.6561,0.418,0.979,1.149,1.066,1.067,0.88,0.834,1.0572,4.41,128.7502
2023-08-08,3.7776,5.8332,2.5327,2.6518,0.42,0.979,1.143,1.059,1.054,0.877,0.838,1.0621,4.414,128.7765
2023-08-09,3.7701,5.7935,2.5133,2.6431,0.426,0.977,1.147,1.053,1.05,0.867,0.839,1.0514,4.411,128.8009
2023-08-10,3.7748,5.7917,2.5113,2.6614,0.427,0.976,1.146,1.074,1.05,0.87,0.835,1.0533,4.396,128.7511
2023-08-11,3.6862,5.6774,2.4656,2.6248,0.421,0.957,1.123,1.027,1.04,0.85,0.814,1.0298,4.415,128.7882
2023-08-14,3.661,5.684,2.4715,2.6195,0.423,0.946,1.109,1.017,1.042,0.844,0.805,1.021,4.421,128.8526
2023-08-15,3.6572,5.6529,2.453,2.6404,0.419,0.942,1.121,1.036,1.031,0.823,0.804,1.0142,4.431,129.1189
2023-08-16,3.6292,5.6123,2.4219,2.6396,0.42,0.938,1.118,1.038,1.015,0.805,0.802,1.0034,4.433,129.1882
2023-08-17,3.6414,5.6463,2.4423,2.6387,0.422,0.954,1.111,1.038,1.047,0.813,0.819,1.0093,4.429,129.1472
2023-08-18,3.5947,5.5585,2.3947,2.6396,0.416,0.934,1.114,1.021,1.037,0.802,0.8,0.9887,4.421,129.2126
2023-08-21,3.5462,5.4858,2.3684,2.6178,0.412,0.927,1.099,0.985,1.02,0.792,0.8,0.9799,4.438,129.3306
2023-08-22,3.5676,5.5113,2.383,2.6335,0.41,0.925,1.11,1.004,1.033,0.804,0.799,0.9858,4.431,129.2584
2023-08-23,3.5163,5.4169,2.3383,2.6387,0.402,0.912,1.107,0.977,1.01,0.783,0.784,0.9633,4.452,129.2457
2023-08-24,3.5378,5.432,2.3402,2.6248,0.412,0.929,1.104,0.992,1.011,0.797,0.806,0.9809,4.464,129.2155
2023-08-25,3.5312,5.3678,2.3023,2.6274,0.409,0.929,1.113,0.998,0.994,0.778,0.802,0.9662,4.448,129.1541
2023-08-28,3.5807,5.4273,2.3169,2.664,0.415,0.929,1.13,1.023,1.003,0.782,0.801,0.9711,4.45,128.9931
2023-08-29,3.6012,5.5453,2.3869,2.664,0.421,0.941,1.116,1.016,1.031,0.813,0.814,0.9848,4.462,128.8351
2023-08-30,3.6003,5.5462,2.3985,2.6378,0.421,0.938,1.101,0.987,1.04,0.836,0.811,0.9858,4.477,129.0818
2023-08-31,3.5826,5.5188,2.3917,2.6091,0.419,0.933,1.097,0.968,1.035,0.844,0.807,0.976,4.494,129.1072
2023-09-01,3.604,5.5245,2.3898,2.6335,0.416,0.944,1.108,0.969,1.029,0.838,0.821,0.9975,4.489,128.9697
2023-09-04,3.6582,5.6038,2.4258,2.6736,0.42,0.962,1.128,0.976,1.038,0.85,0.847,1.0279,4.506,128.6575
2023-09-05,3.633,5.5632,2.4122,2.6526,0.418,0.953,1.118,0.967,1.036,0.848,0.836,1.023,4.508,128.7502
2023-09-06,3.6236,5.5613,2.4209,2.65,0.412,0.95,1.121,0.964,1.053,0.871,0.836,1.02,4.505,128.6526
2023-09-07,3.5742,5.4839,2.3801,2.6431,0.405,0.939,1.117,0.959,1.038,0.838,0.822,1.0034,4.504,128.4956
2023-09-08,3.5546,5.482,2.3849,2.6265,0.405,0.932,1.112,0.964,1.062,0.846,0.818,0.9936,4.536,128.598
2023-09-11,3.5807,5.5453,2.4199,2.6448,0.415,0.941,1.114,0.979,1.054,0.848,0.825,1.0093,4.545,128.598
2023-09-12,3.576,5.5471,2.418,2.6404,0.413,0.942,1.112,0.968,1.048,0.839,0.818,1.0063,4.546,128.6205
2023-09-13,3.5527,5.4914,2.3869,2.6535,0.411,0.939,1.112,0.957,1.031,0.83,0.821,1.0005,4.557,128.7511
2023-09-14,3.5499,5.4867,2.3781,2.6866,0.411,0.937,1.124,0.961,1.029,0.818,0.815,1.0063,4.592,128.8165
2023-09-15,3.534,5.4877,2.3791,2.6884,0.417,0.929,1.118,0.957,1.03,0.829,0.803,1.0063,4.548,128.7521
2023-09-18,3.5462,5.499,2.381,2.6901,0.423,0.935,1.119,0.955,1.022,0.815,0.812,1.0073,4.524,128.6136
2023-09-19,3.5415,5.4754,2.3635,2.7084,0.421,0.933,1.126,0.956,1.008,0.811,0.806,1.0005,4.559,128.599
2023-09-20,3.5247,5.4367,2.3422,2.7154,0.419,0.931,1.13,0.952,0.998,0.8,0.8,0.9926,4.594,128.5483
2023-09-21,3.4921,5.3933,2.3247,2.6988,0.415,0.914,1.123,0.945,0.999,0.798,0.786,0.9828,4.58,128.6429
2023-09-22,3.562,5.4858,2.3713,2.711,0.419,0.932,1.135,0.974,1.012,0.815,0.801,0.9887,4.561,128.5502
2023-09-25,3.5359,5.4546,2.3587,2.7058,0.425,0.927,1.135,0.95,0.999,0.807,0.795,0.9789,4.581,128.5239
2023-09-26,3.5163,5.4367,2.349,2.6945,0.423,0.921,1.132,0.952,0.989,0.8,0.786,0.9711,4.578,128.3785
2023-09-27,3.5256,5.4603,2.3635,2.6849,0.432,0.924,1.127,0.953,0.991,0.8,0.788,0.9721,4.511,128.0878
2023-09-28,3.5126,5.4678,2.381,2.6814,0.428,0.911,1.124,0.947,1.004,0.81,0.778,0.9691,4.436,128.6517
2023-10-09,3.5033,5.4376,2.3713,2.677,0.433,0.904,1.117,0.935,1.01,0.815,0.774,0.9652,4.405,128.7599
2023-10-10,3.4781,5.4112,2.3635,2.6518,0.426,0.9,1.117,0.932,1.008,0.822,0.767,0.9691,4.348,128.6682
2023-10-11,3.4855,5.4065,2.3684,2.6439,0.435,0.901,1.113,0.93,0.996,0.835,0.766,0.9593,4.355,128.4341
2023-10-12,3.5191,5.4471,2.3859,2.6666,0.437,0.905,1.13,0.941,0.996,0.84,0.768,0.9858,4.39,128.4156
2023-10-13,3.4865,5.4188,2.381,2.6631,0.435,0.888,1.13,0.931,0.981,0.839,0.751,0.9701,4.405,128.5219
2023-10-16,3.4463,5.3649,2.3548,2.6797,0.428,0.875,1.129,0.929,0.973,0.815,0.741,0.9564,4.46,128.5356
2023-10-17,3.4575,5.3753,2.3509,2.6762,0.427,0.88,1.132,0.942,0.977,0.824,0.74,0.9574,4.48,128.4722
2023-10-18,3.4314,5.3111,2.312,2.6561,0.42,0.877,1.13,0.941,0.961,0.812,0.738,0.9417,4.523,128.4478
2023-10-19,3.3595,5.2498,2.2877,2.6169,0.415,0.85,1.102,0.935,0.95,0.822,0.714,0.9251,4.547,128.2185
2023-10-20,3.3427,5.2139,2.2624,2.5969,0.408,0.844,1.103,0.938,0.937,0.806,0.711,0.93,4.597,128.318
2023-10-23,3.3073,5.0751,2.2051,2.5707,0.409,0.842,1.092,0.914,0.927,0.785,0.712,0.9045,4.572,128.437
2023-10-24,3.3119,5.1355,2.2333,2.589,0.411,0.847,1.088,0.945,0.933,0.8,0.716,0.9202,4.575,128.3766
2023-10-25,3.3306,5.161,2.2585,2.6091,0.408,0.864,1.09,0.944,0.945,0.805,0.735,0.9261,4.557,128.5268
2023-10-26,3.3427,5.1837,2.2741,2.6178,0.412,0.872,1.101,0.943,0.957,0.801,0.742,0.928,4.59,128.679
2023-10-27,3.3931,5.2819,2.3169,2.6274,0.426,0.89,1.099,0.947,0.964,0.817,0.751,0.9456,4.599,128.6205
2023-10-30,3.4081,5.3244,2.347,2.5916,0.438,0.901,1.081,0.943,0.974,0.854,0.76,0.9515,4.609,128.7921
2023-10-31,3.4006,5.3121,2.3344,2.5986,0.438,0.905,1.082,0.945,0.972,0.854,0.761,0.9476,4.62,128.8311
2023-11-01,3.3987,5.3008,2.3315,2.596,0.435,0.914,1.082,0.942,0.97,0.849,0.775,0.9427,4.603,128.8575
2023-11-02,3.3829,5.2526,2.3062,2.6038,0.433,0.905,1.09,0.935,0.951,0.838,0.762,0.931,4.613,128.9531
2023-11-03,3.409,5.2913,2.3353,2.5916,0.435,0.913,1.086,0.946,0.969,0.86,0.771,0.9349,4.61,128.9443
2023-11-06,3.4538,5.381,2.383,2.5751,0.445,0.912,1.087,0.984,0.982,0.878,0.773,0.9427,4.587,128.9082
2023-11-07,3.4435,5.3895,2.3908,2.5768,0.442,0.908,1.086,0.987,0.978,0.88,0.767,0.9339,4.569,128.9424
2023-11-08,3.4333,5.3857,2.4005,2.576,0.445,0.906,1.08,0.979,0.977,0.882,0.764,0.9261,4.551,128.955
2023-11-09,3.4361,5.3744,2.3849,2.5977,0.441,0.906,1.086,0.975,0.974,0.871,0.765,0.929,4.521,128.9619
2023-11-10,3.4109,5.3555,2.381,2.5908,0.44,0.899,1.077,0.975,0.976,0.869,0.754,0.9231,4.554,128.9667
2023-11-13,3.4062,5.3848,2.4053,2.5951,0.435,0.895,1.072,0.97,1.006,0.872,0.747,0.928,4.538,129.1209
2023-11-14,3.4062,5.4074,2.418,2.5864,0.435,0.896,1.074,0.983,1.013,0.881,0.75,0.9261,4.558,129.1102
2023-11-15,3.4295,5.4424,2.4277,2.5943,0.44,0.901,1.08,0.984,1.01,0.878,0.755,0.9437,4.577,129.1072
2023-11-16,3.3959,5.3876,2.4024,2.596,0.432,0.891,1.077,0.975,1.0,0.865,0.746,0.931,4.559,129.1814
2023-11-17,3.3913,5.4055,2.4287,2.5873,0.435,0.888,1.072,0.979,1.0,0.868,0.743,0.9329,4.572,129.1931
2023-11-20,3.4015,5.4357,2.4452,2.5908,0.439,0.893,1.078,0.975,1.019,0.865,0.745,0.9349,4.522,129.1248
2023-11-21,3.4062,5.4197,2.4277,2.6047,0.439,0.904,1.081,0.973,1.006,0.853,0.757,0.9368,4.516,129.0653
2023-11-22,3.3698,5.3508,2.4015,2.5977,0.433,0.898,1.077,0.964,0.993,0.841,0.75,0.9182,4.499,128.918
2023-11-23,3.3875,5.3989,2.4248,2.6152,0.435,0.898,1.077,0.967,1.0,0.848,0.751,0.9221,4.495,128.757
2023-11-24,3.3642,5.3555,2.3908,2.6221,0.434,0.899,1.077,0.957,0.983,0.834,0.747,0.9114,4.499,128.8507
2023-11-27,3.3418,5.3423,2.3917,2.6143,0.43,0.892,1.068,0.946,0.987,0.847,0.735,0.9055,4.546,128.8321
2023-11-28,3.3455,5.3668,2.4005,2.6091,0.436,0.889,1.062,0.945,0.989,0.847,0.734,0.9084,4.56,128.8204
2023-11-29,3.3203,5.3395,2.3937,2.5977,0.434,0.887,1.053,0.936,0.984,0.847,0.735,0.9094,4.591,128.7736
2023-11-30,3.3241,5.3215,2.3781,2.6056,0.436,0.892,1.057,0.938,0.978,0.844,0.739,0.9035,4.589,128.8653
2023-12-01,3.311,5.347,2.4005,2.616,0.434,0.879,1.054,0.945,0.981,0.847,0.728,0.9035,4.589,128.9619
2023-12-04,3.2886,5.3357,2.3898,2.6213,0.422,0.874,1.051,0.942,0.987,0.84,0.717,0.9124,4.643,128.8692
2023-12-05,3.227,5.2536,2.347,2.5899,0.416,0.857,1.034,0.93,0.964,0.815,0.701,0.8977,4.58,128.8556
2023-12-06,3.2317,5.2649,2.3567,2.5873,0.417,0.865,1.032,0.927,0.965,0.814,0.704,0.9143,4.578,128.838
2023-12-07,3.2233,5.2696,2.3548,2.5882,0.412,0.86,1.034,0.932,0.958,0.806,0.7,0.9094,4.584,128.9072
2023-12-08,3.2298,5.2809,2.3499,2.589,0.416,0.861,1.033,0.925,0.944,0.817,0.704,0.9026,4.591,128.9716
2023-12-11,3.2522,5.3395,2.3742,2.6117,0.419,0.856,1.037,0.94,0.963,0.832,0.695,0.8938,4.557,129.1521
2023-12-12,3.2597,5.3489,2.3801,2.6221,0.417,0.859,1.047,0.936,0.968,0.832,0.699,0.8928,4.539,129.1404
2023-12-13,3.2056,5.2932,2.3577,2.603,0.413,0.834,1.035,0.925,0.963,0.824,0.674,0.8761,4.529,129.3179
2023-12-14,3.1906,5.2753,2.3499,2.6099,0.412,0.823,1.031,0.921,0.959,0.821,0.662,0.8761,4.598,129.197
2023-12-15,3.1841,5.2337,2.3334,2.5951,0.407,0.826,1.03,0.921,0.951,0.814,0.665,0.881,4.59,129.3111
2023-12-18,3.171,5.1761,2.2965,2.5925,0.407,0.823,1.03,0.92,0.932,0.8,0.662,0.8683,4.576,129.4155
2023-12-19,3.1729,5.1676,2.2984,2.5855,0.403,0.821,1.028,0.918,0.929,0.808,0.665,0.8644,4.589,129.4028
2023-12-20,3.144,5.1091,2.2576,2.5838,0.401,0.811,1.026,0.893,0.908,0.8,0.655,0.8644,4.604,129.314
2023-12-21,3.1729,5.1223,2.2692,2.5664,0.405,0.822,1.033,0.893,0.916,0.805,0.668,0.8722,4.605,129.3618
2023-12-22,3.1785,5.1072,2.2498,2.5629,0.403,0.824,1.033,0.89,0.933,0.795,0.666,0.8898,4.627,129.5345
2023-12-25,3.1869,5.1006,2.2459,2.5611,0.404,0.83,1.034,0.885,0.946,0.79,0.672,0.8957,4.634,129.6399
2023-12-26,3.1682,5.0562,2.2167,2.5463,0.401,0.825,1.03,0.874,0.936,0.771,0.668,0.8938,4.647,129.7393
2023-12-27,3.1776,5.0714,2.2294,2.5568,0.403,0.83,1.035,0.882,0.935,0.782,0.667,0.8977,4.66,129.8652
2023-12-28,3.256,5.1686,2.2751,2.5411,0.41,0.855,1.044,0.902,0.949,0.799,0.695,0.9231,4.662,129.9813
2023-12-29,3.2653,5.2101,2.3081,2.5542,0.411,0.853,1.042,0.902,0.96,0.804,0.692,0.9251,4.648,130.0964
2024-01-02,3.2224,5.1894,2.2887,2.5882,0.407,0.839,1.042,0.891,0.966,0.79,0.673,0.9251,4.666,129.9881
2024-01-03,3.213,5.1827,2.278,2.623,0.405,0.834,1.046,0.892,0.956,0.776,0.669,0.927,4.663,129.954
2024-01-04,3.185,5.1412,2.2644,2.6439,0.401,0.819,1.048,0.884,0.945,0.764,0.656,0.9163,4.651,130.0545
2024-01-05,3.1692,5.0751,2.2284,2.6526,0.393,0.814,1.058,0.877,0.915,0.749,0.648,0.9114,4.664,130.1881
2024-01-08,3.1253,4.9562,2.171,2.6274,0.389,0.8,1.05,0.86,0.888,0.724,0.637,0.8996,4.65,130.1549
2024-01-09,3.1328,4.9675,2.171,2.6474,0.39,0.802,1.056,0.858,0.883,0.725,0.638,0.9104,4.649,130.1754
2024-01-10,3.1178,4.9552,2.1565,2.6343,0.386,0.805,1.049,0.854,0.874,0.717,0.643,0.9055,4.631,130.1588
2024-01-11,3.1356,5.0147,2.1992,2.6099,0.39,0.81,1.048,0.862,0.89,0.727,0.648,0.9212,4.631,130.191
2024-01-12,3.1253,4.9958,2.1808,2.623,0.384,0.806,1.058,0.853,0.888,0.713,0.643,0.9163,4.646,130.1491
2024-01-15,3.1253,4.9958,2.1808,2.623,0.384,0.802,1.058,0.853,0.888,0.713,0.643,0.9163,4.646,130.1491
2024-01-16,3.1421,4.9788,2.1681,2.6439,0.385,0.805,1.075,0.863,0.86,0.717,0.639,0.9065,4.677,130.0174
2024-01-17,3.0721,4.8533,2.1078,2.6117,0.376,0.784,1.066,0.847,0.832,0.696,0.619,0.8771,4.631,130.112
2024-01-18,3.115,4.858,2.102,2.5899,0.381,0.795,1.071,0.855,0.839,0.711,0.631,0.8771,4.616,130.0837
2024-01-19,3.1217,4.8202,2.0758,2.5707,0.381,0.795,1.072,0.846,0.825,0.707,0.633,0.8722,4.643,130.3032
2024-01-22,3.0559,4.5974,1.962,2.5106,0.374,0.777,1.065,0.828,0.788,0.677,0.617,0.8321,4.625,130.3637
2024-01-23,3.0769,4.6711,1.9873,2.527,0.375,0.778,1.067,0.845,0.799,0.684,0.619,0.8429,4.632,130.2876
2024-01-24,3.1255,4.7372,2.0184,2.5891,0.379,0.784,1.083,0.887,0.812,0.682,0.62,0.8536,4.626,130.2417
2024-01-25,3.1789,4.8769,2.0874,2.6548,0.382,0.795,1.098,0.89,0.848,0.698,0.633,0.8781,4.605,130.4076
2024-01-26,3.1731,4.8231,2.0612,2.6923,0.371,0.793,1.117,0.89,0.839,0.675,0.632,0.881,4.625,130.4983
2024-01-29,3.1446,4.7324,2.0048,2.706,0.36,0.798,1.127,0.875,0.823,0.655,0.636,0.8644,4.634,130.5432
2024-01-30,3.0912,4.6362,1.9494,2.6749,0.353,0.778,1.115,0.864,0.81,0.628,0.612,0.8487,4.647,130.8807
2024-01-31,3.0712,4.5153,1.8774,2.6786,0.341,0.771,1.115,0.855,0.777,0.611,0.604,0.8233,4.653,130.9129
2024-02-01,3.0673,4.4983,1.8609,2.6512,0.344,0.774,1.109,0.852,0.774,0.618,0.605,0.8243,4.668,130.7939
2024-02-02,3.0388,4.3775,1.7977,2.6585,0.334,0.774,1.11,0.833,0.747,0.592,0.602,0.8037,4.679,130.7822
2024-02-05,3.0578,4.2812,1.6888,2.664,0.34,0.779,1.126,0.815,0.724,0.578,0.598,0.7831,4.643,130.9363
2024-02-06,3.156,4.638,1.8035,2.7023,0.363,0.81,1.135,0.863,0.771,0.622,0.628,0.8243,4.633,130.7402
2024-02-07,3.1836,4.9326,1.8842,2.7425,0.372,0.828,1.126,0.873,0.809,0.637,0.64,0.8575,4.642,130.6797
2024-02-08,3.2046,4.9552,1.961,2.7434,0.368,0.825,1.12,0.881,0.832,0.664,0.641,0.8663,4.662,130.9129
2024-02-19,3.2303,4.9231,1.9639,2.8073,0.369,0.827,1.145,0.871,0.831,0.674,0.642,0.8722,4.644,130.8739
2024-02-20,3.2418,4.9231,1.9688,2.8475,0.371,0.821,1.15,0.882,0.83,0.669,0.634,0.8771,4.642,130.9148
2024-02-21,3.2875,4.9203,1.9785,2.8411,0.375,0.846,1.183,0.891,0.834,0.672,0.666,0.8859,4.642,130.9958
2024-02-22,3.3123,4.9628,2.0126,2.894,0.376,0.848,1.185,0.901,0.843,0.684,0.667,0.8938,4.639,131.0524
2024-02-23,3.3152,4.9854,2.0466,2.8776,0.375,0.849,1.19,0.902,0.851,0.688,0.671,0.9035,4.63,131.2143
2024-02-26,3.2818,4.976,2.0505,2.8146,0.374,0.84,1.159,0.895,0.855,0.693,0.661,0.8947,4.651,131.226
2024-02-27,3.3209,5.0959,2.1127,2.8301,0.378,0.842,1.162,0.909,0.882,0.726,0.665,0.9026,4.646,131.2631
2024-02-28,3.2866,4.9647,2.0106,2.8247,0.372,0.834,1.16,0.895,0.849,0.689,0.655,0.8928,4.645,131.2738
2024-02-29,3.339,5.127,2.0913,2.8411,0.379,0.848,1.162,0.913,0.883,0.736,0.671,0.9153,4.647,131.3236
2024-03-01,3.3647,5.161,2.1146,2.8365,0.378,0.846,1.163,0.92,0.897,0.745,0.672,0.9251,4.667,131.2446
2024-03-04,3.3619,5.1591,2.1185,2.8612,0.387,0.841,1.152,0.908,0.897,0.749,0.665,0.93,4.725,131.2494
2024-03-05,3.3895,5.1337,2.103,2.8803,0.386,0.854,1.176,0.901,0.903,0.745,0.673,0.929,4.789,131.2543
2024-03-06,3.3762,5.1289,2.101,2.8785,0.384,0.843,1.163,0.902,0.899,0.734,0.663,0.9339,4.824,131.4299
2024-03-07,3.3581,5.0629,2.0699,2.8959,0.369,0.84,1.167,0.89,0.878,0.719,0.659,0.9623,4.885,131.543
2024-03-08,3.3676,5.1299,2.0971,2.9114,0.37,0.834,1.165,0.892,0.892,0.738,0.655,0.9652,4.881,131.4913
2024-03-11,3.4134,5.2262,2.139,2.8822,0.38,0.852,1.164,0.906,0.904,0.746,0.672,0.977,4.899,131.4084
2024-03-12,3.4181,5.1969,2.1487,2.8174,0.389,0.875,1.155,0.912,0.907,0.75,0.704,0.9574,4.879,131.2845
2024-03-13,3.3981,5.1894,2.1555,2.8009,0.385,0.867,1.143,0.898,0.909,0.75,0.701,0.9642,4.87,131.2485
2024-03-14,3.3857,5.1676,2.1428,2.8091,0.387,0.864,1.142,0.891,0.893,0.738,0.699,0.977,4.877,131.1772
2024-03-15,3.3943,5.2384,2.1759,2.8037,0.384,0.867,1.148,0.896,0.901,0.741,0.704,1.0112,4.899,131.2582
2024-03-18,3.4238,5.3055,2.2119,2.7881,0.386,0.87,1.148,0.917,0.922,0.763,0.704,1.0132,4.86,131.3782
2024-03-19,3.4019,5.2498,2.1905,2.7863,0.381,0.88,1.137,0.9,0.918,0.753,0.712,1.0063,4.87,131.4816
2024-03-20,3.4048,5.263,2.2099,2.7918,0.379,0.878,1.148,0.902,0.92,0.755,0.709,1.0054,4.88,131.4582
2024-03-21,3.4029,5.2375,2.209,2.7954,0.376,0.885,1.154,0.906,0.92,0.754,0.712,1.0093,4.978,131.4816
2024-03-22,3.3733,5.1591,2.1837,2.8009,0.371,0.866,1.149,0.89,0.907,0.746,0.696,0.9838,4.946,131.5138
2024-03-25,3.3552,5.0827,2.1351,2.81,0.369,0.862,1.156,0.864,0.886,0.726,0.689,0.9897,4.956,131.4514
2024-03-26,3.3657,5.06,2.1253,2.7945,0.367,0.871,1.172,0.866,0.884,0.716,0.7,0.9877,4.966,131.4367
2024-03-27,3.3295,4.943,2.0563,2.7936,0.363,0.86,1.176,0.851,0.852,0.69,0.691,0.974,4.99,131.4894
2024-03-28,3.3457,5.0062,2.104,2.7863,0.365,0.86,1.163,0.853,0.886,0.704,0.692,0.9916,5.029,131.4738
2024-03-29,3.3609,5.0704,2.1263,2.8046,0.363,0.865,1.161,0.856,0.9,0.705,0.691,1.0249,5.126,131.6182
2024-04-01,3.4162,5.1771,2.171,2.8,0.369,0.882,1.174,0.869,0.909,0.714,0.71,1.0445,5.155,131.5743
2024-04-02,3.4048,5.1563,2.1594,2.8192,0.363,0.876,1.173,0.863,0.899,0.703,0.706,1.0553,5.159,131.6211
2024-04-03,3.3914,5.1535,2.1526,2.853,0.361,0.88,1.168,0.856,0.885,0.698,0.706,1.0905,5.231,131.7548
2024-04-08,3.3638,5.078,2.1078,2.8621,0.354,0.855,1.175,0.842,0.867,0.678,0.678,1.0876,5.354,131.9176
2024-04-09,3.3581,5.1204,2.1351,2.8484,0.361,0.855,1.168,0.845,0.871,0.685,0.679,1.0915,5.369,132.0396
2024-04-10,3.3333,5.061,2.0971,2.8584,0.355,0.843,1.169,0.829,0.855,0.665,0.668,1.0983,5.388,132.0533
2024-04-11,3.3304,5.0846,2.102,2.895,0.353,0.839,1.168,0.826,0.851,0.664,0.669,1.0954,5.348,132.0776
2024-04-12,3.3037,5.0572,2.0845,2.8886,0.348,0.825,1.16,0.811,0.847,0.669,0.658,1.1062,5.504,132.2484
2024-04-15,3.3733,5.1242,2.066,2.9488,0.352,0.848,1.184,0.824,0.868,0.676,0.678,1.1052,5.417,132.2298
2024-04-16,3.3428,4.9845,1.9776,2.9616,0.348,0.84,1.185,0.809,0.833,0.652,0.666,1.0572,5.452,132.1586
2024-04-17,3.3867,5.1176,2.067,2.9917,0.354,0.845,1.205,0.825,0.862,0.681,0.669,1.0797,5.461,132.1927
2024-04-18,3.3924,5.127,2.0641,2.9999,0.35,0.85,1.215,0.832,0.866,0.675,0.67,1.0944,5.445,132.2961
2024-04-19,3.3657,5.0921,2.0544,3.02,0.347,0.842,1.213,0.827,0.877,0.654,0.659,1.0876,5.471,132.382
2024-04-22,3.359,5.0496,2.0505,2.9406,0.349,0.859,1.204,0.829,0.89,0.657,0.673,1.0631,5.364,132.461
2024-04-23,3.3352,4.9911,2.0369,2.8968,0.353,0.865,1.203,0.827,0.875,0.655,0.683,1.0151,5.232,132.6464
2024-04-24,3.3485,5.0496,2.0748,2.8977,0.351,0.863,1.199,0.828,0.893,0.669,0.684,1.0249,5.287,132.2961
2024-04-25,3.3581,5.0421,2.0738,2.915,0.351,0.861,1.218,0.827,0.883,0.671,0.68,1.0347,5.288,132.3888
2024-04-26,3.4057,5.1554,2.1166,2.8886,0.359,0.873,1.199,0.878,0.892,0.689,0.695,1.0621,5.329,132.1703
2024-04-29,3.4467,5.2554,2.1681,2.8575,0.369,0.879,1.211,0.889,0.903,0.713,0.701,1.0563,5.294,131.624
2024-04-30,3.4296,5.2196,2.1458,2.8694,0.368,0.88,1.218,0.873,0.891,0.704,0.699,1.0465,5.286,131.9976
2024-05-06,3.4772,5.2998,2.1856,2.8849,0.377,0.898,1.217,0.878,0.899,0.711,0.724,1.0543,5.254,132.2054
2024-05-07,3.4791,5.2989,2.1944,2.8849,0.377,0.899,1.217,0.875,0.923,0.707,0.727,1.0621,5.268,132.3674
2024-05-08,3.4515,5.2318,2.1594,2.905,0.372,0.9,1.217,0.862,0.91,0.695,0.719,1.0543,5.261,132.3908
2024-05-09,3.4848,5.3272,2.1973,2.915,0.373,0.903,1.219,0.87,0.94,0.712,0.72,1.0797,5.25,132.2747
2024-05-10,3.4867,5.3083,2.1778,2.9324,0.371,0.9,1.234,0.876,0.932,0.697,0.716,1.0876,5.369,132.2513
2024-05-13,3.4839,5.2809,2.1574,2.936,0.371,0.893,1.241,0.878,0.922,0.687,0.701,1.0739,5.337,132.3917
2024-05-14,3.4782,5.2753,2.1671,2.9242,0.376,0.894,1.235,0.883,0.917,0.688,0.704,1.0807,5.329,132.4649
2024-05-15,3.4534,5.229,2.1477,2.9233,0.37,0.885,1.231,0.859,0.905,0.678,0.7,1.069,5.37,132.4639
2024-05-16,3.4648,5.2045,2.1428,2.9296,0.369,0.89,1.254,0.858,0.901,0.679,0.708,1.0631,5.417,132.4015
2024-05-17,3.5039,5.2793,2.1778,2.9488,0.369,0.903,1.269,0.871,0.918,0.689,0.719,1.0778,5.416,132.3049
2024-05-20,3.5115,5.2985,2.1856,2.9844,0.369,0.912,1.263,0.872,0.928,0.69,0.722,1.1179,5.55,132.463
2024-05-21,3.5001,5.2601,2.1633,2.999,0.365,0.91,1.272,0.866,0.914,0.685,0.718,1.0837,5.481,132.3947
2024-05-22,3.5077,5.2543,2.1662,2.999,0.364,0.903,1.278,0.869,0.91,0.688,0.711,1.0739,5.492,132.4512
2024-05-23,3.4724,5.1632,2.1195,2.9607,0.359,0.893,1.269,0.851,0.903,0.675,0.701,1.0396,5.366,132.543
2024-05-24,3.4334,5.1133,2.0942,2.9561,0.355,0.883,1.258,0.84,0.883,0.658,0.692,1.0396,5.319,132.5459
2024-05-27,3.462,5.1632,2.1185,3.0082,0.357,0.888,1.276,0.848,0.89,0.681,0.693,1.0543,5.338,132.5127
2024-05-28,3.44,5.1181,2.0942,2.9999,0.355,0.876,1.27,0.84,0.885,0.683,0.685,1.0523,5.334,132.5869
2024-05-29,3.441,5.1287,2.0933,3.0027,0.355,0.876,1.258,0.841,0.881,0.677,0.683,1.0788,5.37,132.6571
2024-05-30,3.4276,5.1181,2.0923,2.9817,0.353,0.866,1.249,0.84,0.896,0.694,0.672,1.0474,5.317,132.7088
2024-05-31,3.4143,5.1172,2.0981,2.9881,0.352,0.866,1.254,0.839,0.905,0.693,0.674,1.0426,5.343,132.6864
2024-06-03,3.4191,5.0778,2.0699,2.9598,0.35,0.867,1.239,0.828,0.901,0.705,0.671,1.022,5.296,132.8249
2024-06-04,3.4429,5.146,2.0835,2.9716,0.357,0.874,1.247,0.834,0.91,0.703,0.679,1.0337,5.346,132.8561
2024-06-05,3.4305,5.0903,2.0583,2.9369,0.357,0.866,1.232,0.831,0.916,0.706,0.671,1.0102,5.324,132.8941
2024-06-06,3.4305,5.0539,2.0155,2.9525,0.353,0.859,1.231,0.82,0.898,0.703,0.664,1.02,5.398,132.8688
2024-06-07,3.4086,5.0299,2.0233,2.9771,0.352,0.851,1.24,0.815,0.902,0.703,0.656,1.022,5.399,132.9166
2024-06-11,3.3848,5.0414,2.0417,2.926,0.353,0.837,1.22,0.816,0.911,0.732,0.643,0.9995,5.237,132.9166
2024-06-12,3.3809,5.0558,2.0476,2.9634,0.354,0.837,1.216,0.816,0.91,0.729,0.641,1.0083,5.267,132.899
2024-06-13,3.3686,5.0299,2.0349,2.9379,0.349,0.823,1.206,0.815,0.914,0.736,0.632,0.9916,5.269,132.9117
2024-06-14,3.3876,5.0539,2.0408,2.9424,0.347,0.831,1.219,0.833,0.903,0.733,0.635,0.9946,5.271,132.9322
2024-06-17,3.3781,5.0366,2.0378,2.9041,0.347,0.824,1.207,0.832,0.905,0.748,0.634,0.9819,5.279,132.9878
2024-06-18,3.3886,5.0625,2.0563,2.9105,0.343,0.814,1.212,0.838,0.91,0.748,0.626,0.9887,5.284,133.0239
2024-06-19,3.379,5.0107,2.0291,2.9105,0.341,0.808,1.226,0.827,0.898,0.749,0.623,0.9926,5.305,133.0502
2024-06-20,3.3571,4.9359,1.9921,2.916,0.336,0.8,1.218,0.82,0.88,0.75,0.617,0.9858,5.351,133.1624
2024-06-21,3.3514,4.9445,1.9892,2.9205,0.334,0.796,1.218,0.821,0.882,0.752,0.606,0.9809,5.376,133.0951
2024-06-24,3.3352,4.8409,1.9251,2.8822,0.331,0.795,1.219,0.813,0.86,0.73,0.607,0.9593,5.29,133.1761
2024-06-25,3.3152,4.7987,1.9095,2.894,0.329,0.791,1.226,0.799,0.847,0.702,0.607,0.9603,5.302,133.217
2024-06-26,3.3352,4.8649,1.9659,2.9013,0.334,0.794,1.227,0.81,0.865,0.719,0.61,0.9701,5.271,133.3146
2024-06-27,3.3171,4.7843,1.9183,2.9013,0.329,0.786,1.242,0.801,0.852,0.707,0.6,0.9476,5.242,133.4521
2024-06-28,3.3238,4.792,1.928,2.9223,0.326,0.78,1.247,0.783,0.879,0.71,0.59,0.9662,5.297,133.5458
2024-07-01,3.3371,4.8486,1.9455,2.9844,0.327,0.782,1.263,0.784,0.879,0.706,0.586,0.9887,5.299,133.3243
2024-07-02,3.3323,4.8045,1.9319,2.9862,0.323,0.785,1.28,0.782,0.872,0.693,0.595,0.977,5.306,133.4443
2024-07-03,3.3266,4.7632,1.9163,2.9662,0.322,0.781,1.269,0.782,0.857,0.703,0.59,0.977,5.34,133.6511
2024-07-04,3.3123,4.6951,1.8784,2.9534,0.317,0.772,1.272,0.767,0.847,0.69,0.58,0.9701,5.365,133.5799
2024-07-05,3.2961,4.7287,1.8969,2.9379,0.325,0.768,1.246,0.768,0.849,0.69,0.575,0.9956,5.381,133.4765
2024-07-08,3.2732,4.6501,1.8521,2.9278,0.317,0.756,1.253,0.748,0.834,0.689,0.559,0.9848,5.384,133.2161
2024-07-09,3.3085,4.7345,1.892,2.9516,0.319,0.756,1.265,0.763,0.847,0.718,0.566,1.0054,5.362,133.3799
2024-07-10,3.3009,4.7076,1.8832,2.8913,0.319,0.758,1.271,0.764,0.846,0.716,0.565,0.9907,5.397,133.4638
2024-07-11,3.3447,4.8026,1.9309,2.8867,0.329,0.775,1.263,0.776,0.867,0.724,0.582,1.0279,5.417,133.457
2024-07-12,3.3543,4.7815,1.9231,2.8831,0.329,0.775,1.289,0.775,0.863,0.729,0.587,1.0093,5.446,133.5624
2024-07-15,3.3609,4.7469,1.9027,2.9169,0.326,0.78,1.304,0.773,0.859,0.732,0.585,1.0161,5.442,133.6131
2024-07-16,3.3848,4.7632,1.9076,2.905,0.327,0.78,1.299,0.78,0.864,0.753,0.585,1.0249,5.505,133.6121
2024-07-17,3.3895,4.7297,1.8949,2.8931,0.335,0.795,1.31,0.786,0.858,0.744,0.599,0.9985,5.576,133.6433
2024-07-18,3.4095,4.7517,1.8998,2.8968,0.338,0.798,1.307,0.79,0.877,0.749,0.597,0.9975,5.573,133.6033
2024-07-19,3.4315,4.7441,1.9008,2.8758,0.341,0.807,1.303,0.799,0.89,0.768,0.609,0.9809,5.425,133.6931
2024-07-22,3.4038,4.7325,1.9037,2.8466,0.342,0.793,1.282,0.805,0.895,0.77,0.594,0.9691,5.421,133.977
2024-07-23,3.3371,4.5983,1.8512,2.8274,0.332,0.765,1.294,0.786,0.87,0.733,0.572,0.9241,5.394,134.1184
2024-07-24,3.3161,4.5436,1.8259,2.8292,0.328,0.756,1.295,0.777,0.873,0.722,0.564,0.9163,5.465,134.1204
2024-07-25,3.2971,4.5378,1.8278,2.8164,0.328,0.758,1.283,0.787,0.866,0.715,0.564,0.8938,5.327,134.1398
2024-07-26,3.3114,4.6098,1.857,2.8,0.328,0.758,1.265,0.801,0.895,0.719,0.563,0.9153,5.35,134.1974
2024-07-29,3.2923,4.581,1.8482,2.811,0.322,0.744,1.283,0.793,0.902,0.71,0.555,0.9133,5.387,134.175
2024-07-30,3.2704,4.5772,1.856,2.7973,0.32,0.744,1.277,0.797,0.907,0.719,0.553,0.9055,5.394,134.1945
2024-07-31,3.3438,4.7719,1.9377,2.8237,0.334,0.768,1.276,0.841,0.92,0.747,0.572,0.9407,5.436,134.2891
2024-08-01,3.3199,4.7287,1.9251,2.8265,0.332,0.752,1.278,0.835,0.922,0.751,0.559,0.9378,5.48,134.5096
2024-08-02,3.2856,4.6654,1.8988,2.8192,0.334,0.752,1.271,0.819,0.913,0.729,0.556,0.9221,5.505,134.7056
2024-08-05,3.2485,4.5752,1.8482,2.7817,0.334,0.76,1.26,0.812,0.884,0.694,0.564,0.8996,5.366,134.7554
2024-08-06,3.2485,4.6242,1.8735,2.7717,0.338,0.765,1.248,0.815,0.906,0.7,0.568,0.8996,5.327,134.5613
2024-08-07,3.2418,4.6261,1.8716,2.7827,0.336,0.759,1.25,0.81,0.912,0.693,0.571,0.9026,5.352,134.7476
2024-08-08,3.2456,4.6357,1.8735,2.7927,0.338,0.772,1.253,0.813,0.883,0.697,0.581,0.8938,5.349,134.6305
2024-08-09,3.2342,4.5963,1.8551,2.7827,0.331,0.766,1.259,0.806,0.873,0.697,0.578,0.8986,5.396,134.4501
2024-08-12,3.2303,4.5983,1.8482,2.8009,0.336,0.767,1.255,0.804,0.865,0.691,0.575,0.8986,5.437,133.8433
2024-08-13,3.2351,4.6079,1.8531,2.8018,0.332,0.762,1.261,0.815,0.875,0.697,0.568,0.9026,5.474,134.2384
2024-08-14,3.2122,4.5436,1.8346,2.7954,0.328,0.749,1.26,0.808,0.864,0.688,0.56,0.8898,5.456,134.3623
2024-08-15,3.2485,4.5791,1.8512,2.8219,0.329,0.755,1.278,0.817,0.867,0.692,0.563,0.8986,5.443,134.2296
2024-08-16,3.2504,4.5522,1.8366,2.8265,0.329,0.748,1.293,0.812,0.856,0.69,0.56,0.8996,5.453,134.2072
2024-08-19,3.2589,4.5599,1.8405,2.8539,0.326,0.742,1.315,0.811,0.853,0.689,0.557,0.9143,5.513,134.2647
2024-08-20,3.2437,4.4812,1.8084,2.8219,0.322,0.73,1.318,0.805,0.839,0.677,0.551,0.9035,5.513,134.2433
2024-08-21,3.2294,4.4726,1.7987,2.7918,0.32,0.723,1.31,0.8,0.834,0.673,0.546,0.9133,5.537,134.0999
2024-08-22,3.2208,4.4189,1.7763,2.7945,0.318,0.714,1.322,0.788,0.831,0.663,0.537,0.9006,5.523,134.3691
2024-08-23,3.2342,4.4199,1.7773,2.7927,0.317,0.715,1.329,0.795,0.832,0.659,0.537,0.8977,5.504,134.5652
2024-08-26,3.2351,4.4247,1.7841,2.7781,0.315,0.711,1.329,0.795,0.825,0.658,0.533,0.9094,5.538,134.5671
2024-08-27,3.2189,4.3805,1.7646,2.7845,0.315,0.703,1.334,0.788,0.811,0.647,0.531,0.8967,5.534,134.4793
2024-08-28,3.1998,4.3815,1.7666,2.7726,0.314,0.696,1.325,0.789,0.819,0.648,0.517,0.8889,5.528,134.5232
2024-08-29,3.1903,4.4429,1.7957,2.7215,0.317,0.705,1.282,0.794,0.833,0.656,0.529,0.8957,5.535,134.451
2024-08-30,3.2332,4.5196,1.8298,2.7297,0.323,0.722,1.256,0.814,0.843,0.68,0.547,0.9016,5.522,134.4101
2024-09-02,3.176,4.4285,1.7909,2.7434,0.316,0.701,1.255,0.793,0.812,0.654,0.526,0.881,5.491,134.7232
2024-09-03,3.1874,4.4755,1.8064,2.7188,0.32,0.709,1.234,0.799,0.824,0.659,0.533,0.884,5.501,134.9017
2024-09-04,3.1674,4.464,1.7996,2.7178,0.319,0.703,1.23,0.798,0.822,0.654,0.528,0.8634,5.463,134.9485
2024-09-05,3.1741,4.4841,1.8142,2.7197,0.322,0.708,1.228,0.806,0.826,0.653,0.53,0.8634,5.502,135.0325
2024-09-06,3.1474,4.4227,1.7841,2.6978,0.316,0.699,1.232,0.809,0.814,0.643,0.521,0.8585,5.517,135.0764
2024-09-09,3.1083,4.3911,1.7695,2.6475,0.316,0.691,1.209,0.808,0.811,0.639,0.513,0.8438,5.477,135.1476
2024-09-10,3.1083,4.3892,1.7753,2.6539,0.314,0.691,1.217,0.805,0.817,0.645,0.516,0.8399,5.513,135.2626
2024-09-11,3.1017,4.4007,1.7744,2.5955,0.315,0.69,1.19,0.804,0.816,0.643,0.512,0.8487,5.542,135.4646
2024-09-12,3.0912,4.3834,1.7685,2.6046,0.311,0.677,1.197,0.803,0.812,0.635,0.502,0.8477,5.531,135.2549
2024-09-13,3.0769,4.3374,1.7471,2.5973,0.31,0.667,1.193,0.805,0.805,0.627,0.49,0.8448,5.611,135.4441
2024-09-18,3.0864,4.3518,1.7394,2.6275,0.309,0.658,1.207,0.806,0.805,0.624,0.485,0.8517,5.609,135.4773
2024-09-19,3.1121,4.4122,1.7734,2.6229,0.312,0.673,1.208,0.816,0.806,0.629,0.498,0.8785,5.6,135.2978
2024-09-20,3.1207,4.3815,1.7637,2.6238,0.308,0.67,1.217,0.816,0.791,0.625,0.499,0.8894,5.663,135.3944
2024-09-23,3.1293,4.3805,1.7656,2.6521,0.307,0.669,1.236,0.816,0.795,0.619,0.5,0.8884,5.711,135.4236
2024-09-24,3.2666,4.5839,1.8395,2.7744,0.317,0.712,1.285,0.866,0.821,0.643,0.53,0.924,5.697,135.2753
2024-09-25,3.3114,4.6165,1.8521,2.8164,0.322,0.714,1.31,0.882,0.833,0.647,0.533,0.933,5.74,135.5924
2024-09-26,3.4696,4.8544,1.9387,2.9114,0.335,0.785,1.359,0.938,0.863,0.678,0.586,0.9696,5.751,135.488
2024-09-27,3.6879,5.2687,2.1117,2.9013,0.363,0.849,1.378,1.006,0.909,0.722,0.645,1.0132,5.708,134.9222
2024-09-30,4.0348,5.7502,2.3227,3.1031,0.399,0.934,1.414,1.107,1.0,0.794,0.71,1.1073,5.707,134.4676
2024-10-08,4.2054,5.991,2.4588,3.1077,0.439,0.926,1.46,1.218,1.1,0.873,0.727,1.132,5.714,134.4149
2024-10-09,3.8337,5.6236,2.2595,2.874,0.4,0.834,1.354,1.179,1.015,0.96,0.654,1.0191,5.64,134.6881
2024-10-10,3.8947,5.5526,2.2313,2.9853,0.4,0.859,1.412,1.113,1.021,0.925,0.652,1.036,5.676,135.0081
2024-10-11,3.7908,5.3292,2.1419,2.9452,0.379,0.836,1.396,1.116,0.968,0.874,0.631,1.0132,5.739,135.0783
2024-10-14,3.8509,5.4606,2.2196,3.0237,0.382,0.842,1.446,1.124,1.008,0.909,0.638,1.0439,5.799,135.0568
2024-10-15,3.747,5.3244,2.174,2.9497,0.37,0.814,1.412,1.087,1.0,0.892,0.615,1.0082,5.799,135.0919
2024-10-16,3.7231,5.3196,2.1817,2.9936,0.363,0.804,1.452,1.094,0.987,0.874,0.609,1.0171,5.884,135.1105
2024-10-17,3.6821,5.2774,2.173,2.9497,0.36,0.789,1.431,1.088,0.993,0.878,0.596,1.0013,5.905,135.2939
2024-10-18,3.828,5.5028,2.2721,2.9689,0.376,0.812,1.439,1.169,1.033,0.966,0.616,1.0261,5.945,135.1437
2024-10-21,3.828,5.5565,2.313,2.9506,0.377,0.818,1.419,1.137,1.085,1.007,0.616,1.0508,6.02,135.1261
2024-10-22,3.8509,5.6073,2.3256,2.9616,0.381,0.828,1.416,1.146,1.061,0.99,0.626,1.0577,6.018,134.9368
2024-10-23,3.8652,5.6294,2.3315,2.9625,0.382,0.836,1.422,1.14,1.087,0.976,0.635,1.0597,6.056,134.8013
2024-10-24,3.8232,5.5805,2.3159,2.9452,0.376,0.823,1.417,1.138,1.06,0.978,0.622,1.0449,5.995,134.8539
2024-10-25,3.8509,5.6658,2.3694,2.9433,0.382,0.83,1.411,1.147,1.071,0.984,0.627,1.0488,5.998,134.8422
2024-10-28,3.8566,5.731,2.4015,2.9625,0.385,0.85,1.398,1.149,1.088,0.981,0.644,1.0587,6.017,134.8686
2024-10-29,3.8251,5.6745,2.3655,2.9214,0.378,0.83,1.397,1.136,1.078,0.973,0.627,1.0419,6.068,135.0022
2024-10-30,3.7851,5.6917,2.3791,2.8895,0.373,0.825,1.381,1.133,1.08,0.963,0.618,1.03,6.14,135.0442
2024-10-31,3.7851,5.755,2.4141,2.8721,0.37,0.823,1.372,1.166,1.087,0.986,0.614,1.0261,6.103,135.0334
2024-11-01,3.7927,5.7032,2.3441,2.8986,0.371,0.83,1.391,1.153,1.056,0.943,0.623,1.0647,6.051,135.2354
2024-11-04,3.8432,5.7867,2.3976,2.9114,0.375,0.841,1.398,1.198,1.079,0.959,0.631,1.0657,6.006,135.2929
2024-11-05,3.9433,5.9622,2.4783,2.9379,0.383,0.857,1.409,1.265,1.151,1.007,0.647,1.0993,6.006,135.2812
2024-11-06,3.9185,5.9689,2.486,2.9123,0.382,0.854,1.399,1.257,1.161,1.018,0.643,1.1092,5.994,135.3309
2024-11-07,4.0491,6.084,2.5327,2.9753,0.397,0.907,1.429,1.364,1.153,1.049,0.706,1.1073,5.86,135.448
2024-11-08,3.9977,6.0677,2.5347,2.9452,0.394,0.886,1.409,1.32,1.185,1.056,0.678,1.0934,5.898,135.4997
2024-11-11,4.0177,6.1694,2.594,2.915,0.397,0.879,1.387,1.321,1.217,1.121,0.674,1.0964,5.905,135.5368
2024-11-12,3.9738,6.1118,2.5677,2.8968,0.402,0.873,1.375,1.289,1.168,1.094,0.668,1.0805,5.807,135.7231
2024-11-13,3.9986,6.0936,2.5531,2.915,0.399,0.872,1.382,1.286,1.17,1.095,0.669,1.0894,5.796,135.7221
2024-11-14,3.9309,5.9286,2.4783,2.8913,0.387,0.858,1.386,1.265,1.123,1.051,0.659,1.0538,5.68,135.729
2024-11-15,3.8652,5.7752,2.4199,2.894,0.38,0.848,1.384,1.215,1.084,1.008,0.652,1.036,5.683,135.8246
2024-11-18,3.849,5.6888,2.3626,2.9379,0.375,0.839,1.41,1.199,1.062,0.983,0.642,1.0171,5.758,135.7514
2024-11-19,3.868,5.778,2.4219,2.9296,0.379,0.84,1.405,1.225,1.08,1.017,0.643,1.0518,5.858,135.7211
2024-11-20,3.8776,5.8366,2.4666,2.9351,0.387,0.842,1.399,1.225,1.094,1.017,0.645,1.0577,5.857,135.8138
2024-11-21,3.8823,5.8318,2.4724,2.9379,0.385,0.841,1.396,1.237,1.093,1.022,0.642,1.0597,5.933,135.8987
2024-11-22,3.7679,5.6016,2.3791,2.8685,0.371,0.813,1.365,1.178,1.054,0.979,0.62,1.032,6.01,135.9241
2024-11-25,3.747,5.5872,2.3898,2.874,0.368,0.812,1.368,1.167,1.04,0.968,0.622,1.028,5.916,136.0343
2024-11-26,3.7393,5.5488,2.3587,2.884,0.37,0.816,1.38,1.167,1.028,0.959,0.625,1.0132,5.844,136.0079
2024-11-27,3.8003,5.6553,2.417,2.9114,0.376,0.827,1.393,1.196,1.062,0.99,0.636,1.0241,5.899,135.9504
2024-11-28,3.7727,5.6188,2.4034,2.9086,0.373,0.817,1.392,1.184,1.055,0.988,0.628,1.0092,5.869,136.046
2024-11-29,3.8137,5.7013,2.4433,2.9223,0.377,0.828,1.394,1.216,1.066,1.005,0.637,1.0211,5.923,136.1211
2024-12-02,3.8423,5.7896,2.4929,2.9296,0.381,0.837,1.387,1.23,1.077,1.014,0.64,1.031,5.872,136.4186
2024-12-03,3.8461,5.78,2.486,2.9589,0.379,0.836,1.409,1.229,1.067,1.001,0.638,1.03,5.931,136.3923
2024-12-04,3.8261,5.7368,2.453,2.9817,0.374,0.829,1.408,1.214,1.057,1.003,0.631,1.031,5.929,136.5103
2024-12-05,3.8194,5.7531,2.4812,2.9753,0.373,0.825,1.408,1.228,1.068,1.002,0.63,1.0241,5.927,136.5396
2024-12-06,3.8671,5.8279,2.5084,3.0145,0.382,0.833,1.423,1.244,1.078,1.013,0.636,1.034,5.903,136.4977
2024-12-09,3.8642,5.7963,2.486,3.0219,0.383,0.828,1.429,1.232,1.064,0.996,0.634,1.033,5.936,136.5094
2024-12-10,3.8938,5.8461,2.5123,3.0182,0.381,0.84,1.443,1.244,1.079,1.006,0.646,1.0379,5.961,136.9347
2024-12-11,3.8842,5.8903,2.5444,3.0301,0.381,0.853,1.429,1.241,1.083,1.008,0.653,1.0508,6.011,136.9435
2024-12-12,3.9243,5.944,2.5638,3.0355,0.385,0.87,1.447,1.259,1.099,1.013,0.669,1.0568,6.052,137.12
2024-12-13,3.8318,5.85,2.5133,3.0018,0.374,0.846,1.416,1.219,1.071,0.999,0.647,1.027,6.001,137.6
2024-12-16,3.8089,5.7598,2.4812,3.0282,0.37,0.834,1.429,1.201,1.052,0.98,0.634,1.0112,5.947,137.7053
2024-12-17,3.8194,5.6984,2.4277,3.0237,0.369,0.836,1.428,1.203,1.04,0.97,0.636,1.0043,5.94,137.5102
2024-12-18,3.8356,5.7349,2.4472,3.0419,0.37,0.835,1.446,1.202,1.048,0.999,0.634,0.9993,5.932,137.5024
2024-12-19,3.8413,5.7521,2.454,3.0054,0.369,0.828,1.431,1.198,1.05,1.018,0.625,0.9953,5.885,137.5463
2024-12-20,3.8299,5.7637,2.4783,2.9799,0.368,0.826,1.428,1.203,1.06,1.052,0.626,0.9894,5.892,137.9726
2024-12-23,3.8337,5.6735,2.4083,2.9926,0.366,0.821,1.453,1.188,1.042,1.034,0.619,0.9864,5.951,137.8985
2024-12-24,3.8785,5.7378,2.4345,3.0228,0.37,0.829,1.471,1.209,1.045,1.05,0.624,0.9944,5.921,137.7931
2024-12-25,3.8814,5.6898,2.4102,3.0365,0.369,0.824,1.488,1.201,1.039,1.048,0.62,0.9845,5.936,137.5414
2024-12-26,3.8823,5.733,2.4335,3.0273,0.367,0.823,1.487,1.204,1.053,1.068,0.621,0.9884,5.94,137.5434
2024-12-27,3.8766,5.7464,2.4374,3.0264,0.366,0.826,1.483,1.213,1.07,1.056,0.622,0.9835,5.945,137.8273
2024-12-30,3.8947,5.7445,2.4306,3.0693,0.366,0.822,1.502,1.225,1.065,1.057,0.617,0.9864,5.923,137.5492
2024-12-31,3.8337,5.5737,2.3528,3.0593,0.361,0.817,1.485,1.17,1.042,1.009,0.616,0.9637,5.928,137.757
2025-01-02,3.726,5.4068,2.2897,2.9936,0.351,0.799,1.451,1.106,0.996,0.964,0.6,0.9538,5.977,137.9473
2025-01-03,3.6879,5.2975,2.2265,2.9653,0.348,0.791,1.442,1.076,0.966,0.942,0.592,0.9627,6.029,138.314
2025-01-06,3.6726,5.285,2.2138,2.9653,0.349,0.781,1.455,1.077,0.955,0.935,0.575,0.9716,5.99,138.316
2025-01-07,3.6984,5.3407,2.2459,2.9525,0.344,0.783,1.464,1.089,0.972,0.977,0.579,0.9904,6.0,138.0907
2025-01-08,3.6926,5.3186,2.2352,2.947,0.341,0.781,1.475,1.077,0.965,0.977,0.575,0.9746,6.03,138.1345
2025-01-09,3.685,5.3148,2.2401,2.9068,0.341,0.778,1.465,1.073,0.979,0.98,0.578,0.9815,6.065,137.837
2025-01-10,3.644,5.2361,2.1924,2.8767,0.336,0.768,1.456,1.054,0.967,0.975,0.567,0.9775,6.105,137.7502
2025-01-13,3.6297,5.2447,2.1973,2.852,0.338,0.77,1.436,1.057,0.964,0.971,0.572,1.0003,6.12,137.5844
2025-01-14,3.7231,5.4241,2.2984,2.8977,0.346,0.788,1.459,1.103,1.0,1.01,0.587,1.0152,6.068,137.6546
2025-01-15,3.7012,5.3809,2.2806,2.9059,0.343,0.78,1.471,1.09,0.984,1.009,0.584,1.0043,6.102,137.8068
2025-01-16,3.7031,5.3985,2.2905,2.9333,0.34,0.775,1.485,1.092,0.983,0.988,0.582,1.0221,6.122,137.7834
2025-01-17,3.7155,5.4414,2.3073,2.9178,0.341,0.783,1.477,1.094,0.992,1.011,0.586,1.027,6.139,137.72
2025-01-20,3.7336,5.4677,2.3201,2.9077,0.347,0.785,1.471,1.099,1.002,1.01,0.591,1.0171,6.127,137.7307
2025-01-21,3.7384,5.4872,2.3349,2.8924,0.346,0.781,1.471,1.103,0.996,1.024,0.584,1.0112,6.127,137.7599
2025-01-22,3.7041,5.4667,2.3162,2.8695,0.342,0.769,1.443,1.097,0.989,1.022,0.573,1.0112,6.181,137.8487
2025-01-23,3.7146,5.4443,2.3043,2.9163,0.343,0.77,1.479,1.101,0.982,1.008,0.576,1.0043,6.187,137.6887
2025-01-24,3.7451,5.5106,2.3507,2.9307,0.346,0.773,1.483,1.114,0.99,1.018,0.575,1.0142,6.218,137.5502
2025-01-27,3.7241,5.4453,2.3073,2.967,0.346,0.773,1.503,1.086,0.98,0.99,0.57,1.0102,6.202,138.0302
2025-02-05,3.705,5.4677,2.3231,2.9077,0.346,0.761,1.48,1.086,0.988,1.017,0.56,1.0221,6.439,137.9941
2025-02-06,3.7479,5.5964,2.3853,2.9058,0.349,0.765,1.48,1.104,1.019,1.06,0.563,1.035,6.402,138.1258
2025-02-07,3.8013,5.6851,2.4248,2.9182,0.354,0.772,1.475,1.128,1.028,1.062,0.571,1.0478,6.42,138.0448
2025-02-10,3.8051,5.7349,2.4525,2.9116,0.357,0.77,1.477,1.13,1.039,1.074,0.572,1.0498,6.518,137.8204
2025-02-11,3.7899,5.7124,2.4475,2.924,0.353,0.763,1.49,1.12,1.027,1.061,0.565,1.0498,6.584,137.7882
2025-02-12,3.8261,5.7875,2.4841,2.9259,0.354,0.77,1.5,1.139,1.037,1.097,0.573,1.0439,6.538,137.7902
2025-02-13,3.8165,5.7592,2.4604,2.9288,0.353,0.787,1.502,1.131,1.028,1.063,0.591,1.0369,6.57,137.7678
2025-02-14,3.8451,5.8041,2.4693,2.9316,0.362,0.787,1.509,1.133,1.025,1.062,0.588,1.0449,6.605,137.4741
2025-02-17,3.8518,5.7953,2.4801,2.9192,0.364,0.788,1.506,1.139,1.025,1.076,0.591,1.0201,6.494,137.3824
2025-02-18,3.8242,5.6978,2.4308,2.9173,0.357,0.78,1.522,1.108,0.999,1.054,0.584,1.0112,6.555,137.1922
2025-02-19,3.8442,5.7885,2.4851,2.9001,0.358,0.787,1.514,1.122,1.016,1.101,0.589,1.0201,6.598,137.3678
2025-02-20,3.8328,5.8031,2.5019,2.8877,0.365,0.784,1.515,1.119,1.035,1.096,0.587,1.0251,6.619,137.1395
2025-02-21,3.8842,5.9026,2.5493,2.8666,0.373,0.786,1.494,1.141,1.043,1.152,0.589,1.0211,6.568,137.0098
2025-02-24,3.8718,5.885,2.5532,2.8628,0.368,0.792,1.481,1.135,1.046,1.156,0.596,1.0201,6.581,136.6333
2025-02-25,3.8328,5.8236,2.5424,2.8428,0.362,0.778,1.47,1.117,1.038,1.151,0.584,1.0072,6.582,136.8176
2025-02-26,3.8642,5.8938,2.5819,2.8676,0.367,0.784,1.478,1.149,1.048,1.171,0.591,1.0132,6.519,136.8293
2025-02-27,3.8766,5.8782,2.568,2.8934,0.367,0.798,1.497,1.144,1.037,1.164,0.605,1.0082,6.492,136.7727
2025-02-28,3.807,5.7202,2.4801,2.8762,0.357,0.797,1.489,1.109,1.006,1.107,0.602,0.9904,6.444,136.8186
2025-03-03,3.7946,5.73,2.4772,2.8638,0.358,0.795,1.486,1.105,1.011,1.093,0.598,1.0171,6.451,137.1561
2025-03-04,3.7908,5.7807,2.5098,2.8628,0.359,0.791,1.485,1.112,1.04,1.123,0.593,1.0201,6.499,137.1503
2025-03-05,3.807,5.7953,2.5266,2.8705,0.356,0.789,1.509,1.112,1.044,1.128,0.592,1.03,6.547,137.1035
2025-03-06,3.8594,5.8879,2.5819,2.8647,0.362,0.799,1.502,1.14,1.058,1.158,0.602,1.0439,6.535,136.9776
2025-03-07,3.8499,5.8626,2.571,2.8638,0.358,0.805,1.502,1.12,1.072,1.142,0.612,1.0577,6.526,136.7045
2025-03-10,3.8347,5.8558,2.574,2.8676,0.359,0.804,1.49,1.111,1.079,1.141,0.613,1.0696,6.544,136.4781
2025-03-11,3.8461,5.885,2.5918,2.8877,0.36,0.82,1.498,1.114,1.099,1.132,0.629,1.0756,6.505,136.1621
2025-03-12,3.8366,5.8889,2.5957,2.8838,0.357,0.813,1.497,1.121,1.095,1.128,0.624,1.0756,6.526,136.642
2025-03-13,3.8175,5.8392,2.5562,2.9106,0.356,0.812,1.502,1.114,1.093,1.095,0.623,1.0825,6.575,136.6596
2025-03-14,3.9138,5.9455,2.5987,2.9316,0.366,0.845,1.522,1.152,1.095,1.117,0.652,1.0954,6.673,136.6352
2025-03-17,3.9023,5.9474,2.6016,2.9402,0.365,0.846,1.527,1.139,1.091,1.111,0.652,1.0855,6.677,136.3552
2025-03-18,3.9109,5.9728,2.6125,2.9288,0.37,0.839,1.524,1.14,1.088,1.119,0.646,1.1003,6.727,136.4538
2025-03-19,3.9166,5.9494,2.5947,2.9297,0.37,0.834,1.547,1.139,1.076,1.105,0.641,1.0993,6.8,136.3679
2025-03-20,3.8852,5.9084,2.5838,2.9249,0.366,0.824,1.537,1.13,1.082,1.094,0.631,1.0964,6.807,136.5367
2025-03-21,3.8223,5.8187,2.5305,2.9192,0.36,0.815,1.518,1.111,1.077,1.064,0.622,1.0706,6.774,136.485
2025-03-24,3.8385,5.8119,2.5108,2.9412,0.359,0.818,1.532,1.11,1.059,1.072,0.624,1.0914,6.78,136.4186
2025-03-25,3.8404,5.7924,2.494,2.9622,0.36,0.817,1.54,1.107,1.054,1.052,0.623,1.0934,6.774,136.5874
2025-03-26,3.8251,5.7924,2.5019,2.9632,0.359,0.821,1.517,1.106,1.052,1.052,0.623,1.0865,6.795,136.7425
2025-03-27,3.8385,5.807,2.5019,2.9612,0.366,0.827,1.523,1.107,1.049,1.064,0.629,1.0756,6.812,136.7923
2025-03-28,3.8204,5.7612,2.4762,2.945,0.366,0.821,1.519,1.107,1.04,1.048,0.623,1.0756,6.938,136.763
2025-03-31,3.7975,5.7076,2.4614,2.9364,0.362,0.812,1.524,1.085,1.021,1.049,0.615,1.0667,7.012,136.7532
2025-04-01,3.7956,5.7388,2.4722,2.9593,0.374,0.818,1.515,1.083,1.035,1.05,0.616,1.0696,7.056,136.7464
2025-04-02,3.7927,5.7456,2.4801,2.9737,0.369,0.815,1.528,1.088,1.023,1.047,0.616,1.0587,7.029,136.8459
2025-04-03,3.7737,5.6959,2.4515,2.9784,0.366,0.826,1.533,1.088,1.02,1.041,0.624,1.0429,7.094,137.3454
2025-04-07,3.522,5.1479,2.2065,2.8074,0.342,0.8,1.485,0.979,0.927,0.944,0.594,0.9389,6.877,137.758
2025-04-08,3.5554,5.1801,2.1917,2.8695,0.344,0.83,1.485,0.993,0.946,0.946,0.614,0.9518,6.925,137.6468
2025-04-09,3.5897,5.2922,2.2302,2.8733,0.343,0.842,1.472,1.014,0.999,0.993,0.622,0.9637,7.012,137.7258
2025-04-10,3.6497,5.3965,2.2846,2.903,0.348,0.843,1.484,1.027,1.01,1.005,0.625,1.0003,7.164,137.8565
2025-04-11,3.6602,5.4336,2.3142,2.8886,0.349,0.834,1.488,1.031,1.021,1.055,0.618,1.0082,7.273,137.9024
2025-04-14,3.6679,5.4765,2.3448,2.9154,0.35,0.83,1.496,1.031,1.023,1.055,0.612,1.033,7.327,137.7834
2025-04-15,3.6707,5.4541,2.3359,2.9297,0.347,0.831,1.518,1.026,1.005,1.042,0.612,1.0251,7.325,137.7863
2025-04-16,3.6793,5.4063,2.3063,2.945,0.348,0.834,1.532,1.024,1.0,1.049,0.614,1.0241,7.503,137.9014
2025-04-17,3.6821,5.4092,2.3073,2.9383,0.348,0.838,1.533,1.024,1.001,1.055,0.62,1.0191,7.565,137.8156
2025-04-18,3.6917,5.4112,2.3033,2.9402,0.347,0.832,1.548,1.031,0.995,1.044,0.614,1.0161,7.583,137.758
2025-04-21,3.6936,5.4911,2.3507,2.9307,0.348,0.827,1.528,1.037,1.012,1.055,0.608,1.0548,7.724,137.6429
2025-04-22,3.6964,5.4765,2.3507,2.9402,0.352,0.829,1.541,1.035,1.006,1.053,0.607,1.0498,7.982,137.6926
2025-04-23,3.7003,5.4872,2.3646,2.9249,0.351,0.823,1.533,1.036,1.005,1.053,0.605,1.035,7.5,137.5668
2025-04-24,3.7003,5.4648,2.3419,2.9374,0.352,0.822,1.55,1.032,0.995,1.039,0.602,1.028,7.582,137.4517
2025-04-25,3.7003,5.4804,2.3468,2.9345,0.351,0.82,1.545,1.041,0.998,1.036,0.603,1.03,7.53,137.5746
2025-04-28,3.6945,5.455,2.3221,2.9374,0.349,0.817,1.558,1.033,0.991,1.037,0.601,1.0261,7.465,137.5376
2025-04-29,3.6879,5.458,2.334,2.9259,0.35,0.815,1.554,1.03,0.991,1.047,0.595,1.0241,7.517,137.718
2025-04-30,3.685,5.4853,2.3517,2.903,0.354,0.817,1.52,1.033,0.998,1.06,0.595,1.0221,7.471,137.8224
2025-05-06,3.7203,5.5896,2.412,2.8953,0.357,0.819,1.519,1.048,1.014,1.078,0.597,1.0468,7.612,137.7492
2025-05-07,3.7432,5.5993,2.414,2.9135,0.357,0.82,1.542,1.055,1.051,1.072,0.599,1.0498,7.671,137.7122
2025-05-08,3.7651,5.6227,2.4357,2.9173,0.357,0.822,1.558,1.059,1.072,1.068,0.602,1.0419,7.557,137.9853
2025-05-09,3.7603,5.5769,2.407,2.9335,0.358,0.823,1.577,1.046,1.047,1.043,0.603,1.0389,7.531,137.9463
2025-05-12,3.8032,5.6471,2.4406,2.946,0.357,0.823,1.582,1.07,1.096,1.05,0.605,1.0478,7.376,137.8829
2025-05-13,3.807,5.6335,2.4317,2.967,0.36,0.823,1.605,1.062,1.063,1.043,0.604,1.0518,7.332,137.7912
2025-05-14,3.8556,5.653,2.4377,2.9937,0.363,0.833,1.619,1.099,1.057,1.047,0.613,1.0597,7.277,137.678
2025-05-15,3.8232,5.5779,2.3982,2.9851,0.363,0.831,1.615,1.079,1.037,1.025,0.606,1.0468,7.062,137.5824
2025-05-16,3.8023,5.5681,2.4021,2.9679,0.363,0.823,1.601,1.067,1.038,1.023,0.599,1.0449,7.177,137.4907
2025-05-19,3.7965,5.5818,2.413,2.9784,0.363,0.818,1.596,1.068,1.047,1.028,0.592,1.0409,7.222,137.558
2025-05-20,3.8156,5.6052,2.4327,2.9823,0.368,0.824,1.601,1.068,1.045,1.032,0.593,1.0449,7.209,137.6039
2025-05-21,3.8308,5.612,2.4268,3.01,0.371,0.826,1.612,1.065,1.046,1.022,0.594,1.0676,7.439,137.5892
2025-05-22,3.8289,5.5681,2.4031,3.0109,0.369,0.822,1.626,1.057,1.04,1.017,0.591,1.0577,7.45,137.5883
2025-05-23,3.8013,5.5204,2.3725,2.9842,0.37,0.818,1.61,1.043,1.029,1.004,0.587,1.0587,7.454,137.6917
2025-05-26,3.7813,5.5291,2.3863,2.9689,0.365,0.816,1.598,1.042,1.039,1.013,0.582,1.0587,7.425,137.6887
2025-05-27,3.7613,5.5155,2.3794,2.9574,0.367,0.816,1.607,1.042,1.035,0.997,0.584,1.0379,7.366,137.638
2025-05-28,3.7575,5.5057,2.3735,2.9622,0.367,0.82,1.605,1.036,1.026,0.99,0.587,1.0369,7.375,137.6449
2025-05-29,3.7803,5.5837,2.4159,2.9698,0.372,0.82,1.604,1.049,1.047,1.011,0.588,1.0419,7.3,137.4907
2025-05-30,3.7737,5.5516,2.3932,2.9832,0.373,0.82,1.615,1.043,1.048,0.996,0.581,1.034,7.369,137.6205
2025-06-03,3.7717,5.5603,2.4061,2.9947,0.375,0.823,1.643,1.052,1.048,1.004,0.576,1.0468,7.478,137.6136
2025-06-04,3.788,5.6052,2.4278,3.0023,0.379,0.824,1.645,1.065,1.047,1.008,0.577,1.0597,7.474,137.7014
2025-06-05,3.7975,5.6393,2.4475,2.9851,0.376,0.82,1.633,1.075,1.052,1.027,0.578,1.0558,7.483,137.7668
2025-06-06,3.7994,5.6403,2.4426,2.9851,0.373,0.819,1.638,1.068,1.047,1.027,0.577,1.0686,7.481,137.879
2025-06-09,3.808,5.6793,2.4673,2.989,0.378,0.823,1.643,1.084,1.062,1.029,0.574,1.0716,7.4,137.9268
2025-06-10,3.786,5.6325,2.4456,2.9937,0.379,0.816,1.651,1.07,1.045,1.007,0.569,1.0726,7.405,137.9424
2025-06-11,3.8165,5.6686,2.4564,3.0023,0.378,0.823,1.657,1.089,1.049,1.006,0.57,1.0944,7.428,137.9355
2025-06-12,3.8185,5.6793,2.4604,3.0004,0.383,0.814,1.663,1.087,1.041,0.997,0.56,1.1063,7.497,137.9063
2025-06-13,3.7937,5.6315,2.4288,2.9861,0.377,0.798,1.65,1.076,1.056,0.993,0.545,1.1053,7.588,137.9346
2025-06-16,3.8032,5.652,2.4426,2.9918,0.374,0.795,1.67,1.092,1.056,0.996,0.546,1.1013,7.563,137.9648
2025-06-17,3.8023,5.6403,2.4396,2.9947,0.367,0.793,1.666,1.095,1.055,0.991,0.547,1.1013,7.499,138.115
2025-06-18,3.8052,5.6315,2.4367,2.9985,0.365,0.795,1.683,1.082,1.062,0.999,0.55,1.0993,7.503,138.1306
2025-06-19,3.775,5.575,2.407,2.9851,0.361,0.788,1.681,1.061,1.045,0.999,0.546,1.0805,7.465,138.1365
2025-06-20,3.7798,5.5369,2.3873,3.0004,0.363,0.794,1.7,1.059,1.034,0.992,0.558,1.0766,7.436,138.1609
2025-06-23,3.7925,5.5691,2.4179,3.0128,0.363,0.788,1.721,1.072,1.051,1.003,0.551,1.0865,7.464,138.1326
2025-06-24,3.8364,5.6588,2.4633,3.0167,0.365,0.794,1.726,1.099,1.057,1.02,0.555,1.0924,7.372,138.0809
2025-06-25,3.8997,5.7651,2.4999,3.032,0.369,0.798,1.744,1.158,1.091,1.042,0.556,1.1003,7.392,138.0458
2025-06-26,3.8851,5.7407,2.489,3.0386,0.366,0.796,1.762,1.138,1.091,1.028,0.556,1.1053,7.405,138.0829
2025-06-27,3.8627,5.7622,2.4979,3.0138,0.365,0.792,1.713,1.138,1.099,1.033,0.552,1.1271,7.326,138.1755
2025-06-30,3.8812,5.8138,2.5305,3.0119,0.368,0.794,0.8555,1.136,1.147,1.049,0.555,1.1281,7.314,138.1131
2025-07-01,3.887,5.8324,2.5374,3.0339,0.37,0.794,0.8685,1.13,1.143,1.044,0.552,1.1439,7.397,138.1619
2025-07-02,3.8909,5.7982,2.5147,3.0568,0.368,0.795,0.873,1.124,1.12,1.023,0.554,1.1528,7.394,138.2399
2025-07-03,3.9134,5.8216,2.5256,3.0558,0.37,0.797,0.873,1.131,1.124,1.024,0.555,1.1548,7.445,138.2575
2025-07-04,3.9299,5.8138,2.5157,3.0788,0.371,0.798,1.777,1.131,1.116,1.022,0.555,1.138,7.407,138.2897
2025-07-07,3.9124,5.8021,2.5187,3.0912,0.367,0.794,0.894,1.132,1.118,1.019,0.554,1.1291,7.355,138.2692
2025-07-08,3.9455,5.8801,2.5542,3.0855,0.369,0.798,0.891,1.146,1.125,1.031,0.559,1.1409,7.398,138.1619
2025-07-09,3.9426,5.8548,2.5463,3.1008,0.374,0.803,0.895,1.141,1.116,1.019,0.562,1.1191,7.314,138.1599
2025-07-10,3.9621,5.887,2.5513,3.1256,0.375,0.804,0.906,1.155,1.113,1.016,0.565,1.135,7.371,138.0702
2025-07-11,3.9757,5.9377,2.5769,3.1055,0.381,0.808,0.888,1.181,1.128,1.031,0.57,1.1568,7.376,138.0331
2025-07-14,3.9748,5.9269,2.575,3.1266,0.38,0.809,0.895,1.17,1.123,1.025,0.57,1.1617,7.44,137.9629
2025-07-15,3.9748,5.925,2.5661,3.0893,0.381,0.801,0.886,1.164,1.119,1.022,0.562,1.1479,7.436,138.0994
2025-07-16,3.966,5.924,2.5769,3.0778,0.381,0.803,0.882,1.16,1.118,1.025,0.567,1.1449,7.402,138.1082
2025-07-17,3.9982,5.9923,2.6076,3.0692,0.387,0.808,0.879,1.166,1.145,1.032,0.568,1.1489,7.397,138.1004
2025-07-18,4.0274,6.0108,2.6135,3.0826,0.391,0.816,0.883,1.171,1.155,1.034,0.575,1.1776,7.403,138.0887
2025-07-21,4.0518,6.0703,2.6352,3.1027,0.39,0.82,0.88,1.187,1.168,1.035,0.575,1.2113,7.446,138.0038
2025-07-22,4.0947,6.1346,2.651,3.1533,0.392,0.836,0.867,1.189,1.168,1.037,0.591,1.24,7.474,137.9317
2025-07-23,4.0927,6.1132,2.6411,3.1504,0.393,0.834,0.872,1.199,1.153,1.044,0.587,1.235,7.548,137.879
2025-07-24,4.118,6.2038,2.6767,3.16,0.401,0.836,0.859,1.232,1.174,1.06,0.59,1.2756,7.424,137.6185
2025-07-25,4.0966,6.2058,2.6747,3.1466,0.401,0.828,0.858,1.227,1.174,1.082,0.58,1.2756,7.409,137.6488
2025-07-28,4.1073,6.2311,2.6826,3.1151,0.41,0.823,0.86,1.238,1.192,1.081,0.578,1.2697,7.388,137.7785
2025-07-29,4.1278,6.2701,2.7053,3.1065,0.421,0.818,0.849,1.243,1.205,1.097,0.577,1.2667,7.363,137.6087
2025-07-30,4.1249,6.2292,2.6806,3.117,0.424,0.824,0.854,1.225,1.188,1.087,0.581,1.2588,7.377,137.7444
2025-07-31,4.0498,6.1395,2.6619,3.0683,0.416,0.805,0.848,1.198,1.186,1.074,0.568,1.2172,7.35,137.8517
2025-08-01,4.0284,6.1297,2.6599,3.0654,0.409,0.806,0.853,1.191,1.167,1.065,0.567,1.2122,7.352,137.8595
2025-08-04,4.0469,6.1765,2.6925,3.0788,0.409,0.808,0.858,1.193,1.199,1.079,0.567,1.233,7.446,137.8322
2025-08-05,4.0771,6.2165,2.7083,3.1094,0.411,0.816,0.871,1.205,1.205,1.081,0.574,1.238,7.455,137.8751
2025-08-06,4.0878,6.2672,2.7369,3.1218,0.41,0.817,0.87,1.21,1.247,1.091,0.575,1.2519,7.468,137.8887
2025-08-07,4.0869,6.2477,2.7379,3.1332,0.407,0.816,0.874,1.209,1.238,1.097,0.576,1.2687,7.484,137.9863
2025-08-08,4.0771,6.237,2.729,3.1323,0.406,0.814,0.87,1.199,1.234,1.076,0.573,1.2845,7.508,138.0419
2025-08-11,4.0956,6.3023,2.7686,3.1151,0.407,0.822,0.863,1.215,1.241,1.084,0.584,1.2925,7.429,137.879
2025-08-12,4.121,6.3345,2.7784,3.1323,0.408,0.821,0.865,1.221,1.234,1.113,0.582,1.2865,7.399,137.8517
2025-08-13,4.1551,6.4174,2.8189,3.1132,0.418,0.822,0.857,1.242,1.25,1.124,0.582,1.3143,7.415,137.9473
2025-08-14,4.1483,6.3511,2.7883,3.0931,0.415,0.821,0.856,1.241,1.229,1.131,0.58,1.3073,7.424,137.8956
2025-08-15,4.1863,6.4915,2.8456,3.0874,0.417,0.822,0.844,1.3,1.243,1.154,0.581,1.3331,7.401,137.8829
2025-08-18,4.2175,6.5792,2.8871,3.0797,0.418,0.828,0.846,1.317,1.27,1.18,0.585,1.339,7.413,137.5922
2025-08-19,4.196,6.5646,2.8891,3.074,0.411,0.833,0.847,1.291,1.248,1.163,0.594,1.3311,7.391,137.6029
2025-08-20,4.2535,6.6533,2.9216,3.096,0.415,0.843,0.851,1.303,1.257,1.208,0.609,1.343,7.374,137.5424
2025-08-21,4.2672,6.6163,2.895,3.1113,0.42,0.848,0.855,1.293,1.249,1.201,0.603,1.338,7.394,137.6029
2025-08-22,4.3656,6.742,2.9454,3.1084,0.424,0.852,0.852,1.338,1.279,1.311,0.609,1.3549,7.378,137.5668
2025-08-25,4.4494,6.861,2.9839,3.1275,0.434,0.875,0.858,1.352,1.304,1.33,0.632,1.4321,7.427,137.6829
2025-08-26,4.426,6.8717,2.9839,3.116,0.429,0.882,0.853,1.335,1.295,1.315,0.63,1.4133,7.449,137.6887
2025-08-27,4.3617,6.7791,2.9315,3.0654,0.42,0.861,0.838,1.3,1.272,1.321,0.612,1.4034,7.45,137.7258
2025-08-28,4.4436,6.9263,2.972,3.0625,0.419,0.857,0.842,1.326,1.299,1.416,0.609,1.4291,7.468,137.6595
2025-08-29,4.4845,6.9624,2.9691,3.0472,0.431,0.877,0.836,1.328,1.311,1.38,0.625,1.4717,7.486,137.6907
2025-09-01,4.4992,7.0257,3.0007,3.03,0.446,0.875,0.826,1.314,1.307,1.403,0.622,1.5183,7.647,137.799
2025-09-02,4.4738,6.8785,2.9226,3.0444,0.448,0.871,0.842,1.296,1.274,1.355,0.62,1.4965,7.67,137.797
2025-09-03,4.4338,6.7664,2.8782,3.0128,0.447,0.857,0.83,1.25,1.202,1.332,0.611,1.4915,7.768,137.9385
2025-09-04,4.3432,6.6094,2.811,3.031,0.431,0.858,0.838,1.248,1.166,1.234,0.612,1.4301,7.75,138.0224
2025-09-05,4.4387,6.8356,2.893,3.0214,0.446,0.865,0.83,1.257,1.184,1.277,0.615,1.4925,7.775,137.8185
2025-09-08,4.4397,6.8961,2.9167,3.0272,0.456,0.881,0.826,1.248,1.193,1.277,0.624,1.4896,7.847,137.7912
2025-09-09,4.4134,6.8308,2.8831,3.0291,0.445,0.88,0.832,1.247,1.168,1.247,0.624,1.5005,7.966,137.7717
2025-09-10,4.4231,6.8278,2.8851,3.0281,0.443,0.878,0.833,1.245,1.178,1.264,0.624,1.4856,7.947,137.6975
2025-09-11,4.542,7.0433,2.9621,3.0329,0.44,0.89,0.837,1.284,1.203,1.341,0.628,1.5094,7.923,137.7961
2025-09-12,4.504,7.0608,2.9631,3.0186,0.441,0.88,0.824,1.266,1.2,1.366,0.621,1.547,7.954,137.84
2025-09-15,4.5118,7.0452,2.9602,3.0023,0.443,0.884,0.816,1.262,1.191,1.374,0.619,1.535,7.931,137.9268
2025-09-16,4.503,7.0998,2.9918,2.9956,0.441,0.878,0.808,1.263,1.185,1.387,0.619,1.515,8.032,138.0097
2025-09-17,4.5352,7.173,3.0184,3.009,0.445,0.872,0.805,1.269,1.19,1.408,0.614,1.518,7.964,138.1629
2025-09-18,4.4777,7.1096,2.9799,2.9584,0.443,0.858,0.79,1.232,1.184,1.426,0.603,1.464,7.862,138.0731
2025-09-19,4.4875,7.0794,2.9691,2.9746,0.439,0.86,0.792,1.221,1.195,1.409,0.606,1.483,7.898,137.9219
2025-09-22,4.5021,7.1349,2.9937,2.9498,0.44,0.849,0.784,1.234,1.201,1.462,0.596,1.497,8.048,138.0312
2025-09-23,4.505,7.095,2.9582,2.967,0.432,0.843,0.794,1.212,1.192,1.467,0.593,1.483,8.143,137.908
2025-09-24,4.545,7.2461,3.0096,2.9727,0.435,0.847,0.792,1.224,1.203,1.543,0.593,1.503,8.19,137.7917
2025-09-25,4.5762,7.2549,2.9987,2.9593,0.443,0.84,0.788,1.224,1.2,1.546,0.588,1.533,8.146,137.7404
2025-09-26,4.5333,7.1525,2.9582,2.9603,0.433,0.839,0.789,1.219,1.196,1.523,0.584,1.532,8.16,137.8429
2025-09-29,4.6083,7.2753,2.9947,2.9555,0.435,0.848,0.786,1.28,1.2,1.54,0.594,1.595,8.259,137.8084
2025-09-30,4.621,7.3309,3.0254,2.945,0.446,0.846,0.778,1.263,1.234,1.576,0.59,1.653,8.339,138.0124
2025-10-09,4.6941,7.4577,3.051,2.9651,0.448,0.844,0.777,1.267,1.248,1.621,0.584,1.797,8.729,138.1061
2025-10-10,4.5995,7.3173,3.0105,2.9966,0.437,0.846,0.78,1.27,1.233,1.524,0.583,1.732,8.602,138.0765
2025-10-13,4.5732,7.2822,3.0017,3.0004,0.426,0.838,0.787,1.254,1.249,1.557,0.577,1.799,8.859,138.1169
2025-10-14,4.5274,7.1067,2.9483,3.0616,0.416,0.848,0.806,1.248,1.233,1.47,0.593,1.728,8.976,138.1632
2025-10-15,4.5869,7.2081,2.9888,3.0644,0.422,0.852,0.81,1.265,1.23,1.492,0.597,1.744,9.187,138.1228
2025-10-16,4.6015,7.1525,2.9582,3.095,0.424,0.853,0.822,1.259,1.218,1.484,0.604,1.704,9.244,138.1287
2025-10-17,4.5069,6.9361,2.8732,3.0855,0.415,0.843,0.821,1.233,1.177,1.423,0.595,1.671,9.568,138.2273
2025-10-20,4.5225,6.9809,2.891,3.1113,0.414,0.837,0.819,1.235,1.18,1.433,0.591,1.648,9.268,138.1051
2025-10-21,4.5908,7.0979,2.9315,3.1036,0.419,0.839,0.822,1.246,1.196,1.473,0.592,1.674,9.49,138.1248
2025-10-22,4.5762,7.0433,2.9216,3.1084,0.416,0.833,0.829,1.234,1.182,1.467,0.589,1.652,9.101,138.1504
2025-10-23,4.5937,7.0677,2.9236,3.1323,0.416,0.834,0.834,1.245,1.178,1.455,0.593,1.671,8.994,138.111
2025-10-27,4.7038,7.2909,2.9928,3.1266,0.423,0.829,0.83,1.272,1.222,1.565,0.582,1.741,8.914,138.1484
2025-10-28,4.6804,7.2549,2.9878,3.1218,0.416,0.825,0.829,1.264,1.236,1.551,0.582,1.686,8.597,138.4234
2025-10-29,4.7389,7.404,3.0283,3.1046,0.42,0.826,0.813,1.292,1.243,1.555,0.579,1.764,8.692,138.5378
2025-10-30,4.7009,7.3095,2.9977,3.1036,0.409,0.824,0.812,1.267,1.219,1.52,0.579,1.784,8.704,138.6491
2025-10-31,4.6356,7.25,2.9997,3.096,0.413,0.831,0.813,1.254,1.204,1.465,0.588,1.744,8.794,138.6649
2025-11-03,4.6424,7.2529,3.0115,3.1371,0.409,0.833,0.823,1.249,1.212,1.452,0.588,1.719,8.797,138.6038
2025-11-04,4.6093,7.1301,2.971,3.1657,0.402,0.822,0.84,1.243,1.195,1.436,0.581,1.667,8.737,138.5969
2025-11-05,4.6151,7.1466,2.9858,3.1743,0.402,0.82,0.84,1.24,1.193,1.424,0.579,1.674,8.706,138.6018
2025-11-06,4.6834,7.2646,3.0194,3.1782,0.404,0.821,0.836,1.254,1.203,1.48,0.58,1.728,8.755,138.5368
2025-11-07,4.6736,7.2539,3.0175,3.1829,0.401,0.822,0.835,1.244,1.195,1.461,0.578,1.738,8.793,138.5654
2025-11-10,4.6853,7.2617,3.0214,3.2068,0.405,0.848,0.839,1.26,1.193,1.453,0.604,1.746,8.936,138.5614
2025-11-11,4.6424,7.209,3.0145,3.1982,0.404,0.848,0.843,1.245,1.181,1.429,0.603,1.722,9.062,138.5782
2025-11-12,4.6444,7.172,2.9967,3.2106,0.405,0.849,0.848,1.238,1.17,1.422,0.603,1.723,9.029,138.6353
2025-11-13,4.6902,7.2783,3.0382,3.2116,0.411,0.853,0.846,1.248,1.179,1.447,0.607,1.794,9.175,138.5801
2025-11-14,4.621,7.1544,2.9977,3.1992,0.408,0.842,0.849,1.232,1.174,1.4,0.598,1.76,9.096,138.5634
2025-11-17,4.5908,7.1525,3.0046,3.181,0.401,0.837,0.838,1.218,1.188,1.397,0.598,1.751,8.882,138.589
2025-11-18,4.5645,7.0803,2.9809,3.138,0.399,0.839,0.834,1.22,1.172,1.411,0.595,1.702,8.777,138.5969
2025-11-19,4.5781,7.0462,2.9552,3.1533,0.398,0.836,0.842,1.221,1.178,1.398,0.592,1.75,8.954,138.5555
2025-11-20,4.5576,6.9907,2.9365,3.1533,0.394,0.831,0.849,1.217,1.165,1.379,0.59,1.742,8.903,138.6274
2025-11-21,4.4485,6.7489,2.8268,3.1103,0.387,0.825,0.84,1.173,1.142,1.322,0.585,1.65,8.828,138.59
2025-11-24,4.4416,6.7957,2.8594,3.0836,0.392,0.825,0.835,1.175,1.188,1.333,0.581,1.638,8.857,138.6058
2025-11-25,4.4806,6.8776,2.897,3.0988,0.393,0.827,0.846,1.179,1.182,1.347,0.582,1.674,9.01,138.6087
2025-11-26,4.5089,6.8883,2.897,3.0826,0.394,0.825,0.839,1.176,1.16,1.369,0.582,1.674,9.011,138.4589
2025-11-27,4.505,6.8737,2.8999,3.0864,0.392,0.825,0.842,1.175,1.158,1.375,0.583,1.676,9.01,138.451
2025-11-28,4.5177,6.9565,2.9305,3.0864,0.393,0.829,0.836,1.18,1.172,1.391,0.583,1.704,9.067,138.5052
2025-12-01,4.5684,7.0218,2.9503,3.1008,0.393,0.827,0.842,1.183,1.184,1.416,0.583,1.756,9.161,138.5515
2025-12-02,4.5479,6.9624,2.9256,3.1046,0.388,0.821,0.841,1.172,1.181,1.396,0.577,1.731,9.112,138.5171
2025-12-03,4.5274,6.9253,2.8989,3.0969,0.386,0.814,0.834,1.161,1.169,1.384,0.57,1.742,9.096,138.5289
2025-12-04,4.5391,6.9468,2.9019,3.0845,0.387,0.807,0.831,1.164,1.176,1.411,0.561,1.748,9.064,138.3899
2025-12-05,4.5791,7.0355,2.9414,3.0826,0.389,0.809,0.827,1.194,1.204,1.406,0.563,1.793,9.136,138.4609
2025-12-08,4.6122,7.0959,2.9671,3.0673,0.391,0.802,0.827,1.217,1.216,1.441,0.557,1.806,9.11,138.4461
2025-12-09,4.5888,7.0433,2.9503,3.0425,0.391,0.793,0.826,1.201,1.215,1.436,0.549,1.746,9.046,138.522
2025-12-10,4.583,7.0813,2.9621,3.03,0.392,0.795,0.814,1.206,1.225,1.438,0.553,1.764,9.095,138.5427
2025-12-11,4.5498,7.0209,2.9315,3.0148,0.39,0.791,0.815,1.19,1.22,1.415,0.55,1.751,9.11,138.6353
2025-12-12,4.5752,7.1028,2.9513,3.0023,0.391,0.796,0.813,1.196,1.233,1.44,0.551,1.77,9.227,138.5969
2025-12-15,4.5489,7.055,2.9305,3.0272,0.384,0.801,0.815,1.202,1.245,1.407,0.554,1.762,9.351,138.5387
2025-12-16,4.503,6.9478,2.8802,3.0004,0.378,0.799,0.81,1.193,1.226,1.382,0.555,1.715,9.24,138.5131
2025-12-17,4.58,7.0774,2.9187,3.0033,0.383,0.805,0.812,1.218,1.226,1.412,0.553,1.775,9.31,138.6048
2025-12-18,4.5498,7.0404,2.9128,3.0339,0.383,0.801,0.827,1.206,1.239,1.401,0.552,1.772,9.318,138.6876
2025-12-19,4.5693,7.1037,2.9374,3.0329,0.388,0.811,0.824,1.211,1.255,1.398,0.554,1.807,9.313,138.7605
2025-12-22,4.6103,7.1837,2.9641,3.0186,0.387,0.809,0.819,1.211,1.262,1.436,0.553,1.847,9.511,138.6895
2025-12-23,4.62,7.1895,2.9612,3.0195,0.385,0.802,0.82,1.207,1.243,1.45,0.55,1.859,9.639,138.9231
2025-12-24,4.6366,7.2831,3.0076,3.0243,0.384,0.799,0.82,1.218,1.278,1.472,0.548,1.869,9.642,138.866
2025-12-25,4.6454,7.3455,3.0333,3.0329,0.388,0.804,0.819,1.221,1.317,1.471,0.554,1.847,9.566,138.8196
2025-12-26,4.6629,7.3904,3.0441,3.0453,0.387,0.8,0.816,1.229,1.332,1.465,0.55,1.92,9.65,138.9109
2025-12-29,4.6424,7.3592,3.0392,3.0434,0.383,0.798,0.824,1.222,1.35,1.466,0.543,1.878,9.563,138.7436
2025-12-30,4.6522,7.3914,3.0421,3.0463,0.381,0.798,0.824,1.216,1.34,1.486,0.541,1.909,9.363,138.7208
2025-12-31,4.6327,7.3982,3.0412,3.0415,0.378,0.793,0.823,1.211,1.373,1.464,0.536,1.927,9.301,138.7238
2026-01-05,4.7214,7.5971,3.1113,3.0386,0.392,0.802,0.82,1.235,1.407,1.53,0.546,1.981,9.495,138.5941
2026-01-06,4.7945,7.7619,3.1557,3.075,0.396,0.809,0.825,1.286,1.453,1.563,0.55,2.06,9.577,138.4901
2026-01-07,4.7769,7.7989,3.1636,3.0883,0.397,0.804,0.819,1.267,1.44,1.603,0.547,2.068,9.518,138.4139
2026-01-08,4.7399,7.8233,3.1913,3.0778,0.399,0.798,0.811,1.233,1.505,1.607,0.546,2.032,9.511,138.5337
2026-01-09,4.7613,8.0105,3.2644,3.0902,0.403,0.801,0.808,1.237,1.567,1.618,0.547,2.094,9.592,138.5228
2026-01-12,4.7886,8.2055,3.3641,3.0874,0.404,0.806,0.812,1.254,1.682,1.646,0.553,2.118,9.777,138.5911
2026-01-13,4.7721,8.0982,3.296,3.0855,0.41,0.798,0.815,1.246,1.552,1.593,0.548,2.141,9.793,138.6307
2026-01-14,4.7428,8.1558,3.3039,3.0568,0.407,0.794,0.804,1.237,1.563,1.617,0.545,2.148,9.922,138.7208
2026-01-15,4.7516,8.1304,3.3039,3.0463,0.404,0.79,0.795,1.218,1.503,1.649,0.54,2.206,9.867,138.7753
2026-01-16,4.736,8.1481,3.295,3.0224,0.399,0.779,0.787,1.208,1.495,1.702,0.537,2.175,9.857,138.8644
2026-01-19,4.738,8.2002,3.304,3.0377,0.396,0.782,0.784,1.203,1.526,1.694,0.535,2.177,10.006,138.8555
2026-01-20,4.724,8.1766,3.277,3.074,0.393,0.784,0.79,1.207,1.477,1.682,0.54,2.184,10.082,138.9436
2026-01-21,4.73,8.2827,3.305,3.057,0.39,0.775,0.778,1.201,1.479,1.746,0.531,2.253,10.377,138.9406
2026-01-22,4.727,8.319,3.33,3.077,0.388,0.772,0.775,1.203,1.526,1.735,0.529,2.236,10.341,138.9278
2026-01-23,4.704,8.5646,3.402,3.069,0.388,0.771,0.767,1.2,1.574,1.738,0.527,2.293,10.617,138.9743
2026-01-26,4.712,8.4123,3.344,3.106,0.387,0.771,0.771,1.211,1.503,1.698,0.524,2.414,10.924,138.9476
2026-01-27,4.71,8.4664,3.357,3.081,0.381,0.758,0.77,1.197,1.525,1.744,0.516,2.391,10.934,138.9604
2026-01-28,4.725,8.5371,3.366,3.132,0.378,0.756,0.765,1.197,1.503,1.764,0.516,2.549,11.28,138.9822
2026-01-29,4.768,8.4388,3.34,3.166,0.386,0.8,0.778,1.212,1.473,1.694,0.568,2.595,11.904,139.0674
2026-01-30,4.711,8.2905,3.311,3.144,0.38,0.778,0.775,1.194,1.446,1.711,0.541,2.339,11.009,139.0535
2026-02-02,4.6,7.9064,3.175,3.046,0.372,0.777,0.776,1.178,1.42,1.618,0.549,2.105,9.908,139.0565
2026-02-03,4.664,8.2178,3.284,3.051,0.377,0.783,0.768,1.174,1.483,1.642,0.551,2.249,10.422,139.105
2026-02-04,4.707,8.2394,3.289,3.15,0.38,0.8,0.779,1.191,1.485,1.608,0.562,2.253,10.867,139.0902
2026-02-05,4.679,8.0715,3.232,3.136,0.384,0.808,0.792,1.193,1.466,1.591,0.565,2.144,10.523,139.1733
2026-02-06,4.649,8.0675,3.221,3.126,0.383,0.798,0.79,1.186,1.44,1.577,0.554,2.153,10.357,139.209
2026-02-09,4.727,8.2463,3.302,3.144,0.383,0.799,0.792,1.197,1.466,1.628,0.554,2.199,10.719,139.2941
2026-02-10,4.733,8.2286,3.301,3.156,0.388,0.789,0.794,1.196,1.469,1.636,0.545,2.195,10.669,139.2912
2026-02-11,4.723,8.262,3.303,3.183,0.388,0.789,0.796,1.194,1.458,1.617,0.545,2.256,10.758,139.3545
2026-02-12,4.727,8.3632,3.336,3.18,0.387,0.78,0.784,1.185,1.478,1.652,0.535,2.271,10.72,139.412
2026-02-13,4.671,8.2247,3.285,3.137,0.382,0.777,0.779,1.174,1.483,1.655,0.535,2.193,10.575,139.4655
2026-02-24,4.716,8.319,3.322,3.19,0.381,0.771,0.777,1.172,1.501,1.661,0.529,2.26,10.95,139.4813
2026-02-25,4.75,8.4497,3.371,3.194,0.382,0.775,0.774,1.179,1.526,1.675,0.532,2.347,10.959,139.3664
2026-02-26,4.735,8.4772,3.396,3.195,0.38,0.771,0.772,1.166,1.552,1.699,0.525,2.329,10.913,139.2328
2026-02-27,4.725,8.5823,3.431,3.232,0.379,0.775,0.773,1.169,1.55,1.685,0.526,2.41,10.933,139.3199
2026-03-02,4.739,8.5783,3.393,3.303,0.371,0.768,0.777,1.154,1.588,1.655,0.516,2.498,11.417,139.4397
2026-03-03,4.678,8.2267,3.268,3.367,0.366,0.765,0.784,1.144,1.479,1.559,0.515,2.362,11.259,139.4288
2026-03-04,4.61,8.1697,3.238,3.304,0.361,0.759,0.775,1.115,1.497,1.559,0.502,2.345,10.98,139.5486
2026-03-05,4.654,8.2227,3.266,3.291,0.363,0.756,0.783,1.117,1.508,1.586,0.503,2.326,10.964,139.4902
2026-03-06,4.667,8.2719,3.3,3.285,0.372,0.773,0.784,1.131,1.523,1.586,0.51,2.279,10.873,139.5258
2026-03-09,4.629,8.208,3.287,3.309,0.367,0.771,0.778,1.112,1.493,1.554,0.505,2.257,10.868,139.3585
2026-03-10,4.683,8.3308,3.344,3.27,0.374,0.772,0.779,1.12,1.511,1.595,0.508,2.279,10.956,139.3664
2026-03-11,4.711,8.318,3.346,3.313,0.373,0.776,0.786,1.123,1.489,1.577,0.506,2.271,10.974,139.3565
2026-03-12,4.694,8.2768,3.338,3.381,0.371,0.779,0.793,1.121,1.457,1.555,0.506,2.254,10.938,139.3605
2026-03-13,4.677,8.1638,3.291,3.364,0.368,0.781,0.795,1.112,1.414,1.544,0.512,2.193,10.802,139.3932
2026-03-16,4.68,8.1127,3.285,3.335,0.369,0.79,0.797,1.106,1.415,1.577,0.519,2.126,10.664,139.3001
2026-03-17,4.646,7.9349,3.212,3.309,0.371,0.788,0.804,1.118,1.376,1.534,0.518,2.091,10.637,139.302
2026-03-18,4.662,8.0116,3.24,3.296,0.37,0.782,0.802,1.114,1.4,1.568,0.513,2.075,10.606,139.4387
2026-03-19,4.599,7.8043,3.17,3.305,0.365,0.77,0.799,1.101,1.363,1.527,0.504,1.944,10.126,139.514
2026-03-20,4.576,7.6736,3.117,3.296,0.362,0.764,0.797,1.083,1.325,1.501,0.5,1.917,9.896,139.4734
2026-03-23,4.43,7.379,2.967,3.234,0.348,0.736,0.771,1.036,1.259,1.425,0.484,1.823,8.941,139.4209
2026-03-24,4.479,7.5165,3.044,3.269,0.357,0.742,0.787,1.047,1.29,1.451,0.49,1.892,9.299,139.3853
2026-03-25,4.544,7.6874,3.101,3.256,0.359,0.747,0.794,1.059,1.313,1.49,0.492,1.952,9.641,139.4295
2026-03-26,4.488,7.5636,3.057,3.268,0.353,0.739,0.796,1.035,1.288,1.453,0.486,1.919,9.45,139.4832
2026-03-27,4.508,7.6648,3.106,3.267,0.365,0.752,0.792,1.041,1.296,1.468,0.492,1.976,9.494,139.5677
2026-03-30,4.5,7.6795,3.109,3.299,0.365,0.753,0.795,1.037,1.31,1.467,0.493,2.008,9.656,139.6552
2026-03-31,4.463,7.5469,3.051,3.251,0.364,0.742,0.802,1.029,1.304,1.415,0.493,1.983,9.699,139.6949
2026-04-01,4.534,7.6707,3.107,3.241,0.377,0.751,0.802,1.045,1.309,1.458,0.498,2.026,10.024,139.5766
2026-04-02,4.489,7.5361,3.055,3.258,0.374,0.756,0.805,1.025,1.285,1.413,0.499,1.991,9.738,139.6015
2026-04-03,4.454,7.4683,3.02,3.216,0.368,0.747,0.797,1.016,1.27,1.413,0.494,1.971,9.828,139.6671
2026-04-07,4.446,7.4939,3.045,3.228,0.369,0.745,0.788,1.015,1.269,1.437,0.491,1.992,9.837,139.6502
2026-04-08,4.602,7.8839,3.189,3.227,0.375,0.757,0.794,1.054,1.333,1.531,0.498,2.119,10.113,139.5786
2026-04-09,4.572,7.823,3.171,3.212,0.373,0.747,0.788,1.031,1.323,1.532,0.49,2.103,9.908,139.5955
2026-04-10,4.642,7.8927,3.201,3.218,0.373,0.743,0.787,1.068,1.339,1.561,0.491,2.096,9.972,139.5975
2026-04-13,4.652,7.8858,3.213,3.223,0.371,0.744,0.789,1.075,1.351,1.566,0.489,2.096,9.924,139.6333
2026-04-14,4.712,8.0145,3.263,3.223,0.375,0.751,0.794,1.081,1.375,1.608,0.491,2.136,10.011,139.6591
2026-04-15,4.694,7.9673,3.246,3.24,0.377,0.752,0.802,1.073,1.367,1.598,0.492,2.104,10.064,139.7914
2026-04-16,4.746,8.1068,3.298,3.244,0.377,0.753,0.801,1.081,1.375,1.62,0.493,2.17,10.097,139.8769
2026-04-17,4.739,8.1432,3.33,3.218,0.366,0.742,0.796,1.076,1.386,1.628,0.485,2.167,10.029,139.9435
2026-04-20,4.765,8.207,3.345,3.225,0.365,0.742,0.805,1.075,1.425,1.653,0.484,2.179,10.036,139.9286
2026-04-21,4.776,8.1835,3.344,3.265,0.365,0.742,0.808,1.066,1.416,1.635,0.483,2.18,10.01,139.9236
2026-04-22,4.811,8.3053,3.401,3.269,0.363,0.737,0.802,1.075,1.42,1.677,0.482,2.179,10.004,140.026
2026-04-23,4.801,8.2267,3.355,3.293,0.365,0.737,0.804,1.066,1.424,1.648,0.49,2.098,9.9,140.026
2026-04-24,4.782,8.1756,3.326,3.28,0.366,0.737,0.803,1.056,1.396,1.677,0.491,2.118,9.826,140.0877
2026-04-27,4.782,8.2198,3.339,3.275,0.364,0.731,0.8,1.057,1.393,1.755,0.482,2.095,9.897,139.8908
2026-04-28,4.77,8.1265,3.297,3.325,0.372,0.732,0.803,1.07,1.371,1.735,0.482,2.043,9.732,140.0091
2026-04-29,4.821,8.2728,3.346,3.347,0.374,0.745,0.8,1.076,1.377,1.732,0.487,2.14,9.637,140.0877
2026-04-30,4.824,8.2807,3.362,3.341,0.37,0.747,0.795,1.078,1.399,1.817,0.484,2.119,9.678,140.0618
2026-05-06,4.888,8.5047,3.433,3.341,0.368,0.742,0.788,1.094,1.43,1.913,0.477,2.199,9.791,140.0002
2026-05-07,4.912,8.6157,3.493,3.272,0.368,0.739,0.784,1.089,1.446,1.949,0.478,2.207,9.909,140.0091
2026-05-08,4.886,8.6137,3.506,3.261,0.366,0.734,0.785,1.08,1.474,1.902,0.476,2.206,9.88,140.0887
2026-05-11,4.966,8.7542,3.555,3.263,0.37,0.736,0.785,1.097,1.483,2.018,0.475,2.208,9.774,140.0996
2026-05-12,4.963,8.705,3.54,3.257,0.372,0.725,0.782,1.102,1.469,2.025,0.469,2.188,9.806,140.1513
2026-05-13,5.017,8.8494,3.598,3.244,0.37,0.719,0.78,1.095,1.488,2.088,0.462,2.209,9.804,140.1871
2026-05-14,4.941,8.6166,3.529,3.223,0.36,0.72,0.784,1.071,1.419,2.043,0.466,2.13,9.795,140.199
2026-05-15,4.878,8.4595,3.488,3.223,0.356,0.708,0.779,1.048,1.385,2.035,0.455,2.039,9.554,140.2617
2026-05-18,4.852,8.4781,3.503,3.217,0.349,0.7,0.771,1.047,1.375,2.058,0.451,2.009,9.513,140.3134
2026-05-19,4.869,8.5489,3.542,3.222,0.349,0.7,0.775,1.056,1.377,2.131,0.452,1.981,9.515,140.4337
2026-05-20,4.871,8.5931,3.545,3.215,0.347,0.699,0.768,1.049,1.371,2.227,0.455,1.985,9.367,140.4645
2026-05-21,4.808,8.3524,3.432,3.172,0.349,0.69,0.771,1.054,1.337,2.132,0.454,1.947,9.45,140.378
2026-05-22,4.862,8.5047,3.495,3.156,0.345,0.682,0.769,1.037,1.357,2.189,0.444,2.019,9.461,140.3909
2026-05-25,4.937,8.6304,3.539,3.185,0.34,0.681,0.767,1.045,1.376,2.348,0.448,2.025,9.512,140.3631
2026-05-26,4.972,8.597,3.499,3.186,0.34,0.68,0.771,1.056,1.348,2.321,0.444,2.095,9.454,140.4168
2026-05-27,4.932,8.4614,3.437,3.17,0.342,0.682,0.767,1.043,1.323,2.265,0.453,2.013,9.345,140.4884
2026-05-28,4.932,8.4958,3.472,3.17,0.336,0.67,0.761,1.021,1.344,2.294,0.443,1.991,9.132,140.6027
2026-05-29,4.923,8.2935,3.383,3.206,0.344,0.689,0.776,1.033,1.284,2.16,0.457,1.965,9.397,140.6842
2026-06-01,4.868,8.2218,3.359,3.307,0.34,0.691,0.785,1.035,1.269,2.046,0.456,1.949,9.344,140.6892
2026-06-02,4.936,8.2571,3.368,3.308,0.336,0.68,0.79,1.037,1.267,2.08,0.448,2.015,9.41,140.6653
2026-06-03,4.965,8.3053,3.389,3.324,0.33,0.67,0.783,1.035,1.273,2.15,0.444,2.032,9.281,140.6494
2026-06-04,4.926,8.2984,3.385,3.327,0.325,0.659,0.774,1.022,1.278,2.193,0.433,1.97,9.29,140.6892
2026-06-05,4.843,8.1913,3.358,3.321,0.327,0.658,0.784,1.016,1.274,2.091,0.433,1.926,9.252,140.6852
2026-06-08,4.739,7.9251,3.258,3.304,0.322,0.646,0.789,1.001,1.22,1.995,0.425,1.82,8.953,140.5947
2026-06-09,4.826,8.1235,3.341,3.291,0.32,0.644,0.792,1.005,1.235,2.109,0.421,1.869,9.005,140.5311
2026-06-10,4.784,8.0263,3.303,3.261,0.325,0.65,0.806,1.018,1.222,2.1,0.426,1.843,8.736,140.4645
2026-06-11,4.751,7.989,3.286,3.26,0.325,0.65,0.802,1.008,1.219,2.13,0.424,1.88,8.506,140.3253
2026-06-12,4.818,8.096,3.309,3.303,0.332,0.657,0.814,1.045,1.246,2.106,0.428,1.976,8.659,140.3501
2026-06-15,4.919,8.3927,3.439,3.249,0.329,0.654,0.802,1.072,1.266,2.231,0.426,2.063,8.928,140.377
2026-06-16,4.91,8.4791,3.491,3.196,0.323,0.641,0.792,1.082,1.267,2.254,0.419,2.049,8.949,140.4953
2026-06-17,4.958,8.6078,3.519,3.16,0.323,0.635,0.785,1.081,1.289,2.387,0.413,2.045,8.957,140.5341
2026-06-18,4.984,8.6716,3.544,3.098,0.326,0.623,0.766,1.05,1.29,2.481,0.404,2.05,8.908,140.6166
2026-06-22,5.091,8.8475,3.58,3.125,0.333,0.627,0.771,1.131,1.298,2.552,0.407,2.155,8.716,140.6484
2026-06-23,4.942,8.6589,3.51,3.104,0.333,0.617,0.778,1.131,1.252,2.512,0.399,1.976,8.537,140.5579
2026-06-24,4.967,8.8259,3.551,3.048,0.341,0.608,0.761,1.111,1.262,2.652,0.39,1.98,8.515,140.6186
2026-06-25,5.048,8.9241,3.569,3.006,0.341,0.61,0.753,1.149,1.26,2.774,0.396,1.922,8.287,140.636
2026-06-26,4.907,8.7041,3.484,2.954,0.335,0.603,0.746,1.107,1.241,2.747,0.388,1.839,8.39,140.721
2026-06-29,4.959,8.8151,3.475,2.972,0.356,0.622,0.75,1.123,1.234,1.4545,0.396,1.864,8.449,140.845
2026-06-30,5.019,9.0312,3.577,2.916,0.35,0.615,0.734,1.126,1.28,1.5025,0.393,1.854,8.378,140.792
2026-07-01,4.998,9.0174,3.585,2.963,0.359,0.63,0.737,1.176,1.291,1.4715,0.398,1.848,8.271,140.637
2026-07-02,4.85,8.6923,3.491,2.993,0.357,0.628,0.748,1.15,1.256,2.7,0.396,1.88,8.475,140.695
2026-07-03,4.876,8.7434,3.488,3.024,0.363,0.628,0.747,1.155,1.301,1.331,0.396,1.892,8.672,140.695
2026-07-06,4.877,8.654,3.435,3.089,0.367,0.64,0.76,1.16,1.284,1.334,0.401,1.865,8.631,140.753
2026-07-07,4.826,8.5037,3.368,3.044,0.354,0.63,0.759,1.123,1.244,1.336,0.39,1.803,8.597,140.748
2026-07-08,4.798,8.3996,3.29,3.08,0.349,0.625,0.77,1.111,1.219,1.339,0.39,1.75,8.589,140.799
2026-07-09,4.916,8.6481,3.354,3.04,0.356,0.618,0.761,1.132,1.243,1.471,0.383,1.745,8.544,140.771
2026-07-10,4.829,8.544,3.312,3.045,0.363,0.632,0.767,1.11,1.281,1.369,0.397,1.756,8.541,140.782
2026-07-13,4.744,8.1451,3.158,3.066,0.36,0.631,0.779,1.098,1.192,1.292,0.393,1.679,8.419,140.775
2026-07-14,4.837,8.264,3.206,3.138,0.367,0.632,0.781,1.104,1.158,1.308,0.396,1.774,8.373,140.798
2026-07-15,4.838,8.151,3.169,3.185,0.379,0.656,0.79,1.13,1.143,1.232,0.416,1.739,8.369,140.819
2026-07-16,4.753,7.956,3.092,3.146,0.378,0.665,0.782,1.113,1.12,1.159,0.42,1.725,8.363,140.789
2026-07-17,4.589,7.505,2.908,3.135,0.364,0.653,0.789,1.097,1.062,1.07,0.413,1.636,8.311,140.812
2026-07-20,4.65,7.426,2.818,3.242,0.376,0.676,0.808,1.118,1.055,1.04,0.432,1.625,8.318,140.815
2026-07-21,4.787,7.792,2.933,3.205,0.376,0.669,0.79,1.123,1.09,1.144,0.425,1.71,8.468,140.824
2026-07-22,4.765,7.74,2.891,3.253,0.377,0.673,0.799,1.114,1.083,1.152,0.43,1.768,8.56,140.899
2026-07-23,4.787,7.737,2.914,3.28,0.377,0.67,0.803,1.128,1.101,1.106,0.425,1.822,8.56,140.867
2026-07-24,4.701,7.545,2.832,3.223,0.365,0.656,0.804,1.099,1.077,1.113,0.416,1.735,8.385,140.874
2026-07-27,4.753,7.726,2.93,3.232,0.368,0.663,0.805,1.104,1.104,1.124,0.42,1.776,8.502,140.841
2026-07-28,4.627,7.463,2.848,3.232,0.366,0.673,0.818,1.085,1.077,1.041,0.43,1.736,8.4,140.832
2026-07-29,4.657,7.54,2.878,3.273,0.373,0.679,0.819,1.106,1.094,1.027,0.436,1.768,8.392,140.827
