Date,SPY,QQQ,IWM,EFA,EEM,TLT,GLD,SHY,BIL
1999-01-04,76.0833,,,,,,,,
1999-01-05,76.9529,,,,,,,,
1999-01-06,78.8081,,,,,,,,
1999-01-07,78.4216,,,,,,,,
1999-01-08,79.0013,,,,,,,,
1999-01-11,78.2477,,,,,,,,
1999-01-12,76.8369,,,,,,,,
1999-01-13,76.2959,,,,,,,,
1999-01-14,74.9624,,,,,,,,
1999-01-15,76.9143,,,,,,,,
1999-01-19,77.4167,,,,,,,,
1999-01-20,78.0351,,,,,,,,
1999-01-21,75.9673,,,,,,,,
1999-01-22,75.7934,,,,,,,,
1999-01-25,76.5664,,,,,,,,
1999-01-26,77.9578,,,,,,,,
1999-01-27,77.0495,,,,,,,,
1999-01-28,78.3443,,,,,,,,
1999-01-29,78.9434,,,,,,,,
1999-02-01,78.4796,,,,,,,,
1999-02-02,77.9964,,,,,,,,
1999-02-03,78.7888,,,,,,,,
1999-02-04,77.61,,,,,,,,
1999-02-05,76.721,,,,,,,,
1999-02-08,76.8756,,,,,,,,
1999-02-09,75.1557,,,,,,,,
1999-02-10,75.6388,,,,,,,,
1999-02-11,77.3781,,,,,,,,
1999-02-12,76.4504,,,,,,,,
1999-02-16,75.9866,,,,,,,,
1999-02-17,75.9094,,,,,,,,
1999-02-18,76.5084,,,,,,,,
1999-02-19,76.8369,,,,,,,,
1999-02-22,78.8854,,,,,,,,
1999-02-23,78.8468,,,,,,,,
1999-02-24,77.4553,,,,,,,,
1999-02-25,76.721,,,,,,,,
1999-02-26,76.4118,,,,,,,,
1999-03-01,76.6244,,,,,,,,
1999-03-02,75.948,,,,,,,,
1999-03-03,76.3538,,,,,,,,
1999-03-04,77.3201,,,,,,,,
1999-03-05,78.8757,,,,,,,,
1999-03-08,79.3878,,,,,,,,
1999-03-09,79.1946,,,,,,,,
1999-03-10,79.8903,42.9822,,,,,,,
1999-03-11,80.7793,43.1927,,,,,,,
1999-03-12,80.0063,42.1405,,,,,,,
1999-03-15,81.1465,43.3505,,,,,,,
1999-03-16,80.8373,43.7188,,,,,,,
1999-03-17,80.4894,43.4031,,,,,,,
1999-03-18,81.7841,44.2449,,,,,,,
1999-03-19,80.3941,43.1138,,,,,,,
1999-03-22,80.5491,42.5877,,,,,,,
1999-03-23,78.2244,41.0883,,,,,,,
1999-03-24,78.67,42.4825,,,,,,,
1999-03-25,80.2778,44.0345,,,,,,,
1999-03-26,79.6966,43.561,,,,,,,
1999-03-29,81.3045,45.1393,,,,,,,
1999-03-30,80.8784,44.8236,,,,,,,
1999-03-31,79.5804,44.166,,,,,,,
1999-04-01,80.1809,45.0867,,,,,,,
1999-04-05,82.0794,46.7176,,,,,,,
1999-04-06,81.8857,46.8096,,,,,,,
1999-04-07,82.5443,46.323,,,,,,,
1999-04-08,83.5904,46.6913,,,,,,,
1999-04-09,83.6098,46.9806,,,,,,,
1999-04-12,84.5009,46.6649,,,,,,,
1999-04-13,83.9585,46.0337,,,,,,,
1999-04-14,82.5443,44.4553,,,,,,,
1999-04-15,82.2344,45.0603,,,,,,,
1999-04-16,81.537,43.7451,,,,,,,
1999-04-19,80.2778,41.6933,,,,,,,
1999-04-20,81.2851,42.6403,,,,,,,
1999-04-21,83.6098,44.7447,,,,,,,
1999-04-22,84.404,45.9547,,,,,,,
1999-04-23,84.191,46.5597,,,,,,,
1999-04-26,84.6752,47.6317,,,,,,,
1999-04-27,85.0821,46.9017,,,,,,,
1999-04-28,83.9198,45.2971,,,,,,,
1999-04-29,83.2805,44.9288,,,,,,,
1999-04-30,82.6025,45.2182,,,,,,,
1999-05-03,84.1135,44.9814,,,,,,,
1999-05-04,82.9124,44.2712,,,,,,,
1999-05-05,83.5711,45.6128,,,,,,,
1999-05-06,83.0577,43.9556,,,,,,,
1999-05-07,83.6873,44.5869,,,,,,,
1999-05-10,83.2708,45.0341,,,,,,,
1999-05-11,84.1135,45.7443,,,,,,,
1999-05-12,84.7722,46.6913,,,,,,,
1999-05-13,85.1402,45.8232,,,,,,,
1999-05-14,82.9318,44.9551,,,,,,,
1999-05-17,83.1836,45.764,,,,,,,
1999-05-18,83.0287,45.5602,,,,,,,
1999-05-19,83.6292,46.1915,,,,,,,
1999-05-20,83.1255,44.9223,,,,,,,
1999-05-21,82.6605,44.508,,,,,,,
1999-05-24,81.2851,43.3768,,,,,,,
1999-05-25,79.9678,41.9564,,,,,,,
1999-05-26,80.859,43.1269,,,,,,,
1999-05-27,79.6966,43.0875,,,,,,,
1999-05-28,80.7137,43.7977,,,,,,,
1999-06-01,80.4328,42.8244,,,,,,,
1999-06-02,80.5103,43.5478,,,,,,,
1999-06-03,80.9558,42.9297,,,,,,,
1999-06-04,82.5831,44.2449,,,,,,,
1999-06-07,82.7962,45.1656,,,,,,,
1999-06-08,81.9825,44.0345,,,,,,,
1999-06-09,81.905,44.771,,,,,,,
1999-06-10,81.1496,44.2581,,,,,,,
1999-06-11,80.4716,43.5873,,,,,,,
1999-06-14,80.5491,42.7653,,,,,,,
1999-06-15,81.0915,43.4031,,,,,,,
1999-06-16,82.6412,45.6325,,,,,,,
1999-06-17,83.4161,46.1389,,,,,,,
1999-06-18,83.5125,46.3493,,,,,,,
1999-06-21,83.7067,47.7369,,,,,,,
1999-06-22,83.1238,46.2967,,,,,,,
1999-06-23,82.7158,47.0267,,,,,,,
1999-06-24,82.0941,46.0928,,,,,,,
1999-06-25,81.89,46.0337,,,,,,,
1999-06-28,82.8907,47.1253,,,,,,,
1999-06-29,83.6679,47.7698,,,,,,,
1999-06-30,85.1835,48.5063,,,,,,,
1999-07-01,85.8247,48.8351,,,,,,,
1999-07-02,86.6796,49.4533,,,,,,,
1999-07-06,86.6602,49.1376,,,,,,,
1999-07-07,86.7768,49.2166,,,,,,,
1999-07-08,86.8448,49.8741,,,,,,,
1999-07-09,87.3597,50.374,,,,,,,
1999-07-12,86.9711,50.1109,,,,,,,
1999-07-13,86.6602,49.8741,,,,,,,
1999-07-14,87.1459,50.7225,,,,,,,
1999-07-15,87.6997,51.1894,,,,,,,
1999-07-16,88.1758,51.6629,,,,,,,
1999-07-19,87.5929,51.1368,,,,,,,
1999-07-20,85.7956,49.1639,,,,,,,
1999-07-21,85.6984,49.4007,,,,,,,
1999-07-22,84.5714,48.1446,,,,,,,
1999-07-23,84.4062,48.2169,,,,,,,
1999-07-26,83.7844,47.0332,,,,,,,
1999-07-27,84.484,47.9802,,,,,,,
1999-07-28,84.756,48.9206,,,,,,,
1999-07-29,83.5708,47.875,,,,,,,
1999-07-30,82.5409,47.6382,,,,,,,
1999-08-02,82.7352,47.5067,,,,,,,
1999-08-03,82.3466,47.1976,,,,,,,
1999-08-04,81.2196,46.3427,,,,,,,
1999-08-05,81.958,47.0793,,,,,,,
1999-08-06,81.0642,46.5729,,,,,,,
1999-08-09,80.8894,45.9745,,,,,,,
1999-08-10,79.9955,45.5602,,,,,,,
1999-08-11,80.9671,47.0595,,,,,,,
1999-08-12,80.9185,46.5071,,,,,,,
1999-08-13,82.7935,48.5326,,,,,,,
1999-08-16,83.1628,48.9206,,,,,,,
1999-08-17,83.7067,49.1639,,,,,,,
1999-08-18,83.1044,48.6115,,,,,,,
1999-08-19,82.4243,48.0328,,,,,,,
1999-08-20,83.2599,48.7957,,,,,,,
1999-08-23,84.8531,50.3476,,,,,,,
1999-08-24,85.164,50.6896,,,,,,,
1999-08-25,86.0384,51.7681,,,,,,,
1999-08-26,85.0086,50.9066,,,,,,,
1999-08-27,83.9788,50.4003,,,,,,,
1999-08-30,82.4243,49.69,,,,,,,
1999-08-31,82.1134,50.2424,,,,,,,
1999-09-01,83.1238,50.6041,,,,,,,
1999-09-02,82.1426,50.4266,,,,,,,
1999-09-03,84.5423,52.7414,,,,,,,
1999-09-07,84.2314,52.5047,,,,,,,
1999-09-08,83.8234,51.7944,,,,,,,
1999-09-09,83.7844,52.531,,,,,,,
1999-09-10,84.484,53.136,,,,,,,
1999-09-13,83.9108,52.4981,,,,,,,
1999-09-14,83.357,52.7874,,,,,,,
1999-09-15,82.0357,51.7681,,,,,,,
1999-09-16,82.3564,51.7418,,,,,,,
1999-09-17,83.397,53.2938,,,,,,,
1999-09-20,83.28,53.4188,,,,,,,
1999-09-21,81.5263,52.1364,,,,,,,
1999-09-22,81.4386,52.6888,,,,,,,
1999-09-23,79.7337,50.5055,,,,,,,
1999-09-24,79.6558,50.5712,,,,,,,
1999-09-27,80.1818,50.9264,,,,,,,
1999-09-28,80.026,51.1631,,,,,,,
1999-09-29,79.0712,50.1372,,,,,,,
1999-09-30,80.2793,50.6633,,,,,,,
1999-10-01,80.1039,50.683,,,,,,,
1999-10-04,81.5263,51.8207,,,,,,,
1999-10-05,81.4484,52.189,,,,,,,
1999-10-06,82.6954,53.2346,,,,,,,
1999-10-07,82.2278,53.1097,,,,,,,
1999-10-08,83.4749,53.6686,,,,,,,
1999-10-11,83.3385,54.4249,,,,,,,
1999-10-12,82.0525,53.1886,,,,,,,
1999-10-13,79.9285,51.6103,,,,,,,
1999-10-14,79.9091,51.9325,,,,,,,
1999-10-15,77.8631,50.4003,,,,,,,
1999-10-18,78.4282,49.7624,,,,,,,
1999-10-19,79.1881,50.032,,,,,,,
1999-10-20,79.9675,51.5577,,,,,,,
1999-10-21,80.4352,52.3994,,,,,,,
1999-10-22,81.1172,52.1627,,,,,,,
1999-10-25,80.708,52.189,,,,,,,
1999-10-26,79.6947,51.7681,,,,,,,
1999-10-27,81.1366,51.6892,,,,,,,
1999-10-28,83.9035,53.4779,,,,,,,
1999-10-29,85.4234,55.3456,,,,,,,
1999-11-01,84.5271,55.0562,,,,,,,
1999-11-02,83.923,55.0891,,,,,,,
1999-11-03,84.4881,56.1874,,,,,,,
1999-11-04,85.1311,56.8187,,,,,,,
1999-11-05,85.969,57.3974,,,,,,,
1999-11-08,86.0469,58.5548,,,,,,,
1999-11-09,85.2383,58.1602,,,,,,,
1999-11-10,85.8715,58.923,,,,,,,
1999-11-11,86.3587,59.9753,,,,,,,
1999-11-12,87.1381,60.7644,,,,,,,
1999-11-15,87.3427,60.646,,,,,,,
1999-11-16,88.0734,62.1849,,,,,,,
1999-11-17,88.3072,61.3431,,,,,,,
1999-11-18,88.9307,63.2239,,,,,,,
1999-11-19,88.8528,63.7895,,,,,,,
1999-11-22,88.8333,62.8162,,,,,,,
1999-11-23,88.0539,63.1056,,,,,,,
1999-11-24,88.5216,65.1836,,,,,,,
1999-11-26,88.1903,65.3941,,,,,,,
1999-11-29,87.8785,64.3156,,,,,,,
1999-11-30,86.8458,61.8692,,,,,,,
1999-12-01,87.5473,63.2108,,,,,,,
1999-12-02,88.0734,65.2165,,,,,,,
1999-12-03,89.6907,66.6041,,,,,,,
1999-12-06,89.0282,67.2091,,,,,,,
1999-12-07,88.3072,67.2091,,,,,,,
1999-12-08,87.7422,66.3936,,,,,,,
1999-12-09,88.1708,66.7093,,,,,,,
1999-12-10,88.4631,67.2617,,,,,,,
1999-12-13,88.619,68.1758,,,,,,,
1999-12-14,87.7616,66.9461,,,,,,,
1999-12-15,88.2293,68.235,,,,,,,
1999-12-16,88.619,69.9185,,,,,,,
1999-12-17,89.1881,70.5235,,,,,,,
1999-12-20,88.5435,71.4442,,,,,,,
1999-12-21,89.8913,75.2847,,,,,,,
1999-12-22,90.1257,75.048,,,,,,,
1999-12-23,91.5613,75.9424,,,,,,,
1999-12-27,91.4344,75.4952,,,,,,,
1999-12-28,91.3758,75.0217,,,,,,,
1999-12-29,91.7665,77.8626,,,,,,,
1999-12-30,91.6591,77.0209,,,,,,,
1999-12-31,91.8055,76.9156,,,,,,,
2000-01-03,90.907,79.7566,,,,,,,
2000-01-04,87.352,74.2851,,,,,,,
2000-01-05,87.5083,72.3912,,,,,,,
2000-01-06,86.1019,67.4196,,,,,,,
2000-01-07,91.1023,75.7582,,,,,,,
2000-01-10,91.4148,77.8626,,,,,,,
2000-01-11,90.321,74.0747,,,,,,,
2000-01-12,89.4225,72.4438,,,,,,,
2000-01-13,90.6335,76.8104,,,,,,,
2000-01-14,91.8641,78.5991,,,,,,,
2000-01-18,91.1414,79.02,,,,,,,
2000-01-19,91.8837,80.8088,,,,,,,
2000-01-20,90.4773,80.0197,,,,,,,
2000-01-21,90.282,81.0192,,,,,,,
2000-01-24,87.7232,77.1261,,,,,,,
2000-01-25,88.7193,78.2835,,,,,,,
2000-01-26,88.0161,75.1269,,,,,,,
2000-01-27,87.6645,76.2317,,,,,,,
2000-01-28,84.9299,72.3912,,,,,,,
2000-01-31,87.2348,75.4952,,,,,,,
2000-02-01,88.0943,77.5207,,,,,,,
2000-02-02,88.1724,78.1783,,,,,,,
2000-02-03,89.5006,81.2297,,,,,,,
2000-02-04,89.1295,81.782,,,,,,,
2000-02-07,88.9928,82.9132,,,,,,,
2000-02-08,90.2038,86.3854,,,,,,,
2000-02-09,88.3091,83.334,,,,,,,
2000-02-10,88.4849,86.0697,,,,,,,
2000-02-11,86.6879,84.0706,,,,,,,
2000-02-14,87.1957,83.9653,,,,,,,
2000-02-15,88.1822,84.5704,,,,,,,
2000-02-16,86.8832,84.1758,,,,,,,
2000-02-17,86.434,85.9645,,,,,,,
2000-02-18,84.5783,82.8605,,,,,,,
2000-02-22,84.3634,83.1236,,,,,,,
2000-02-23,85.3596,87.7533,,,,,,,
2000-02-24,83.6407,89.6472,,,,,,,
2000-02-25,83.3379,87.5954,,,,,,,
2000-02-28,85.0862,87.5428,,,,,,,
2000-02-29,85.9065,89.8577,,,,,,,
2000-03-01,86.5316,90.5942,,,,,,,
2000-03-02,86.5902,88.4964,,,,,,,
2000-03-03,88.2114,93.4878,,,,,,,
2000-03-06,87.352,94.2243,,,,,,,
2000-03-07,85.6624,92.8038,,,,,,,
2000-03-08,85.555,93.6456,,,,,,,
2000-03-09,88.0552,96.8022,,,,,,,
2000-03-10,87.5863,96.3813,,,,,,,
2000-03-13,86.6293,93.856,,,,,,,
2000-03-14,85.3987,90.3838,,,,,,,
2000-03-15,87.3911,86.5959,,,,,,,
2000-03-16,91.4734,91.5412,,,,,,,
2000-03-17,92.078,93.2773,,,,,,,
2000-03-20,91.608,90.6468,,,,,,,
2000-03-21,93.488,94.0665,,,,,,,
2000-03-22,94.0559,95.9604,,,,,,,
2000-03-23,95.6617,97.6439,,,,,,,
2000-03-24,96.2296,98.9592,,,,,,,
2000-03-27,95.2113,99.117,,,,,,,
2000-03-28,94.6629,96.5917,,,,,,,
2000-03-29,94.7609,92.5934,,,,,,,
2000-03-30,93.1747,90.2785,,,,,,,
2000-03-31,94.2321,92.1725,,,,,,,
2000-04-03,94.7805,86.6485,,,,,,,
2000-04-04,94.0755,85.8067,,,,,,,
2000-04-05,93.488,84.281,,,,,,,
2000-04-06,94.3007,86.2802,,,,,,,
2000-04-07,94.8979,89.7525,,,,,,,
2000-04-10,94.5259,84.281,,,,,,,
2000-04-11,94.2517,82.2819,,,,,,,
2000-04-12,91.6668,77.4417,,,,,,,
2000-04-13,90.3939,74.0747,,,,,,,
2000-04-14,85.2241,67.6563,,,,,,,
2000-04-17,88.2006,75.4426,,,,,,,
2000-04-18,90.531,77.4417,,,,,,,
2000-04-19,89.6889,75.0743,,,,,,,
2000-04-20,90.1198,73.4434,,,,,,,
2000-04-24,89.1406,71.339,,,,,,,
2000-04-25,92.8418,76.1528,,,,,,,
2000-04-26,91.7941,73.5486,,,,,,,
2000-04-27,91.4905,76.8104,,,,,,,
2000-04-28,90.9227,79.7566,,,,,,,
2000-05-01,92.1563,80.4931,,,,,,,
2000-05-02,90.3156,75.8634,,,,,,,
2000-05-03,88.2006,75.0217,,,,,,,
2000-05-04,88.8665,75.1795,,,,,,,
2000-05-05,89.9435,76.9683,,,,,,,
2000-05-08,89.2679,73.9695,,,,,,,
2000-05-09,88.5531,72.3912,,,,,,,
2000-05-10,86.5557,67.1302,,,,,,,
2000-05-11,88.5336,71.2338,,,,,,,
2000-05-12,89.4931,71.2338,,,,,,,
2000-05-15,91.0402,74.3378,,,,,,,
2000-05-16,91.9213,76.4421,,,,,,,
2000-05-17,90.9618,74.8639,,,,,,,
2000-05-18,89.8456,72.1808,,,,,,,
2000-05-19,88.4357,68.7611,,,,,,,
2000-05-22,87.7698,68.7085,,,,,,,
2000-05-23,86.4773,62.974,,,,,,,
2000-05-24,87.8874,66.9198,,,,,,,
2000-05-25,86.3794,65.4466,,,,,,,
2000-05-26,86.4773,65.4466,32.5057,,,,,,
2000-05-30,89.2973,72.0229,33.7055,,,,,,
2000-05-31,89.4931,69.9711,33.8277,,,,,,
2000-06-01,91.0597,73.5486,34.5943,,,,,,
2000-06-02,92.646,78.8096,36.394,,,,,,
2000-06-05,92.1955,79.0069,36.2607,,,,,,
2000-06-06,91.7843,76.8104,36.6162,,,,,,
2000-06-07,92.4207,78.8622,36.6606,,,,,,
2000-06-08,92.0584,78.4939,36.5717,,,,,,
2000-06-09,91.8626,78.9148,37.2161,,,,,,
2000-06-12,90.7856,76.3895,36.1107,,,,,,
2000-06-13,92.4893,79.3357,36.5717,,,,,,
2000-06-14,92.646,77.547,36.394,,,,,,
2000-06-15,92.8418,78.9148,36.4384,,,,,,
2000-06-16,92.0789,79.3357,36.2385,,,,,,
2000-06-19,93.2566,82.4923,37.1494,,,,,,
2000-06-20,92.9229,82.1766,37.3938,,,,,,
2000-06-21,92.8837,83.2288,37.593,,,,,,
2000-06-22,91.4704,80.1774,36.4592,,,,,,
2000-06-23,90.6853,77.0209,36.2147,,,,,,
2000-06-26,91.8532,79.1253,36.6593,,,,,,
2000-06-27,91.176,78.1783,36.0813,,,,,,
2000-06-28,91.4311,79.1253,36.9928,,,,,,
2000-06-29,90.5675,77.1392,36.4147,,,,,,
2000-06-30,91.2545,78.6518,36.7649,,,,,,
2000-07-03,92.5107,80.1774,37.2818,,,,,,
2000-07-05,90.8423,77.0735,36.8594,,,,,,
2000-07-06,91.5489,79.1253,37.2929,,,,,,
2000-07-07,93.0211,80.7562,37.5263,,,,,,
2000-07-10,92.8641,79.533,37.7709,,,,,,
2000-07-11,93.0604,79.967,37.7264,,,,,,
2000-07-12,93.6688,81.8609,38.4823,,,,,,
2000-07-13,94.0811,82.9132,38.6045,,,,,,
2000-07-14,95.0036,84.7019,38.6379,,,,,,
2000-07-17,94.8465,85.6489,38.7713,,,,,,
2000-07-18,94.0713,83.755,38.1043,,,,,,
2000-07-19,93.3155,81.8609,37.4374,,,,,,
2000-07-20,94.611,84.4915,38.0599,,,,,,
2000-07-21,92.7659,81.6505,37.015,,,,,,
2000-07-24,92.2359,79.967,36.4759,,,,,,
2000-07-25,92.5304,80.5983,36.5481,,,,,,
2000-07-26,91.6274,80.4931,36.4814,,,,,,
2000-07-27,91.3134,77.3365,35.4811,,,,,,
2000-07-28,89.2524,73.1277,34.8586,,,,,,
2000-07-31,89.8216,75.2847,35.7478,,,,,,
2000-08-01,90.3712,74.2851,35.5144,,,,,,
2000-08-02,90.8227,72.9699,35.57,,,,,,
2000-08-03,91.4508,76.1265,35.5477,,,,,,
2000-08-04,91.9415,75.8634,35.7256,,,,,,
2000-08-07,93.0407,77.6522,36.387,,,,,,
2000-08-08,93.394,79.2305,36.2147,,,,,,
2000-08-09,92.6089,77.1261,35.9535,,,,,,
2000-08-10,92.1574,75.6004,35.7478,,,,,,
2000-08-11,92.5892,76.6526,36.3703,,,,,,
2000-08-14,93.7669,78.2835,36.7482,,,,,,
2000-08-15,93.6885,78.2835,36.2147,,,,,,
2000-08-16,93.3548,79.0727,36.3925,,,,,,
2000-08-17,94.3362,80.5983,36.726,,,,,,
2000-08-18,94.0222,80.1774,36.6704,,,,,,
2000-08-21,94.5325,80.3879,36.8038,,,,,,
2000-08-22,94.3755,80.3879,36.7482,,,,,,
2000-08-23,94.7484,81.7031,36.6927,,,,,,
2000-08-24,95.0428,82.9658,37.2373,,,,,,
2000-08-25,95.0036,82.5186,37.3929,,,,,,
2000-08-28,95.3275,82.9132,37.4596,,,,,,
2000-08-29,95.3471,83.334,37.8153,,,,,,
2000-08-30,94.4344,83.2288,37.8598,,,,,,
2000-08-31,95.6906,85.5436,38.2377,,,,,,
2000-09-01,95.7887,86.3854,38.549,,,,,,
2000-09-05,95.0232,83.755,38.2822,,,,,,
2000-09-06,93.9436,80.8088,38.1155,,,,,,
2000-09-07,94.7484,82.5975,38.6823,,,,,,
2000-09-08,94.1007,80.0722,38.0154,,,,,,
2000-09-11,93.9633,78.1257,38.0599,,,,,,
2000-09-12,93.2762,76.9156,37.9376,,,,,,
2000-09-13,93.5216,78.7044,38.1266,,,,,,
2000-09-14,93.9927,78.2835,38.3489,,,,,,
2000-09-15,91.9364,76.863,37.6375,,,,,,
2000-09-18,91.0902,75.653,36.7482,,,,,,
2000-09-19,91.9167,78.4413,37.3485,,,,,,
2000-09-20,91.2378,79.6514,37.0517,,,,,,
2000-09-21,89.8504,73.8642,36.3602,,,,,,
2000-09-22,91.4838,78.2309,36.8286,,,,,,
2000-09-25,90.8344,76.1528,36.8732,,,,,,
2000-09-26,89.6733,75.2847,36.349,,,,,,
2000-09-27,90.1456,75.3899,36.1817,,,,,,
2000-09-28,91.3066,77.0735,37.1632,,,,,,
2000-09-29,90.4408,74.706,36.9848,,,,,,
2000-10-02,90.5786,73.0225,36.3825,,,,,,
2000-10-03,89.7324,70.7077,35.8527,,,,,,
2000-10-04,90.4801,72.0755,36.1037,,,,,,
2000-10-05,90.795,72.286,35.7356,,,,,,
2000-10-06,88.8272,69.8659,34.8656,,,,,,
2000-10-09,88.1581,69.5502,34.7876,,,,,,
2000-10-10,86.702,65.9202,33.951,,,,,,
2000-10-11,85.9739,64.868,33.8395,,,,,,
2000-10-12,83.8289,63.2371,32.8134,,,,,,
2000-10-13,86.6232,68.3928,34.0849,,,,,,
2000-10-16,87.0168,69.0241,34.3526,,,,,,
2000-10-17,84.8522,65.8676,33.4882,,,,,,
2000-10-18,84.5374,65.6571,33.2149,,,,,,
2000-10-19,87.7252,71.602,34.241,,,,,,
2000-10-20,88.0991,72.6543,34.676,,,,,,
2000-10-23,88.4927,72.549,35.0218,,,,,,
2000-10-24,87.9023,69.445,34.5087,,,,,,
2000-10-25,85.8361,65.5519,33.7391,,,,,,
2000-10-26,86.0723,67.2354,34.2634,,,,,,
2000-10-27,87.7056,67.1039,34.2856,,,,,,
2000-10-30,88.4927,64.6181,34.4418,,,,,,
2000-10-31,90.0178,68.7742,35.3341,,,,,,
2000-11-01,89.7127,68.1824,35.3564,,,,,,
2000-11-02,89.8603,69.0241,36.204,,,,,,
2000-11-03,89.9095,69.9185,36.1594,,,,,,
2000-11-06,90.5392,69.3924,35.8806,,,,,,
2000-11-07,90.5196,69.1294,36.1817,,,,,,
2000-11-08,88.5123,63.7237,35.5348,,,,,,
2000-11-09,88.1778,63.7105,35.1556,,,,,,
2000-11-10,86.0329,60.3962,34.2634,,,,,,
2000-11-13,85.3638,60.4882,33.9176,,,,,,
2000-11-14,87.6071,63.8421,34.7318,,,,,,
2000-11-15,87.8827,65.131,35.1779,,,,,,
2000-11-16,86.5052,61.3431,34.1574,,,,,,
2000-11-17,86.0427,61.3037,34.3749,,,,,,
2000-11-20,84.8129,58.8047,33.4826,,,,,,
2000-11-21,85.2458,58.7126,33.2874,,,,,,
2000-11-22,83.2091,56.0821,32.5903,,,,,,
2000-11-24,84.9112,59.2914,33.5049,,,,,,
2000-11-27,85.659,58.5548,33.5997,,,,,,
2000-11-28,84.1831,55.0957,32.5903,,,,,,
2000-11-29,84.0258,52.9781,32.5011,,,,,,
2000-11-30,83.2976,53.0176,31.8096,,,,,,
2000-12-01,83.2583,53.8725,32.5234,,,,,,
2000-12-04,83.9667,54.7143,32.1665,,,,,,
2000-12-05,86.7216,59.5018,33.728,,,,,,
2000-12-06,85.3343,57.2395,32.9472,,,,,,
2000-12-07,84.1635,55.9769,32.858,,,,,,
2000-12-08,84.3602,57.2395,33.3041,,,,,,
2000-12-11,87.2923,62.6058,34.821,,,,,,
2000-12-12,86.9184,60.3172,34.0626,,,,,,
2000-12-13,85.7279,57.8577,33.4283,,,,,,
2000-12-14,84.6358,55.0299,32.8961,,,,,,
2000-12-15,82.7241,53.7673,32.7168,,,,,,
2000-12-18,83.8295,53.8725,33.2098,,,,,,
2000-12-19,82.1221,49.7689,32.6272,,,,,,
2000-12-20,79.7436,46.9148,31.5964,,,,,,
2000-12-21,80.2963,47.1911,31.8429,,,,,,
2000-12-22,82.7044,50.9264,33.165,,,,,,
2000-12-26,83.5926,51.242,33.3555,,,,,,
2000-12-27,84.2045,51.8207,34.2406,,,,,,
2000-12-28,84.4611,51.7155,35.3386,,,,,,
2000-12-29,82.8623,49.1376,34.3302,,,,,,
2001-01-02,81.3622,44.9814,33.1314,,,,,,
2001-01-03,85.2704,52.5573,34.5039,,,,,,
2001-01-04,84.3525,51.6103,34.0613,,,,,,
2001-01-05,81.599,47.6645,33.0081,,,,,,
2001-01-08,82.2306,48.1907,33.1201,,,,,,
2001-01-09,82.0135,48.1907,33.0697,,,,,,
2001-01-10,83.4544,50.6633,34.1286,,,,,,
2001-01-11,83.5334,52.1364,34.5935,,,,,,
2001-01-12,83.3755,52.8072,34.6887,,,,,,
2001-01-16,83.9084,52.1758,35.3834,,,,,,
2001-01-17,84.2933,53.7673,35.361,,,,,,
2001-01-18,85.1322,56.0295,35.4955,,,,,,
2001-01-19,84.6486,55.8191,34.868,,,,,,
2001-01-22,85.2112,55.8717,35.1145,,,,,,
2001-01-23,85.8823,57.0423,35.9885,,,,,,
2001-01-24,86.1389,56.503,35.854,,,,,,
2001-01-25,85.9218,54.2934,35.7196,,,,,,
2001-01-26,85.8231,55.1746,35.7196,,,,,,
2001-01-29,86.281,56.3978,36.4456,,,,,,
2001-01-30,87.039,56.1874,36.6823,,,,,,
2001-01-31,86.5463,54.125,36.1767,,,,,,
2001-02-01,87.1211,54.8405,36.442,,,,,,
2001-02-02,85.144,51.8102,35.6281,,,,,,
2001-02-05,85.7694,51.7681,35.6998,,,,,,
2001-02-06,85.5168,51.8523,36.2663,,,,,,
2001-02-07,85.0746,51.0105,36.356,,,,,,
2001-02-08,84.0829,49.487,35.811,,,,,,
2001-02-09,83.2744,47.4751,35.3521,,,,,,
2001-02-12,84.2282,48.0476,36.1409,,,,,,
2001-02-13,83.5397,46.5071,35.8002,,,,,,
2001-02-14,83.4134,48.359,36.1767,,,,,,
2001-02-15,84.2219,49.1587,36.356,,,,,,
2001-02-16,82.3648,46.4061,35.5708,,,,,,
2001-02-20,81.0953,44.6048,35.1585,,,,,,
2001-02-21,79.3457,43.3505,34.5453,,,,,,
2001-02-22,79.4657,42.9297,34.0613,,,,,,
2001-02-23,78.9288,43.0812,34.133,,,,,,
2001-02-26,80.6089,43.8977,34.886,,,,,,
2001-02-27,79.8636,41.2462,34.2585,,,,,,
2001-02-28,78.2909,39.9414,33.7566,,,,,,
2001-03-01,78.7014,41.0778,33.9896,,,,,,
2001-03-02,78.0761,39.3101,34.0793,,,,,,
2001-03-05,78.7898,40.0256,33.9538,,,,,,
2001-03-06,79.6362,41.5828,34.4557,,,,,,
2001-03-07,80.2047,41.5997,34.635,,,,,,
2001-03-08,80.2931,40.8253,34.3481,,,,,,
2001-03-09,77.9182,37.9633,33.7388,,,,,,
2001-03-12,74.5832,35.6064,32.7832,,,,,,
2001-03-13,75.8085,37.4161,33.1245,,,,,,
2001-03-14,74.3116,36.8269,32.3341,,,,,,
2001-03-15,74.3305,35.4801,32.2084,,,,,,
2001-03-16,72.8397,34.6804,31.6156,,,,,,
2001-03-19,74.3216,36.4144,32.4419,,,,,,
2001-03-20,72.3266,33.9649,31.6874,,,,,,
2001-03-21,71.098,33.9649,31.2024,,,,,,
2001-03-22,70.376,36.0272,30.897,,,,,,
2001-03-23,72.504,36.0272,31.7054,,,,,,
2001-03-26,73.4287,35.1939,32.1365,,,,,,
2001-03-27,74.9297,36.406,32.3952,,,,,,
2001-03-28,72.8586,33.4178,31.5258,,,,,,
2001-03-29,73.1373,32.7865,31.5796,,,,,,
2001-03-30,73.9036,32.9548,32.1904,,,,,,
2001-04-02,72.3266,31.4817,31.4359,,,,,,
2001-04-03,69.9136,29.1753,30.3689,,,,,,
2001-04-04,70.205,28.6619,30.4659,,,,,,
2001-04-05,72.865,31.406,31.9389,,,,,,
2001-04-06,71.7566,30.2612,31.0407,,,,,,
2001-04-09,72.5546,31.1871,31.7234,,,,,,
2001-04-10,73.8783,33.502,32.4778,,,,,,
2001-04-11,73.929,34.5121,32.2622,,,,,,
2001-04-12,75.2717,36.0272,32.6574,,,,,,
2001-04-16,74.48,33.8808,32.0682,,,,,,
2001-04-17,75.5313,34.7225,32.5856,,,,,,
2001-04-18,78.5333,38.3421,33.5377,,,,,,
2001-04-19,79.5783,40.6569,33.9113,,,,,,
2001-04-20,78.85,40.7411,33.5161,,,,,,
2001-04-23,77.4187,38.0054,32.9089,,,,,,
2001-04-24,77.0007,37.2899,33.1604,,,,,,
2001-04-25,78.0076,37.9633,33.879,,,,,,
2001-04-26,78.356,36.9953,34.364,,,,,,
2001-04-27,79.6606,38.0054,34.813,,,,,,
2001-04-30,80.218,38.8471,34.849,,,,,,
2001-05-01,80.465,40.4465,35.2801,,,,,,
2001-05-02,80.3193,41.2293,35.1903,,,,,,
2001-05-03,79.2996,39.3943,34.7556,,,,,,
2001-05-04,80.6486,40.5727,35.2442,,,,,,
2001-05-07,79.952,39.731,35.0286,,,,,,
2001-05-08,79.914,40.5727,35.2082,,,,,,
2001-05-09,79.5783,39.1838,34.9927,,,,,,
2001-05-10,79.8127,38.5273,35.0286,,,,,,
2001-05-11,79.2616,38.3421,34.8202,,,,,,
2001-05-14,79.42,37.7276,34.813,,,,,,
2001-05-15,79.7873,38.0054,35.1544,,,,,,
2001-05-16,81.6683,39.6889,35.8298,,,,,,
2001-05-17,81.795,40.3202,36.1998,,,,,,
2001-05-18,82.1686,40.4381,36.3399,,,,,,
2001-05-21,83.3783,42.9717,36.9687,,,,,,
2001-05-22,83.2707,42.8455,37.1483,,,,,,
2001-05-23,81.8583,40.9515,36.2861,,,,,,
2001-05-24,82.099,42.0037,36.6633,,,,,,
2001-05-25,81.13,41.2377,36.3938,,,,,,
2001-05-29,80.484,38.8219,35.9268,,,,,,
2001-05-30,79.3567,37.3993,35.4597,,,,,,
2001-05-31,79.7683,37.6518,35.6034,,,,,,
2001-06-01,80.2623,38.763,36.0238,,,,,,
2001-06-04,80.6486,38.5778,36.4944,,,,,,
2001-06-05,81.5733,40.2781,37.0046,,,,,,
2001-06-06,80.8956,39.9667,36.7711,,,,,,
2001-06-07,81.187,40.9936,36.9255,,,,,,
2001-06-08,80.4333,39.8572,36.7108,,,,,,
2001-06-11,79.8633,38.763,36.2245,,,,,,
2001-06-12,79.724,38.5525,36.3145,,,,,,
2001-06-13,79.04,37.5003,36.2641,,,,,,
2001-06-14,77.2666,35.5643,35.3598,,,,,,
2001-06-15,77.3911,35.8589,35.576,,,,,,
2001-06-18,77.0164,35.3791,35.3058,,,,,,
2001-06-19,77.353,35.2023,35.1977,,,,,,
2001-06-20,77.7595,36.002,35.612,,,,,,
2001-06-21,78.6423,36.4902,35.6625,,,,,,
2001-06-22,78.0263,36.406,35.0176,,,,,,
2001-06-25,77.3085,36.4986,34.7726,,,,,,
2001-06-26,77.2006,36.6249,35.3058,,,,,,
2001-06-27,77.1561,36.8606,35.648,,,,,,
2001-06-28,77.5817,37.332,36.0984,,,,,,
2001-06-29,77.8675,38.4683,36.7108,,,,,,
2001-07-02,78.8392,38.2579,35.8822,,,,,,
2001-07-03,78.8202,38.4178,35.6661,,,,,,
2001-07-05,77.2832,36.5744,35.1977,,,,,,
2001-07-06,75.6127,35.0592,34.5492,,,,,,
2001-07-09,76.0256,35.3623,34.8735,,,,,,
2001-07-10,75.111,34.0912,34.225,,,,,,
2001-07-11,75.1872,34.5121,34.225,,,,,,
2001-07-12,76.9719,36.7006,35.0644,,,,,,
2001-07-13,77.6389,36.3219,35.2338,,,,,,
2001-07-16,76.6671,35.6485,34.6393,,,,,,
2001-07-17,77.3848,36.4481,35.3238,,,,,,
2001-07-18,76.8576,35.0592,34.6573,,,,,,
2001-07-19,77.5308,35.8926,34.9456,,,,,,
2001-07-20,77.0672,35.0592,34.9456,,,,,,
2001-07-23,75.5492,34.1838,34.6934,,,,,,
2001-07-24,74.8188,33.7966,34.1169,,,,,,
2001-07-25,75.6445,34.0912,34.3151,,,,,,
2001-07-26,76.4384,34.5963,34.8194,,,,,,
2001-07-27,76.7306,35.3117,34.7654,,,,,,
2001-07-30,76.756,35.1013,34.7114,,,,,,
2001-07-31,77.0736,35.1518,34.6681,,,,,,
2001-08-01,77.5563,36.2798,35.1977,,,,,,
2001-08-02,77.8738,36.9616,35.0896,,,,,,
2001-08-03,77.4483,36.3471,34.9996,,,,,,
2001-08-06,76.4067,35.7747,34.5132,,,,,,
2001-08-07,76.7052,35.5895,34.5492,,,,,,
2001-08-08,75.2824,34.0912,33.7747,,,,,,
2001-08-09,75.5047,34.2343,34.1169,,,,,,
2001-08-10,75.7652,33.906,34.0809,,,,,,
2001-08-13,75.7842,34.5963,34.3691,,,,,,
2001-08-14,75.7525,34.1754,34.4772,,,,,,
2001-08-15,75.0983,32.9127,34.434,,,,,,
2001-08-16,75.3587,33.2999,34.6573,,,,,,
2001-08-17,74.1519,31.7848,34.1169,,,,,,
2001-08-20,74.8379,32.2225,34.4952,,,,,,
2001-08-21,73.5612,30.8841,33.9008,,,,,,
2001-08-22,74.3235,31.7259,34.3511,,,,,,
2001-08-23,74.0567,31.4144,33.9008,,,,,,
2001-08-24,75.5937,33.0811,34.6213,,,,,,
2001-08-27,75.1427,33.1232,34.4952,21.8562,,,,,
2001-08-28,74.044,32.0878,34.1169,21.6061,,,,,
2001-08-29,73.3834,31.6164,33.9728,21.5075,,,,,
2001-08-30,71.9734,30.4464,33.5441,21.2013,,,,,
2001-08-31,72.5006,30.8336,33.8251,21.2524,,,,,
2001-09-04,72.037,29.8572,33.5045,20.7676,,,,,
2001-09-05,72.2148,29.7393,33.2703,20.6401,,,,,
2001-09-06,70.3539,28.5356,32.4957,20.1723,,,,,
2001-09-07,69.0518,28.3672,31.8941,20.0533,,,,,
2001-09-10,69.8965,28.7039,31.6491,19.8236,,,,,
2001-09-17,66.2445,26.2629,30.082,18.9562,,,,,
2001-09-18,66.0858,25.6736,29.5956,18.8031,,,,,
2001-09-19,64.7519,25.2275,28.8787,18.7521,,,,,
2001-09-20,62.6941,24.3857,27.7799,17.9357,,,,,
2001-09-21,62.0177,23.7292,27.2575,17.4339,,,,,
2001-09-24,64.198,24.9245,28.1006,18.2418,,,,,
2001-09-25,64.8674,25.0002,28.4428,18.4544,,,,,
2001-09-26,64.6379,24.1332,28.0213,18.548,,,,,
2001-09-27,65.1989,23.9733,28.4716,18.8405,,,,,
2001-09-28,66.5823,24.3941,28.8931,19.2079,,,,,
2001-10-01,66.474,24.1837,28.7463,19.1042,,,,,
2001-10-02,67.3091,24.2595,29.0609,19.1716,,,,,
2001-10-03,68.4375,26.0945,29.7226,19.3675,,,,,
2001-10-04,68.4949,26.347,30.0191,19.5736,,,,,
2001-10-05,68.361,26.7342,29.8672,19.6043,,,,,
2001-10-08,67.9147,26.8184,29.596,19.4867,,,,,
2001-10-09,67.5514,26.1703,29.3502,19.4356,,,,,
2001-10-10,69.0559,27.3571,30.3735,19.8274,,,,,
2001-10-11,70.127,29.209,30.8616,19.9637,,,,,
2001-10-12,69.8082,29.0827,30.764,19.9382,,,,,
2001-10-15,69.6807,28.9565,30.8797,19.623,,,,,
2001-10-16,70.1205,29.4279,31.2955,19.8956,,,,,
2001-10-17,68.6288,27.3151,30.4096,19.9126,,,,,
2001-10-18,68.4821,28.0558,30.2144,19.7508,,,,,
2001-10-19,68.4375,28.241,30.5904,19.5549,,,,,
2001-10-22,69.7891,28.9986,30.8652,19.6912,,,,,
2001-10-23,69.4321,29.1501,30.6627,19.8479,,,,,
2001-10-24,69.2471,29.7814,30.8616,20.0472,,,,,
2001-10-25,70.4903,30.9767,31.5486,20.0182,,,,,
2001-10-26,70.331,30.3117,31.5486,20.1477,,,,,
2001-10-29,68.5012,28.6534,30.9159,19.7269,,,,,
2001-10-30,67.6789,28.0979,30.265,19.5038,,,,,
2001-10-31,67.4493,28.5356,30.7712,19.5583,,,,,
2001-11-01,69.177,29.7477,31.3136,19.9705,,,,,
2001-11-02,69.6488,29.9666,31.0967,19.9688,,,,,
2001-11-05,70.5604,30.943,31.5486,20.1681,,,,,
2001-11-06,71.657,32.1467,32.0006,20.3776,,,,,
2001-11-07,71.5613,32.1047,31.7837,20.1937,,,,,
2001-11-08,71.7845,31.7764,31.7113,20.3384,,,,,
2001-11-09,71.861,31.7595,31.6029,20.3044,,,,,
2001-11-12,71.4211,31.9868,31.7294,20.0318,,,,,
2001-11-13,73.0276,33.1316,32.308,20.2158,,,,,
2001-11-14,73.0978,33.3673,32.6298,20.2362,,,,,
2001-11-15,73.2317,33.2326,32.5068,20.3231,,,,,
2001-11-16,72.9065,33.14,32.5394,20.4372,,,,,
2001-11-19,73.8054,34.0828,32.9046,20.5394,,,,,
2001-11-20,73.187,32.5087,32.7165,20.3981,,,,,
2001-11-21,72.7025,32.3403,32.6045,20.3453,,,,,
2001-11-23,73.748,33.0643,33.0781,20.41,,,,,
2001-11-26,73.9074,33.8808,33.2481,20.6076,,,,,
2001-11-27,73.5887,33.8387,33.1396,20.4475,,,,,
2001-11-28,72.2562,32.6181,32.5611,20.0914,,,,,
2001-11-29,73.2317,33.6282,33.5193,20.1357,,,,,
2001-11-30,72.7089,33.3757,33.1215,20.2124,,,,,
2001-12-03,72.2754,32.8033,32.9046,20.0404,,,,,
2001-12-04,73.4994,34.369,33.6639,20.3248,,,,,
2001-12-05,74.8446,36.0693,34.4052,20.8137,,,,,
2001-12-06,74.8063,36.1198,34.8933,20.8784,,,,,
2001-12-07,74.3091,35.1265,34.6294,20.5633,,,,,
2001-12-10,72.9192,34.5121,34.0291,20.1681,,,,,
2001-12-11,72.7726,34.7057,34.2244,20.209,,,,,
2001-12-12,72.8555,34.9835,34.2786,20.2925,,,,,
2001-12-13,71.4402,33.4683,33.6675,19.8121,,,,,
2001-12-14,72.1224,33.7629,34.0519,19.9262,,,,,
2001-12-17,72.8683,34.3437,34.7047,20.163,,,,,
2001-12-18,73.3018,34.731,35.0129,20.2175,,,,,
2001-12-19,73.8182,34.0996,34.741,20.0063,,,,,
2001-12-20,73.0914,32.6518,34.197,19.9092,,,,,
2001-12-21,73.5347,33.2326,34.886,20.0097,,,,,
2001-12-24,73.394,33.0979,35.0492,19.935,,,,,
2001-12-26,73.797,33.4094,35.3574,19.918,,,,,
2001-12-27,74.2448,33.6787,35.5025,20.1822,,,,,
2001-12-28,74.2064,33.9481,35.5387,20.3424,,,,,
2001-12-31,73.1189,32.7528,34.9404,20.3356,,,,,
2002-01-02,73.9057,33.7629,35.2632,20.4481,,,,,
2002-01-03,74.7438,34.9329,35.7527,20.6322,,,,,
2002-01-04,75.2427,35.0761,36.0646,20.7686,,,,,
2002-01-07,74.7118,34.6888,35.4844,20.4924,,,,,
2002-01-08,74.5391,34.9245,35.9014,20.2589,,,,,
2002-01-09,73.9313,34.6047,35.5387,20.0458,,,,,
2002-01-10,74.2576,34.8319,35.7564,20.0936,,,,,
2002-01-11,73.5283,34.3858,35.3212,19.9793,,,,,
2002-01-14,73.0677,33.6367,34.7953,19.7799,,,,,
2002-01-15,73.6626,33.9565,35.0311,19.7646,,,,,
2002-01-16,72.1721,32.6434,34.3203,19.4168,,,,,
2002-01-17,72.7159,33.3757,34.4871,19.6964,,,,,
2002-01-18,72.3833,32.4835,34.0519,19.6879,,,,,
2002-01-22,71.8843,31.4817,33.8344,19.4577,,,,,
2002-01-23,72.4344,32.3488,34.3058,19.5089,,,,,
2002-01-24,72.6583,32.778,34.5778,19.6146,,,,,
2002-01-25,72.6391,32.6855,34.5524,19.335,,,,,
2002-01-28,72.8374,32.8706,34.7772,19.5157,,,,,
2002-01-29,70.5472,31.97,34.1644,18.9736,,,,,
2002-01-30,71.5644,32.2141,34.5923,19.1833,,,,,
2002-01-31,72.4024,32.4161,34.886,19.1594,,,,,
2002-02-01,72.0634,32.1047,34.6866,19.1168,,,,,
2002-02-04,70.2722,31.0777,33.8706,18.96,,,,,
2002-02-05,69.8372,30.5642,33.7401,18.5816,,,,,
2002-02-06,69.5365,30.3538,33.3629,18.5543,,,,,
2002-02-07,69.1015,29.6215,32.9277,18.7606,,,,,
2002-02-08,70.4257,30.4464,33.7981,19.0129,,,,,
2002-02-11,71.2893,30.8336,33.9468,19.2447,,,,,
2002-02-12,71.0654,30.5811,34.0193,19.2362,,,,,
2002-02-13,71.8203,31.103,34.342,19.2617,,,,,
2002-02-14,71.686,31.044,33.9069,19.4151,,,,,
2002-02-15,70.9375,30.1181,33.8561,19.2958,,,,,
2002-02-19,69.5749,29.1922,33.1997,18.8867,,,,,
2002-02-20,70.7456,29.5878,33.7618,18.9719,,,,,
2002-02-21,69.2807,28.1821,33.0402,18.8424,,,,,
2002-02-22,70.1378,28.3252,33.6349,18.9788,,,,,
2002-02-25,71.2958,29.4699,33.8452,19.2174,,,,,
2002-02-26,71.1486,29.3605,34.0048,19.1083,,,,,
2002-02-27,71.4237,28.9565,34.1607,19.3214,,,,,
2002-02-28,71.1038,28.4346,33.7981,19.3896,,,,,
2002-03-01,72.7607,30.0844,34.6322,19.756,,,,,
2002-03-04,74.0464,31.2713,35.1761,20.4311,,,,,
2002-03-05,73.8098,31.4986,35.2559,20.206,,,,,
2002-03-06,74.6862,31.6501,35.6838,20.4157,,,,,
2002-03-07,74.5263,31.7174,35.7201,20.7328,,,,,
2002-03-08,74.8397,32.5508,36.0813,20.7634,,,,,
2002-03-11,74.9996,32.4329,36.0886,20.7958,,,,,
2002-03-12,74.9549,31.9868,36.0305,20.5572,,,,,
2002-03-13,74.232,31.2124,35.7255,20.3356,,,,,
2002-03-14,74.1296,31.0272,35.8889,20.5367,,,,,
2002-03-15,74.836,31.3386,36.0341,20.7652,,,,,
2002-03-18,74.8488,31.5154,36.2375,20.7413,,,,,
2002-03-19,75.3492,31.4649,36.4698,20.8453,,,,,
2002-03-20,73.9314,30.3538,35.8962,20.5777,,,,,
2002-03-21,73.9635,31.1619,36.4988,20.6305,,,,,
2002-03-22,73.8031,30.8757,36.2338,20.4481,,,,,
2002-03-25,72.8857,29.9329,35.7945,20.1958,,,,,
2002-03-26,73.3091,30.2107,36.1975,20.3237,,,,,
2002-03-27,73.5016,29.975,36.5352,20.3544,,,,,
2002-03-28,73.4695,30.3538,36.3427,20.472,,,,,
2002-04-01,73.5016,30.9346,36.379,20.5862,,,,,
2002-04-02,73.0974,29.5373,36.1467,20.5061,,,,,
2002-04-03,72.5841,29.4868,35.8889,20.5095,,,,,
2002-04-04,72.2826,29.2595,36.0305,20.4805,,,,,
2002-04-05,72.2955,28.9312,35.9797,20.4805,,,,,
2002-04-08,72.4494,29.2932,36.4299,20.2436,,,,,
2002-04-09,71.9426,28.2746,36.2955,20.2129,,,,,
2002-04-10,72.7574,28.4851,36.9963,20.4771,,,,,
2002-04-11,70.9483,27.778,36.4045,20.022,,,,,
2002-04-12,71.4807,28.2157,37.2141,20.2265,,,,,
2002-04-15,70.9354,28.443,36.9418,20.3697,,,,,
2002-04-16,72.6227,29.6299,37.8676,20.7515,,,,,
2002-04-17,72.4687,29.4784,37.5481,20.7788,,,,,
2002-04-18,72.1543,28.9144,37.3884,20.8453,,,,,
2002-04-19,72.4174,29.007,37.3593,20.9288,,,,,
2002-04-22,71.2113,28.2746,36.8655,20.7822,,,,,
2002-04-23,70.9033,27.7864,36.9963,20.7277,,,,,
2002-04-24,70.1912,27.3571,36.684,20.6254,,,,,
2002-04-25,70.2297,27.2898,36.782,20.8129,,,,,
2002-04-26,68.8953,26.1282,36.0777,20.6288,,,,,
2002-04-29,68.5553,26.1955,36.1866,20.5742,,,,,
2002-04-30,69.1968,26.709,36.7784,20.7839,,,,,
2002-05-01,70.0436,26.5659,37.0326,20.893,,,,,
2002-05-02,69.7742,25.682,37.1596,20.8368,,,,,
2002-05-03,69.0172,25.0339,36.9963,20.9782,,,,,
2002-05-06,67.6635,24.3857,36.2883,20.7618,,,,,
2002-05-07,67.4261,24.1585,36.0269,20.489,,,,,
2002-05-08,69.9346,26.7427,36.8873,20.9407,,,,,
2002-05-09,69.1263,26.0524,36.2157,20.8385,,,,,
2002-05-10,67.8239,24.8824,35.6275,20.6663,,,,,
2002-05-13,69.2032,25.8925,36.0886,20.9731,,,,,
2002-05-14,70.7109,27.4161,37.1778,20.997,,,,,
2002-05-15,70.435,27.6181,37.1415,21.0856,,,,,
2002-05-16,70.8007,27.6602,36.7022,21.193,,,,,
2002-05-17,71.1471,27.7191,36.8147,21.3822,,,,,
2002-05-20,70.3772,27.113,36.35,21.2731,,,,,
2002-05-21,69.7357,26.3723,35.7981,21.2407,,,,,
2002-05-22,69.8897,26.4312,35.5803,21.2816,,,,,
2002-05-23,70.6339,26.9615,36.2883,21.3021,,,,,
2002-05-24,69.7293,26.2965,35.7146,21.1623,,,,,
2002-05-28,69.3508,26.1787,35.6239,21.1197,,,,,
2002-05-29,68.8376,25.4884,35.1701,21.0993,,,,,
2002-05-30,68.6451,25.7073,35.2971,21.0055,,,,,
2002-05-31,68.7862,25.2864,35.0357,20.8947,,,,,
2002-06-03,66.9578,24.3941,34.2188,20.8555,,,,,
2002-06-04,67.1246,24.714,34.2261,20.7362,,,,,
2002-06-05,67.7534,24.9665,34.3459,20.6936,,,,,
2002-06-06,66.374,24.31,33.6778,20.489,,,,,
2002-06-07,66.2971,23.8217,33.9828,20.3271,,,,,
2002-06-10,66.5536,23.7797,33.9465,20.3936,,,,,
2002-06-11,65.4117,23.1147,33.4019,20.293,,,,,
2002-06-12,65.8094,23.4514,33.5108,20.1805,,,,,
2002-06-13,65.1487,23.2999,33.0388,19.8413,,,,,
2002-06-14,65.0524,23.2494,33.3086,19.6129,,,,,
2002-06-17,66.7975,24.0406,34.084,19.9231,,,,,
2002-06-18,67.3428,24.4278,34.1786,19.9708,,,,,
2002-06-19,65.771,23.0137,33.4906,19.4322,,,,,
2002-06-20,64.9305,22.2729,33.4178,19.3418,,,,,
2002-06-21,63.9153,21.7342,33.345,19.364,,,,,
2002-06-24,64.2501,22.1635,33.2394,19.3657,,,,,
2002-06-25,62.808,21.4312,32.7698,19.381,,,,,
2002-06-26,62.911,21.5911,32.7516,19.3844,,,,,
2002-06-27,64.0119,22.0625,33.3814,19.8634,,,,,
2002-06-28,63.7093,21.9699,32.9992,20.2078,,,,,
2002-07-01,62.4668,20.9177,32.3257,20.0458,,,,,
2002-07-02,61.1406,20.1601,31.3538,19.6793,,,,,
2002-07-03,61.4882,20.8335,30.9788,19.4918,,,,,
2002-07-05,63.9346,22.1719,32.0054,20.2487,,,,,
2002-07-08,63.1364,21.3638,31.3428,20.2333,,,,,
2002-07-09,61.5462,20.7578,31.2227,19.9862,,,,,
2002-07-10,59.3058,20.118,30.3636,19.4254,,,,,
2002-07-11,59.7886,20.8756,30.127,19.347,,,,,
2002-07-12,59.1319,20.8756,29.8685,19.0827,,,,,
2002-07-15,59.4474,21.5238,29.6829,18.8594,,,,,
2002-07-16,58.3015,21.2039,29.4863,18.4947,,,,,
2002-07-17,58.4174,21.5911,29.7593,18.9634,,,,,
2002-07-18,56.5246,20.8167,28.7218,19.0384,,,,,
2002-07-19,54.5353,20.1938,28.1212,18.3651,,,,,
2002-07-22,52.9194,19.6971,27.5606,17.702,,,,,
2002-07-23,51.4708,18.8554,26.119,17.1992,,,,,
2002-07-24,54.5417,19.8823,27.6662,17.8145,,,,,
2002-07-25,54.0782,18.7291,27.4477,17.6253,,,,,
2002-07-26,55.1083,19.0827,27.8846,17.6253,,,,,
2002-07-29,57.7929,20.0591,28.9585,18.4691,,,,,
2002-07-30,58.5461,20.4631,29.0458,18.3515,,35.413,,50.7204,
2002-07-31,58.6877,20.0759,28.5944,18.2816,,35.8518,,50.8769,
2002-08-01,57.1555,19.1332,28.1758,17.6424,,36.056,,50.9771,
2002-08-02,55.8744,18.7291,27.2912,17.5742,,36.4252,,51.0773,
2002-08-05,53.9301,18.0473,26.5631,16.9776,,36.5859,,51.1587,
2002-08-06,55.7456,18.9396,27.7208,17.3492,,36.2732,,51.0334,
2002-08-07,56.7178,19.1921,27.8263,17.685,,36.3601,,51.1086,
2002-08-08,58.5525,19.8402,28.2741,18.0856,,36.3601,,51.0334,
2002-08-09,58.7714,19.6382,28.0338,18.256,,36.8726,,51.0459,
2002-08-12,58.3401,19.6971,28.103,18.0515,,37.0985,,51.0398,
2002-08-13,57.2778,19.0237,27.3021,17.8793,,37.5547,,51.1274,
2002-08-14,59.3701,20.2359,28.2777,18.2986,,37.698,,51.0147,
2002-08-15,60.1942,20.6483,28.3069,18.4435,,37.3679,,50.9708,
2002-08-16,60.0139,20.7914,28.74,18.4435,,36.9508,,50.9395,
2002-08-19,61.4174,21.2965,29.1405,18.7759,,37.0638,,50.9458,
2002-08-20,60.7672,21.2039,28.9949,18.2731,,37.4765,,51.0648,
2002-08-21,61.6427,21.6753,29.5882,18.7333,,37.2766,,51.0209,
2002-08-22,62.2415,22.0204,29.7775,18.7878,,36.9508,,50.9646,
2002-08-23,60.9024,21.1702,28.9949,18.5543,,37.3157,,51.0272,
2002-08-26,61.3273,21.2544,29.5227,18.6396,,37.3505,,51.0209,
2002-08-27,60.6191,20.5136,28.9585,18.8032,,37.1159,,50.9833,
2002-08-28,59.2929,19.7645,28.3942,18.2901,,37.3027,,51.0209,
2002-08-29,59.3186,20.0254,28.6053,18.1111,,37.6025,,51.0773,
2002-08-30,59.0869,19.7729,28.4124,18.1026,,37.8283,,51.0961,
2002-09-03,56.8337,19.0574,27.5752,17.3952,,38.4099,,51.2171,
2002-09-04,57.6448,19.1332,28.1576,17.3986,,38.4012,,51.1983,
2002-09-05,57.1555,18.6618,27.5934,17.2674,,38.6106,,51.2547,
2002-09-06,57.9409,19.2342,28.5034,17.5196,,38.1569,,51.1543,
2002-09-09,58.3659,19.4278,28.4161,17.4412,,38.1002,,51.0854,
2002-09-10,59.0354,19.9076,28.5944,17.5742,,38.2834,,51.1167,
2002-09-11,58.6684,19.7392,28.5034,17.7378,,38.0827,,51.0854,
2002-09-12,57.5869,19.2005,28.0302,17.4446,,38.3793,,51.1231,
2002-09-13,57.7285,19.352,28.3794,17.0151,,38.7327,,51.1607,
2002-09-16,57.8701,19.0742,28.0506,16.8753,,38.7982,,51.1418,
2002-09-17,56.5439,18.6702,27.6671,16.7901,,38.8724,,51.1795,
2002-09-18,55.9774,18.4598,27.5941,16.7816,,38.8811,,51.1732,
2002-09-19,54.5289,18.1651,26.586,16.4918,,39.1429,,51.2798,
2002-09-20,54.547,18.2409,26.6992,16.4014,,38.9596,,51.286,
2002-09-23,54.1008,17.6938,26.0418,15.8185,,39.3086,,51.2986,
2002-09-24,53.2277,17.7022,25.8409,15.5628,,39.5617,,51.3237,
2002-09-25,54.547,18.4092,26.6262,15.9548,,39.0818,,51.2735,
2002-09-26,55.4394,18.182,26.9768,16.5173,,38.9901,,51.2924,
2002-09-27,53.5123,17.9379,26.3157,16.5122,,39.2825,,51.399,
2002-09-30,52.8915,17.4412,26.1331,16.2276,,39.4395,,51.4743,
2002-10-01,55.4329,18.5018,26.9732,16.6247,,38.9503,,51.4114,
2002-10-02,53.771,17.8874,26.3157,16.3963,,39.1737,,51.4554,
2002-10-03,53.2277,17.4581,26.0309,16.2156,,39.0774,,51.4616,
2002-10-04,52.2513,17.1298,25.3113,15.9378,,39.2,,51.4177,
2002-10-07,51.1713,16.9698,24.632,15.5457,,39.2657,,51.4805,
2002-10-08,51.9732,17.0035,24.8182,15.5867,,39.2788,,51.4303,
2002-10-09,50.5053,16.8857,23.7773,15.3412,,39.4802,,51.5371,
2002-10-10,52.1413,17.7443,24.4713,15.6992,,39.1693,,51.4868,
2002-10-11,54.4241,18.7039,25.0922,16.2702,,38.7051,,51.4051,
2002-10-14,54.728,18.9227,25.2602,15.8526,,38.6482,,51.4177,
2002-10-15,57.36,19.8318,26.2792,16.9605,,37.7328,,51.223,
2002-10-16,55.9696,19.1752,25.6218,16.6622,,37.7504,,51.2418,
2002-10-17,57.0819,19.8234,26.3888,16.9009,,37.2906,,51.1979,
2002-10-18,57.3212,20.0423,26.4436,16.7645,,37.3869,,51.2418,
2002-10-21,58.3107,20.4463,26.7905,17.0032,,37.0234,,51.1288,
2002-10-22,57.8903,20.32,26.4472,16.8088,,36.9183,,51.1225,
2002-10-23,58.33,20.7072,26.8672,16.6537,,36.9314,,51.1602,
2002-10-24,57.1402,20.1854,26.6079,16.4918,,37.2555,,51.2481,
2002-10-25,58.33,20.7914,27.1887,16.773,,37.3913,,51.336,
2002-10-28,57.9485,20.6147,26.8819,16.8497,,37.3387,,51.4051,
2002-10-29,57.276,20.1349,26.8052,16.4747,,37.8248,,51.5182,
2002-10-30,57.8321,20.6736,27.2654,16.7389,,37.8117,,51.5119,
2002-10-31,57.2436,20.6652,27.2106,16.8497,,37.9825,,51.5998,
2002-11-01,58.3753,21.2544,27.8497,17.1122,,37.8237,,51.545,
2002-11-04,58.9314,21.8015,28.0908,17.3356,,37.6565,,51.4947,
2002-11-05,59.397,21.9699,28.1383,17.5998,,37.5113,,51.4885,
2002-11-06,60.1666,22.2813,28.6168,17.6083,,37.6609,,51.5074,
2002-11-07,58.6922,21.4985,27.9374,17.31,,38.5935,,51.5325,
2002-11-08,57.9744,21.1029,27.5576,17.1651,,38.9059,,51.5136,
2002-11-11,57.0755,20.4631,26.8892,16.8293,,39.117,,51.5639,
2002-11-12,57.5282,20.985,27.3202,17.1395,,38.8927,,51.5765,
2002-11-13,57.5864,21.2375,27.4662,16.9435,,38.9762,,51.5828,
2002-11-14,58.6728,21.9699,28.0616,17.3219,,38.1668,,51.457,
2002-11-15,59.1061,22.2561,28.0506,17.5827,,38.3208,,51.4822,
2002-11-18,58.5111,21.9278,27.8351,17.3611,,38.4924,,51.4822,
2002-11-19,58.4335,21.5911,27.7365,17.1992,,38.6331,,51.4696,
2002-11-20,59.7333,22.5086,28.4707,17.4378,,38.2548,,51.4256,
2002-11-21,60.8456,23.342,29.0258,17.864,,37.8853,,51.3564,
2002-11-22,60.4123,23.3335,29.2267,17.7787,,37.8501,,51.3376,
2002-11-25,60.4511,23.5608,29.4203,17.6407,,37.7797,,51.369,
2002-11-26,59.3,22.7696,29.0916,17.2282,,38.2548,,51.4633,
2002-11-27,60.9685,23.4935,29.8842,17.7054,,37.3926,,51.3753,
2002-11-29,60.7745,23.3335,29.5153,17.7958,,37.6345,,51.4004,
2002-12-02,60.8715,23.5692,29.7417,17.8844,,37.6694,,51.4193,
2002-12-03,60.0567,22.8706,29.2194,17.5674,,37.7225,,51.4382,
2002-12-04,59.785,22.3655,28.9309,17.4873,,37.9169,,51.4697,
2002-12-05,59.1254,22.0541,28.7957,17.2912,,38.0141,,51.5138,
2002-12-06,59.5134,22.2813,28.9126,17.4123,,38.0804,,51.5642,
2002-12-09,57.8773,21.2291,28.1456,16.9657,,38.2925,,51.5768,
2002-12-10,58.6534,21.549,28.6935,17.1958,,38.3942,,51.5705,
2002-12-11,58.7051,21.65,28.7263,17.1736,,38.6505,,51.6146,
2002-12-12,58.6987,21.7679,28.8432,17.1395,,38.6152,,51.6336,
2002-12-13,57.7739,21.0776,28.278,16.9776,,38.2395,,51.5957,
2002-12-16,59.2677,21.7594,28.7845,17.3441,,37.9523,,51.5705,
2002-12-17,58.7504,21.8268,28.4799,17.2571,,37.9523,,51.6209,
2002-12-18,58.0714,21.3638,28.0248,16.8924,,38.2484,,51.7028,
2002-12-19,57.6575,21.0945,27.9551,16.9861,,38.5886,,51.7595,
2002-12-20,58.4802,21.3133,28.2707,17.0884,,38.6152,,51.7343,
2002-12-23,58.4997,21.6079,28.4615,17.12,,38.624,,51.7406,
2002-12-24,58.0643,21.3386,28.4065,17.0887,,38.8406,,51.7973,
2002-12-26,58.0903,21.2796,28.4065,17.1461,,38.9157,,51.8351,
2002-12-27,56.7841,20.8924,27.944,16.8768,,39.3443,,51.8981,
2002-12-30,57.2585,20.7325,27.856,17.1287,,39.4371,,51.9044,
2002-12-31,57.3365,20.5136,27.8229,17.1999,,39.3377,,51.9416,
2003-01-02,59.1821,21.3807,28.59,17.563,,38.3206,,51.746,
2003-01-03,59.364,21.6163,28.5423,17.5804,,38.4094,,51.7523,
2003-01-06,60.4102,22.1551,28.8762,17.7975,,38.3072,,51.7207,
2003-01-07,60.2608,22.4328,28.7258,17.5196,,38.4449,,51.7586,
2003-01-08,59.39,21.8015,28.4395,17.2816,,38.6359,,51.8027,
2003-01-09,60.3128,22.4749,28.8579,17.4935,,37.8942,,51.7081,
2003-01-10,60.4752,22.8116,28.9203,17.4709,,37.9919,,51.7776,
2003-01-13,60.4557,22.677,28.9863,17.5074,,38.0541,,51.7649,
2003-01-14,60.6507,22.7948,29.0047,17.6412,,38.1873,,51.7839,
2003-01-15,60.0463,22.5086,28.9386,17.4727,,38.3739,,51.8027,
2003-01-16,59.7994,22.2561,28.8983,17.5456,,38.4271,,51.8343,
2003-01-17,58.9156,21.3049,28.3551,17.3615,,38.6181,,51.8217,
2003-01-21,57.9993,21.0692,27.944,17.0557,,38.8402,,51.8848,
2003-01-22,57.2974,20.985,27.7018,16.816,,39.0312,,51.9227,
2003-01-23,57.6484,21.4732,27.8743,16.9341,,38.8402,,51.8912,
2003-01-24,56.1342,20.8924,27.2981,16.7552,,39.0711,,51.8848,
2003-01-27,55.3674,20.6483,26.8834,16.3087,,38.929,,51.8848,
2003-01-28,55.7768,20.8588,27.1036,16.3782,,38.929,,51.8975,
2003-01-29,56.1992,21.1702,27.3091,16.3383,,38.7158,,51.8533,
2003-01-30,54.867,20.6231,26.865,16.3278,,39.0045,,51.9164,
2003-01-31,55.9263,20.5726,27.2467,16.4599,,39.1111,,51.9038,
2003-02-03,56.0367,20.6147,27.0119,16.7187,,39.1682,,51.8734,
2003-02-04,55.4844,20.3621,27.0119,16.4772,,39.342,,51.9303,
2003-02-05,55.1399,20.2695,26.81,16.505,,39.0033,,51.9113,
2003-02-06,54.88,20.379,26.6632,16.3452,,39.3197,,51.9366,
2003-02-07,54.2107,20.0423,26.1751,16.109,,39.4089,,51.9809,
2003-02-10,54.5941,20.219,26.4467,16.1645,,39.1325,,51.9429,
2003-02-11,54.2172,20.3284,26.3733,16.2427,,39.1236,,51.9619,
2003-02-12,53.3528,20.0507,26.0026,16.0707,,39.2618,,52.0062,
2003-02-13,53.5153,20.1517,25.9328,16.307,,39.4757,,52.0504,
2003-02-14,54.685,20.6147,26.1677,16.4616,,39.137,,52.0062,
2003-02-18,55.6469,21.2544,26.6926,16.7031,,39.186,,51.9872,
2003-02-19,55.3544,21.1113,26.3696,16.3122,,39.4534,,52.0124,
2003-02-20,54.802,21.0271,26.3145,16.3296,,39.5871,,52.0441,
2003-02-21,55.3544,21.187,26.5421,16.4338,,39.3554,,51.9998,
2003-02-24,54.4576,20.8251,26.1347,16.234,,39.5425,,52.0251,
2003-02-25,54.893,20.8503,26.3733,16.0343,,39.7253,,52.0567,
2003-02-26,54.0937,20.3874,26.2411,15.8432,,40.0016,,52.082,
2003-02-27,54.8085,20.8503,26.3843,15.8658,,40.0685,,52.082,
2003-02-28,55.1724,21.1786,26.4283,16.1124,,40.3225,,52.1073,
2003-03-03,54.6461,20.7493,26.3476,16.1819,,40.3718,,52.1244,
2003-03-04,53.7753,20.6231,26.0062,15.9474,,40.3986,,52.118,
2003-03-05,54.2302,20.6652,26.0576,15.9735,,40.5328,,52.1623,
2003-03-06,53.7753,20.6147,25.8448,15.7911,,40.3762,,52.1813,
2003-03-07,54.1457,20.6567,25.9146,15.6764,,40.5149,,52.2319,
2003-03-10,52.846,20.2106,25.4696,15.2421,,40.7252,,52.2825,
2003-03-11,52.3261,20.0338,25.2893,15.1917,,40.6536,,52.2382,
2003-03-12,52.677,20.3958,25.3445,15.0163,,40.8012,,52.2002,
2003-03-13,54.4966,21.5658,26.0287,15.4454,,40.0496,,52.0421,
2003-03-14,54.6721,21.65,26.0618,15.5218,,40.2465,,52.0927,
2003-03-17,56.3942,22.3908,26.665,15.9596,,39.7633,,52.0294,
2003-03-18,56.7256,22.6685,27.0145,16.0273,,39.3875,,51.9851,
2003-03-19,57.161,22.4749,26.9483,16.1124,,39.0967,,51.9724,
2003-03-20,57.2845,22.5591,27.1248,16.2149,,39.0341,,52.0358,
2003-03-21,58.5072,22.8706,27.5037,16.6075,,38.4972,,51.9029,
2003-03-24,56.5628,21.9194,26.9152,16.069,,39.1057,,52.0168,
2003-03-25,57.1044,22.2308,27.2021,16.2479,,39.0609,,52.0168,
2003-03-26,56.8173,22.3571,26.8674,16.2566,,39.1414,,52.08,
2003-03-27,56.863,22.1972,27.0476,16.1472,,39.1683,,52.0927,
2003-03-28,56.5759,21.9531,27.0366,16.0429,,39.2578,,52.1623,
2003-03-31,55.2905,21.2544,26.4848,15.7389,,39.7722,,52.2002,
2003-04-01,56.1387,21.4227,26.9446,15.9839,,39.659,,52.1889,
2003-04-02,57.4958,22.012,27.4817,16.2479,,39.2457,,52.1319,
2003-04-03,57.2218,22.2897,27.4964,16.1576,,39.2232,,52.1635,
2003-04-04,57.5611,21.9278,27.4155,16.3747,,39.1109,,52.1508,
2003-04-07,57.4502,21.9615,27.4338,16.5867,,39.021,,52.1192,
2003-04-08,57.5415,21.9362,27.4559,16.5902,,39.3355,,52.1698,
2003-04-09,56.7847,21.4312,27.3051,16.5276,,39.4524,,52.2015,
2003-04-10,57.0979,21.6921,27.3125,16.4425,,39.2681,,52.1319,
2003-04-11,56.863,21.4732,27.1616,16.3487,,39.2053,,52.1065,
2003-04-14,58.0374,21.911,27.6545,16.5971,7.1993,39.0974,,52.0621,
2003-04-15,58.579,22.1214,27.9525,16.8247,7.2848,39.3086,,52.1002,
2003-04-16,57.5807,22.0709,27.6619,16.7135,7.3689,39.4703,,52.1065,
2003-04-17,58.4354,22.5759,28.0849,16.955,7.4217,39.5333,,52.0621,
2003-04-21,58.4941,22.6601,28.2762,16.8959,7.4188,39.4478,,52.0938,
2003-04-22,59.5968,23.0894,28.6661,17.1408,7.4438,39.4254,,52.0875,
2003-04-23,60.1449,23.2578,28.9677,17.292,7.4787,39.5063,,52.1255,
2003-04-24,59.6099,23.1315,28.8206,17.1565,7.3311,39.8612,,52.1761,
2003-04-25,58.8726,22.6854,28.416,16.8525,7.21,39.951,,52.2269,
2003-04-28,59.8905,23.1315,28.9199,17.1513,7.329,39.8882,,52.2142,
2003-04-29,60.0992,23.342,29.1149,17.2503,7.5379,39.8208,,52.1761,
2003-04-30,59.9688,23.1063,29.2069,17.3389,7.5165,40.1892,,52.2839,
2003-05-01,59.9622,23.3083,29.1701,17.4101,7.4873,40.2086,,52.2839,
2003-05-02,60.8169,23.8049,29.9058,17.5612,7.602,39.8924,,52.2268,
2003-05-05,60.6995,23.7797,30.0419,17.695,7.684,40.1047,,52.2649,
2003-05-06,61.2737,24.0827,30.3288,18.0685,7.7232,40.3035,,52.341,
2003-05-07,60.9344,23.8133,30.1449,17.9017,7.7089,40.7732,,52.3537,
2003-05-08,60.3211,23.3756,29.8947,17.6325,7.6412,40.8726,,52.3284,
2003-05-09,61.1563,23.9143,30.3251,17.8548,7.731,40.9132,,52.3156,
2003-05-12,61.9066,24.2763,30.6562,17.9973,7.8387,41.1707,,52.3537,
2003-05-13,61.7957,24.1248,30.8364,17.9955,7.7945,41.2611,,52.341,
2003-05-14,61.6652,24.0743,30.818,18.0008,7.7553,41.8934,,52.3728,
2003-05-15,62.0566,24.3436,30.9394,18.032,7.771,42.0244,,52.3537,
2003-05-16,61.9,24.1585,30.5568,18.2544,7.7766,42.3315,,52.4108,
2003-05-19,60.4516,23.3083,30.0271,17.761,7.5913,42.187,,52.4236,
2003-05-20,60.3276,23.3756,30.0198,17.9382,7.6291,42.8103,,52.4934,
2003-05-21,60.4516,23.3083,30.1338,17.7523,7.6355,42.8058,,52.4236,
2003-05-22,61.0518,23.645,30.4391,17.9903,7.7047,43.1852,,52.4426,
2003-05-23,61.1758,23.6534,30.6782,18.0928,7.7838,43.2936,,52.4617,
2003-05-27,62.2459,24.4952,31.3992,18.2492,8.0625,42.5122,,52.4426,
2003-05-28,62.422,24.5709,31.6126,18.336,8.0974,42.4399,,52.4743,
2003-05-29,62.2589,24.6719,31.8149,18.4229,8.1081,42.8103,,52.4934,
2003-05-30,63.2572,25.076,32.3813,18.4576,8.2022,42.729,,52.4743,
2003-06-02,63.5182,24.8992,32.5506,18.6296,8.2614,42.4151,,52.447,
2003-06-03,63.7792,25.1349,32.6536,18.6748,8.1986,42.7553,,52.5487,
2003-06-04,64.6992,25.6063,33.0986,18.7877,8.3041,42.8823,,52.5932,
2003-06-05,65.0189,25.7915,33.6394,18.9771,8.3127,42.5467,,52.5614,
2003-06-06,64.7644,25.3622,33.2531,19.0917,8.3904,42.7009,,52.5487,
2003-06-09,64.1054,25.0255,32.6352,18.9545,8.3184,42.9866,,52.6186,
2003-06-10,64.7579,25.4043,33.1244,19.1074,8.4039,43.4992,,52.6758,
2003-06-11,65.443,25.6905,33.4371,19.4218,8.411,43.4447,,52.6377,
2003-06-12,65.6452,25.7999,33.6247,19.4739,8.4745,43.785,,52.6694,
2003-06-13,64.9601,25.2191,33.0278,19.361,8.4716,44.0798,,52.7139,
2003-06-16,66.3303,25.9935,33.5841,19.6441,8.5629,43.6625,,52.6504,
2003-06-17,66.3303,25.8925,33.6541,19.6841,8.7389,43.3178,,52.5741,
2003-06-18,66.2716,26.0272,33.632,19.6285,8.7069,42.7644,,52.5805,
2003-06-19,65.2602,25.6063,33.1752,19.3957,8.7069,42.6827,,52.6313,
2003-06-20,65.1162,25.5726,32.8915,19.4218,8.7069,42.524,,52.6186,
2003-06-23,64.4483,25.177,32.3056,19.2064,8.493,42.778,,52.6694,
2003-06-24,64.5138,24.9834,32.2946,19.0552,8.4303,43.1726,,52.7076,
2003-06-25,63.8655,24.8487,32.5119,18.8659,8.5001,42.4832,,52.5995,
2003-06-26,64.6971,25.4379,33.0683,18.9527,8.5921,41.9116,,52.5042,
2003-06-27,63.9506,25.1096,32.8583,18.8103,8.5522,41.7619,,52.5169,
2003-06-30,63.931,25.2106,32.7551,18.8155,8.5465,41.957,,52.5614,
2003-07-01,64.5203,25.5473,32.9799,18.9267,8.6391,41.7489,,52.5626,
2003-07-02,65.3323,26.0692,33.8052,19.3002,8.8423,41.8536,,52.5881,
2003-07-03,64.6578,25.741,33.5141,19.1959,8.8672,41.2526,,52.5308,
2003-07-07,65.9413,26.8437,34.2105,19.5486,9.0868,40.9885,,52.5181,
2003-07-08,66.236,27.172,34.8184,19.4565,9.1124,41.0249,,52.499,
2003-07-09,65.8627,27.1046,35.0764,19.3558,9.0911,41.157,,52.5118,
2003-07-10,65.0245,26.5996,34.391,19.2567,8.9314,41.1433,,52.5563,
2003-07-11,65.6401,26.8016,34.8663,19.215,9.0062,41.3391,,52.5754,
2003-07-14,65.9609,27.1214,35.1537,19.4218,9.1645,40.8656,,52.5308,
2003-07-15,65.8169,27.1551,35.0579,19.2394,9.049,39.9094,,52.4672,
2003-07-16,65.4305,27.0709,34.8663,19.0952,9.0561,40.137,,52.4736,
2003-07-17,64.5007,26.246,33.761,18.7964,8.8195,40.0141,,52.4418,
2003-07-18,65.162,26.3302,33.9894,19.0917,8.9371,39.9322,,52.4354,
2003-07-21,64.3566,25.9935,33.6947,18.9458,8.8188,39.0852,,52.3463,
2003-07-22,64.9394,26.3807,34.0889,18.9006,8.9243,39.2765,,52.3973,
2003-07-23,64.9852,26.5996,34.321,19.1803,8.8672,39.4085,,52.4227,
2003-07-24,64.4941,26.246,34.2547,19.2116,8.91,39.0625,,52.4163,
2003-07-25,65.6335,26.7679,34.5053,19.453,9.0561,38.9577,,52.4418,
2003-07-28,65.3912,26.8437,34.929,19.5034,9.106,38.4341,,52.3718,
2003-07-29,65.09,26.6416,34.9474,19.4218,9.0547,37.9105,,52.3273,
2003-07-30,64.9329,26.448,34.8148,19.2602,8.9884,38.3385,,52.3527,
2003-07-31,65.0835,26.7679,34.8848,19.1004,9.0312,37.7693,,52.2954,
2003-08-01,64.5073,26.4817,34.3947,19.0969,9.0511,37.741,,52.2394,
2003-08-04,64.5073,26.4733,34.0484,19.1525,9.0112,38.0657,,52.3222,
2003-08-05,63.1386,25.4295,33.4589,18.9736,8.9143,37.5214,,52.2266,
2003-08-06,63.5053,25.4127,33.3078,18.9441,8.8744,38.2624,,52.2776,
2003-08-07,64.1732,25.5137,33.4183,19.057,8.9392,38.4225,,52.3349,
2003-08-08,64.3566,25.3117,33.3446,19.116,8.9991,38.267,,52.3477,
2003-08-11,64.5989,25.5894,33.8052,19.3002,9.0383,38.0749,,52.2776,
2003-08-12,65.1883,25.9767,34.3726,19.3818,9.074,37.8965,,52.3668,
2003-08-13,64.8543,25.9851,34.4868,19.3957,9.2023,37.1646,,52.2648,
2003-08-14,65.0311,26.0103,34.7116,19.6719,9.3234,37.5306,,52.2521,
2003-08-15,65.2341,26.2376,34.7226,19.6268,9.2308,37.5077,,52.2904,
2003-08-18,65.7972,26.911,35.4117,19.8995,9.4275,37.6815,,52.284,
2003-08-19,66.0461,27.2477,36.0749,19.8561,9.4738,38.2624,,52.3477,
2003-08-20,65.7776,27.1804,36.0564,19.8196,9.4753,38.0566,,52.3095,
2003-08-21,65.9871,27.475,36.3512,19.8561,9.6492,37.9651,,52.233,
2003-08-22,65.3323,27.3066,35.7101,19.7414,9.6984,38.1344,,52.2203,
2003-08-25,65.4371,27.3656,35.6769,19.6615,9.6228,37.8371,,52.1948,
2003-08-26,65.5549,27.3908,35.8133,19.559,9.5052,38.1344,,52.2521,
2003-08-27,65.5746,27.6097,36.1633,19.5938,9.6157,37.9605,,52.2011,
2003-08-28,65.9806,27.8538,36.4028,19.7084,9.6827,38.3539,,52.2776,
2003-08-29,66.4259,28.1063,36.5538,19.7293,9.7525,38.2624,,52.2712,
2003-09-02,67.3164,28.5104,37.3976,20.0281,9.8972,37.7028,,52.203,
2003-09-03,67.6831,28.4935,37.556,20.2904,9.9756,37.7625,,52.2412,
2003-09-04,67.7159,28.7545,37.7108,20.2661,10.0113,37.9739,,52.3114,
2003-09-05,67.3361,28.5693,37.4713,20.306,10.002,38.6263,,52.49,
2003-09-08,67.8927,29.0406,37.9908,20.3963,10.1916,38.2266,,52.4262,
2003-09-09,67.4474,28.6955,37.7108,20.4363,10.0148,38.5022,,52.5155,
2003-09-10,66.7664,28.0053,36.9665,20.2296,9.848,38.8928,,52.5474,
2003-09-11,66.9628,28.3167,37.2871,20.3425,9.8366,38.6401,,52.5091,
2003-09-12,67.0873,28.4683,37.4521,20.4293,9.9065,38.9066,,52.5538,
2003-09-15,66.8515,28.1905,37.3598,20.4884,9.7604,38.8469,,52.6048,
2003-09-16,67.8272,28.9565,37.9175,20.6917,9.9614,38.7871,,52.6112,
2003-09-17,67.6963,28.8386,37.9064,20.8272,9.9186,39.2696,,52.6048,
2003-09-18,68.4951,29.2763,38.3016,21.046,10.0327,39.2971,,52.5538,
2003-09-19,68.1468,29.108,38.2609,20.9679,9.9863,39.3431,,52.5538,
2003-09-22,67.4106,28.5524,37.7365,20.7316,9.8231,39.0306,,52.5729,
2003-09-23,67.6669,29.0575,38.2498,20.7785,9.8473,39.2971,,52.5857,
2003-09-24,66.464,27.9632,37.3044,20.6778,9.8652,39.6371,,52.6175,
2003-09-25,65.9184,27.6012,36.2962,20.412,9.719,39.8347,,52.624,
2003-09-26,65.7015,27.4245,35.6757,20.3251,9.6513,40.1931,,52.6878,
2003-09-29,66.3456,27.8959,36.3146,20.5857,9.7197,39.8715,,52.6622,
2003-09-30,65.7015,27.2898,35.8419,20.3251,9.6891,40.533,,52.7707,
2003-10-01,67.1016,27.9043,36.8095,20.9922,9.9436,40.3794,,52.7789,
2003-10-02,67.3448,27.9969,37.1641,20.9592,10.0861,40.1949,,52.7789,
2003-10-03,67.9627,28.7797,37.7513,21.2649,10.1859,39.3505,,52.6449,
2003-10-06,68.2717,28.9902,38.0763,21.4873,10.2251,39.5213,,52.6832,
2003-10-07,68.5346,29.1669,38.2905,21.4543,10.2144,39.0645,,52.6321,
2003-10-08,68.3637,28.9817,37.9913,21.3657,10.2907,39.0553,,52.6321,
2003-10-09,68.5477,29.2006,38.3902,21.5134,10.4639,38.7785,,52.6257,
2003-10-10,68.7384,29.4699,38.3422,21.6037,10.5922,39.0092,,52.6576,
2003-10-13,68.9553,29.6635,38.9441,21.8174,10.7526,38.8569,,52.664,
2003-10-14,69.1985,29.7393,39.199,21.932,10.5473,38.5893,,52.6129,
2003-10-15,69.0145,29.6131,38.7078,21.7236,10.6749,38.4001,,52.5491,
2003-10-16,69.2905,29.8487,39.055,21.8538,10.672,38.2479,,52.4277,
2003-10-17,68.5346,29.1332,38.2979,21.7409,10.6072,38.5431,,52.4916,
2003-10-20,69.0473,29.4952,38.4899,21.9737,10.6663,38.6723,,52.498,
2003-10-21,68.929,29.672,38.6635,21.899,10.7198,38.8154,,52.5108,
2003-10-22,68.0613,29.0996,37.8178,21.6853,10.5623,39.1937,,52.5682,
2003-10-23,67.9364,28.7629,37.4854,21.4109,10.4069,38.9076,,52.5554,
2003-10-24,68.0876,28.7881,37.3931,21.4526,10.352,39.3413,,52.6193,
2003-10-27,68.1205,28.7965,37.9396,21.5481,10.471,39.2629,,52.5619,
2003-10-28,69.0473,29.7646,38.8518,21.8017,10.6143,39.4705,,52.6512,
2003-10-29,69.1393,29.7309,39.1104,21.7757,10.7027,39.1152,,52.5938,
2003-10-30,69.284,29.7898,39.2212,21.8,10.6642,38.9399,,52.5491,
2003-10-31,69.2182,29.6131,38.9626,21.6454,10.5787,39.3044,,52.5554,
2003-11-03,69.6718,30.1013,39.6237,21.7548,10.831,39.1182,,52.5241,
2003-11-04,69.5206,29.8992,39.6791,21.8747,10.8609,39.3406,,52.5625,
2003-11-05,69.5732,30.1686,39.8748,21.7496,10.8752,39.0719,,52.5113,
2003-11-06,69.9413,30.2528,40.1887,21.5585,10.7975,38.7059,,52.4537,
2003-11-07,69.422,29.9918,39.8822,21.7583,10.8089,38.6827,,52.409,
2003-11-10,69.1393,29.6215,39.2396,21.5776,10.6599,38.6503,,52.4218,
2003-11-11,69.1196,29.512,38.97,21.496,10.5231,38.6549,,52.4218,
2003-11-12,69.8953,30.1434,39.8711,21.9442,10.7105,38.9375,,52.4537,
2003-11-13,69.915,30.1097,39.9782,22.0693,10.7932,39.5398,,52.5689,
2003-11-14,69.3234,29.4952,39.2212,21.9199,10.7383,39.8038,,52.6329,
2003-11-17,68.975,29.1922,38.7447,21.5429,10.5288,39.864,,52.6648,
2003-11-18,68.2585,28.5188,38.32,21.628,10.5494,40.1096,,52.6713,
2003-11-19,68.837,28.7965,38.7226,21.6801,10.481,39.6648,,52.5753,
2003-11-20,68.2191,28.5188,38.4603,21.5411,10.3456,40.0493,,52.6776,
2003-11-21,68.5017,28.8134,38.8851,21.7739,10.4354,40.0725,,52.6584,
2003-11-24,69.4089,29.6131,39.7751,21.9372,10.5487,39.7436,,52.5881,
2003-11-25,69.6718,29.6131,40.0152,21.972,10.5851,39.9613,,52.6456,
2003-11-26,69.9216,29.7477,40.2294,22.1578,10.682,39.7992,,52.5881,
2003-11-28,69.9742,29.7814,40.4214,22.1926,10.7775,39.4379,,52.5241,
2003-12-01,70.7301,30.2191,40.9422,22.6321,11.0862,39.2181,,52.4524,
2003-12-02,70.5526,30.0508,40.8794,22.6859,11.037,39.3857,,52.5101,
2003-12-03,70.4409,29.672,40.1444,22.7311,10.9985,39.2274,,52.4653,
2003-12-04,70.7301,29.9918,40.2368,22.7832,10.9229,39.3159,,52.5164,
2003-12-05,70.2371,29.4952,39.7382,22.6199,10.9023,39.9444,,52.6829,
2003-12-08,70.7104,29.6635,40.0336,22.8093,10.9237,39.665,,52.6253,
2003-12-09,70.1648,28.9817,39.3578,22.7137,10.878,39.3857,,52.5933,
2003-12-10,70.1582,29.0912,39.0033,22.5505,10.8346,39.4509,,52.6573,
2003-12-11,70.947,29.7141,40.0927,22.8006,11.032,39.7349,,52.7662,
2003-12-12,71.0851,29.6635,40.38,22.8753,11.0826,39.8093,,52.7534,
2003-12-15,70.7301,29.2763,39.4349,22.7224,11.0912,39.786,,52.7406,
2003-12-16,71.0983,29.3353,39.784,23.0136,11.0448,39.9164,,52.9881,
2003-12-17,71.3217,29.3858,39.7766,22.9596,10.9165,40.1865,,52.9944,
2003-12-18,72.1237,29.9329,40.3894,23.3013,11.0926,40.5496,,53.0073,
2003-12-19,71.9229,29.8487,40.2594,23.1705,11.1197,40.5356,,53.0202,
2003-12-22,72.4248,29.9413,40.7088,23.3236,11.2767,40.4239,,52.9881,
2003-12-23,72.4711,30.1686,40.9317,23.373,11.3075,39.9676,,52.9045,
2003-12-24,72.3984,30.2309,40.8834,23.4295,11.344,40.3447,,53.0266,
2003-12-26,72.4513,30.1888,41.0282,23.3872,11.3726,40.4937,,53.0716,
2003-12-29,73.4155,30.6856,41.6522,23.7806,11.5445,40.1306,,53.0009,
2003-12-30,73.4287,30.7867,41.7599,23.8265,11.5996,39.9676,,53.0266,
2003-12-31,73.4948,30.7025,41.1508,24.1317,11.7458,39.9676,,53.0949,
2004-01-02,73.4618,30.6183,41.5928,24.1969,12.0074,39.4952,,52.9661,
2004-01-05,74.2609,31.233,42.0793,24.6627,12.4287,39.3923,,52.9726,
2004-01-06,74.3335,31.4435,42.0236,24.6998,12.2883,39.8273,,53.0369,
2004-01-07,74.5845,31.7298,42.4692,24.4528,12.3169,39.9863,,53.0755,
2004-01-08,74.8817,31.9825,42.7924,24.8039,12.3635,39.9723,,53.082,
2004-01-09,74.2279,31.7719,42.4507,24.6469,12.3413,40.6692,,53.2108,
2004-01-12,74.776,32.2772,43.2455,24.6398,12.3305,40.6365,,53.2429,
2004-01-13,74.3401,31.9572,43.0635,24.4969,12.2603,40.9125,,53.3073,
2004-01-14,74.961,32.0667,43.2863,24.7086,12.2796,41.1136,,53.2558,
2004-01-15,75.1459,32.1509,43.3978,24.5586,12.0289,41.2679,,53.2494,
2004-01-16,75.4431,32.4793,43.6391,24.4704,12.0805,40.9779,,53.2108,
2004-01-20,75.4233,32.454,44.1628,24.7351,12.4316,40.9686,,53.2365,
2004-01-21,76.0177,32.3193,44.1034,25.035,12.448,41.0668,,53.2687,
2004-01-22,75.8196,32.1256,43.8545,25.0509,12.4165,41.3661,,53.3073,
2004-01-23,75.5752,32.0077,44.0923,24.7827,12.3957,40.8704,,53.2301,
2004-01-26,76.5262,32.4961,44.5305,24.8621,12.4781,40.6225,,53.1915,
2004-01-27,75.7403,31.7803,43.9734,24.7527,12.4151,40.875,,53.2558,
2004-01-28,74.8751,31.2414,43.2863,24.4351,12.2395,40.5149,,53.1206,
2004-01-29,74.9478,31.3593,42.8778,24.4669,12.0468,40.4307,,53.1335,
2004-01-30,74.9478,31.2162,42.9335,24.4034,12.0303,40.7113,,53.1593,
2004-02-02,75.2714,31.132,43.0449,24.3469,12.0332,40.6258,,53.178,
2004-02-03,75.1459,31.0983,42.8035,24.391,11.9658,40.8325,,53.2295,
2004-02-04,74.5317,30.593,41.745,24.1264,11.8583,40.7527,,53.1973,
2004-02-05,74.7496,30.7109,42.135,24.227,11.8548,40.593,,53.1586,
2004-02-06,75.5884,31.2667,43.2009,24.6839,12.1249,41.0392,,53.2424,
2004-02-09,75.6082,31.2583,43.2863,24.8392,12.2997,41.1613,,53.2618,
2004-02-10,75.8526,31.3088,43.8063,24.9468,12.289,40.9311,,53.1908,
2004-02-11,76.6583,31.6456,44.0737,25.2291,12.4796,41.2364,,53.2747,
2004-02-12,76.3809,31.3677,43.7729,25.0085,12.4731,41.0626,,53.294,
2004-02-13,76.0375,31.1067,43.3234,24.9768,12.4817,41.2364,,53.3714,
2004-02-17,76.7244,31.5277,44.0848,25.4584,12.7325,41.2082,,53.3262,
2004-02-18,76.3875,31.6203,43.7617,25.1056,12.5591,41.2646,,53.3327,
2004-02-19,76.1036,31.1404,42.9892,25.2732,12.4495,41.3069,,53.3584,
2004-02-20,75.8724,31.0393,42.9149,24.9644,12.3097,41.0204,,53.3005,
2004-02-23,75.6809,30.6941,42.2687,25.035,12.2023,41.274,,53.352,
2004-02-24,75.5488,30.6183,42.265,24.9379,12.1378,41.3491,,53.3584,
2004-02-25,75.8658,30.8035,42.8592,24.7527,12.2703,41.4149,,53.3971,
2004-02-26,75.912,30.8793,43.1192,24.7615,12.3312,41.2834,,53.3778,
2004-02-27,75.9649,30.7951,43.342,24.9644,12.5061,41.6403,,53.4166,
2004-03-01,76.7178,31.1993,44.0291,25.2996,12.7912,41.6243,,53.399,
2004-03-02,76.2686,30.8372,43.68,24.8938,12.6895,41.3603,,53.3475,
2004-03-03,76.4073,30.6688,43.7246,24.8409,12.6107,41.2848,,53.3087,
2004-03-04,76.6055,30.9551,44.278,24.9203,12.6967,41.4687,,53.3539,
2004-03-05,76.863,30.8457,44.3782,25.2114,12.7432,42.2703,,53.4701,
2004-03-08,75.9252,30.1214,43.7505,25.0491,12.6214,42.5202,,53.554,
2004-03-09,75.6214,30.0288,43.3792,24.8762,12.539,42.8032,,53.5863,
2004-03-10,74.3533,29.633,42.4692,24.4775,12.2524,42.7749,,53.554,
2004-03-11,73.3891,29.3636,42.0421,24.0805,11.9873,42.8362,,53.5992,
2004-03-12,74.3533,29.9025,43.1749,24.2922,12.0876,42.5722,,53.5605,
2004-03-15,73.4419,29.3804,42.0607,23.8794,11.8619,42.6429,,53.5347,
2004-03-16,73.8316,29.4309,42.0793,24.0999,12.0088,42.9965,,53.5734,
2004-03-17,74.6571,29.8941,42.8592,24.6027,12.1736,42.9258,,53.5734,
2004-03-18,74.677,29.7594,42.5992,24.5939,12.2453,42.6995,,53.554,
2004-03-19,73.6066,29.2625,42.2278,24.2764,12.084,42.6429,,53.5734,
2004-03-22,72.6721,28.892,41.4145,23.9606,11.8906,42.9022,,53.6057,
2004-03-23,72.5462,28.6562,41.485,24.144,12.0102,42.9776,,53.6186,
2004-03-24,72.6058,28.9846,41.4293,24.0488,12.0196,42.9541,,53.6315,
2004-03-25,73.5668,29.7594,42.3838,24.5057,12.1371,42.789,,53.625,
2004-03-26,73.5867,29.6583,42.4913,24.3998,12.1149,42.3364,,53.5734,
2004-03-29,74.6207,30.1383,43.3062,24.7527,12.2703,42.0534,,53.5347,
2004-03-30,74.8725,30.2393,43.6597,24.8056,12.4208,42.0251,,53.5282,
2004-03-31,74.9587,30.1804,43.7564,24.9821,12.5749,42.2279,,53.5669,
2004-04-01,75.4093,30.4498,44.2364,25.3137,12.6773,42.0897,,53.5023,
2004-04-02,75.9793,31.2414,44.7982,25.3861,12.8041,41.0482,,53.3148,
2004-04-05,76.3968,31.5361,44.9285,25.3861,12.8937,40.7263,,53.263,
2004-04-06,76.1516,31.1404,44.3815,25.3084,12.9654,40.9488,,53.3277,
2004-04-07,75.9727,31.1067,44.7164,25.3473,12.9188,40.8541,,53.3406,
2004-04-08,75.8003,31.1067,44.3182,25.2943,12.9295,40.7357,,53.3406,
2004-04-12,76.0986,31.3004,44.4336,25.4584,13.0291,40.589,,53.2889,
2004-04-13,75.0315,30.8457,43.3992,25.132,12.8772,40.1487,,53.2178,
2004-04-14,75.1509,30.9972,43.2653,24.8727,12.6873,40.1156,,53.1273,
2004-04-15,74.8659,30.4414,42.9304,24.6998,12.582,39.8789,,53.1596,
2004-04-16,75.4424,30.3909,43.2578,24.9644,12.6752,40.0304,,53.2307,
2004-04-19,75.4424,30.7614,43.5778,24.9909,12.6967,39.9451,,53.1661,
2004-04-20,74.1766,30.0456,42.6141,24.6469,12.5856,39.5807,,53.0432,
2004-04-21,74.6737,30.3067,43.3099,24.8144,12.4925,39.7748,,53.0497,
2004-04-22,75.7208,31.0899,43.9052,24.9909,12.4889,40.0114,,53.1273,
2004-04-23,75.7937,31.334,43.8122,24.9556,12.582,39.7842,,53.0174,
2004-04-26,75.6877,31.1067,43.9052,24.9485,12.4029,39.8505,,53.0238,
2004-04-27,75.754,31.0477,43.7936,24.9732,12.337,40.002,,53.0885,
2004-04-28,74.7731,30.4836,42.8783,24.5128,11.9837,39.628,,52.9786,
2004-04-29,74.1169,30.012,42.0262,24.2499,11.5889,39.4339,,52.9721,
2004-04-30,73.5403,29.2794,41.3416,24.1352,11.3424,39.5949,,52.998,
2004-05-03,74.329,29.5572,41.8849,24.3822,11.4564,39.6448,,53.0213,
2004-05-04,74.2694,29.6836,42.1193,24.6927,11.6806,39.3739,,53.0083,
2004-05-05,74.7466,29.9193,42.3053,24.9644,11.7093,39.2645,,52.9889,
2004-05-06,74.1037,29.692,41.6877,24.4351,11.4664,39.16,,52.9759,
2004-05-07,72.8776,29.4478,40.5007,23.7735,11.2085,38.6467,,52.7558,
2004-05-10,72.1287,29.1951,39.7826,23.1649,10.6675,38.5565,,52.7817,
2004-05-11,72.7384,29.633,40.6496,23.3325,10.9842,38.7323,,52.7882,
2004-05-12,73.2023,29.692,40.9584,23.4824,10.9878,38.4757,,52.8011,
2004-05-13,72.8974,29.4815,40.3966,23.2354,10.9591,38.3283,,52.7753,
2004-05-14,72.9306,29.2625,40.2403,23.216,10.6704,38.642,,52.8594,
2004-05-17,72.3076,28.9846,39.857,22.962,10.2433,38.9842,,52.9306,
2004-05-18,72.6721,29.2457,40.3072,23.2054,10.5478,38.8321,,52.8789,
2004-05-19,72.4202,29.212,40.0207,23.4348,10.8395,38.7038,,52.8529,
2004-05-20,72.6522,29.3467,40.1026,23.4648,10.7728,39.0032,,52.8789,
2004-05-21,72.7782,29.4899,40.4784,23.6377,10.9498,38.8464,,52.8789,
2004-05-24,73.083,29.692,41.003,23.7894,11.1203,38.9699,,52.8918,
2004-05-25,74.1302,30.2815,41.8588,24.144,11.3654,39.084,,52.8918,
2004-05-26,74.3886,30.4751,42.1453,24.0999,11.321,39.2931,,52.9889,
2004-05-27,74.8062,30.6688,42.1565,24.5586,11.5001,39.602,,53.0148,
2004-05-28,74.7996,30.7783,42.2309,24.4104,11.475,39.4927,,52.9954,
2004-06-01,74.7002,30.7362,42.6327,24.4687,11.3955,39.131,,52.9202,
2004-06-02,74.9785,30.6688,42.4913,24.5392,11.3955,39.0308,,52.8877,
2004-06-03,74.2893,30.2983,41.6728,24.3028,11.1425,39.112,,52.9007,
2004-06-04,74.8791,30.4751,42.1937,24.5939,11.3066,38.883,,52.8164,
2004-06-07,76.0191,31.1993,42.9565,25.1373,11.6971,38.8925,,52.8359,
2004-06-08,76.1251,31.2414,42.9155,24.9962,11.5345,38.964,,52.8423,
2004-06-09,75.4159,30.8035,42.1379,24.5675,11.2737,38.7971,,52.7581,
2004-06-10,75.7871,31.0225,42.3053,24.8586,11.2866,38.8734,,52.7516,
2004-06-14,75.0382,30.5846,41.4756,24.2605,10.8516,38.5633,,52.6154,
2004-06-15,75.5684,30.9804,42.2309,24.691,11.0616,39.3792,,52.7905,
2004-06-16,75.5551,30.9298,42.3128,24.6821,10.9133,39.2265,,52.7516,
2004-06-17,75.4424,30.6436,42.2048,24.8409,10.9677,39.4841,,52.8164,
2004-06-18,75.5848,30.6856,42.3499,24.885,10.9054,39.3982,,52.784,
2004-06-21,75.2988,30.4414,42.1825,24.7968,10.9555,39.4268,,52.8229,
2004-06-22,75.6779,30.8877,42.5099,24.8074,11.0716,39.3076,,52.8423,
2004-06-23,76.3298,31.2583,43.1499,24.9644,11.2687,39.3839,,52.8553,
2004-06-24,76.0904,31.1993,42.9937,25.0614,11.3138,39.6225,,52.9072,
2004-06-25,75.7245,31.4351,43.4991,24.9697,11.4284,39.6606,,52.9137,
2004-06-28,75.4651,31.1741,43.4096,25.1232,11.331,39.2551,,52.7905,
2004-06-29,75.7777,31.4688,43.7715,25.0703,11.4177,39.5032,,52.8423,
2004-06-30,76.1835,31.7803,44.0177,25.2291,11.5811,39.9087,,52.985,
2004-07-01,75.1259,31.1909,43.2156,24.9115,11.4363,39.9834,,52.9961,
2004-07-02,75.0859,31.0056,43.3499,25.0509,11.4356,40.405,,53.1389,
2004-07-06,74.4274,30.3404,42.574,24.638,11.3131,40.3379,,53.1259,
2004-07-07,74.6469,30.3993,42.5217,24.9291,11.4607,40.3523,,53.1325,
2004-07-08,74.1281,30.0625,41.7495,24.7704,11.2973,40.3762,,53.152,
2004-07-09,74.321,30.1046,42.0256,24.9803,11.3575,40.4193,,53.152,
2004-07-12,74.3542,29.9783,41.7831,25.0526,11.3281,40.4768,,53.1714,
2004-07-13,74.4074,29.9362,41.839,24.9291,11.3797,40.357,,53.1325,
2004-07-14,74.1813,29.633,41.5965,24.788,11.2708,40.3714,,53.113,
2004-07-15,73.7023,29.532,41.6898,24.4792,11.212,40.4145,,53.113,
2004-07-16,73.6425,29.1951,41.2234,24.6768,11.3353,40.951,,53.2169,
2004-07-19,73.3299,29.1362,41.1712,24.6963,11.3181,40.9798,,53.191,
2004-07-20,74.2611,29.8351,41.9883,24.7086,11.3661,40.6109,,53.0935,
2004-07-21,72.8908,28.9678,40.6713,24.1723,11.235,40.5008,,53.0805,
2004-07-22,73.0904,29.3636,40.7385,24.3028,11.235,40.5583,,53.0935,
2004-07-23,72.4784,28.8078,40.1565,23.8547,11.0415,40.6924,,53.0935,
2004-07-26,72.3387,28.6815,39.6305,23.8547,10.939,40.5008,,53.0545,
2004-07-27,73.0172,29.0773,40.3692,24.0029,11.1476,39.9547,,53.009,
2004-07-28,73.2367,28.9509,40.3356,24.0346,11.144,39.9595,,53.0415,
2004-07-29,73.5494,29.2878,40.8131,24.0646,11.2135,40.0505,,53.0545,
2004-07-30,73.729,29.3804,41.0369,24.1529,11.1597,40.5199,,53.1325,
2004-08-02,73.8819,29.4393,40.8877,24.2675,11.1038,40.5728,,53.1735,
2004-08-03,73.3099,28.8246,40.302,24.1087,11.1167,40.7363,,53.1865,
2004-08-04,73.3032,28.8331,40.2684,24.1052,11.1275,40.7556,,53.18,
2004-08-05,72.1059,28.2941,39.526,23.7471,11.0558,40.871,,53.2125,
2004-08-06,71.0749,27.5531,38.6978,23.7118,10.9756,41.5587,,53.4012,
2004-08-09,71.1746,27.6205,38.5747,23.6853,11.0673,41.4144,,53.3947,
2004-08-10,72.0926,27.9657,39.1791,23.8794,11.192,41.2653,,53.2646,
2004-08-11,71.9463,27.7215,39.1269,23.8,11.0881,41.4432,,53.3492,
2004-08-12,71.1613,27.3426,38.5635,23.5354,10.9641,41.5297,,53.3622,
2004-08-13,71.301,27.3847,38.5561,23.6765,10.9813,41.6644,,53.4142,
2004-08-16,72.0394,27.6962,39.2164,23.9147,11.1311,41.5202,,53.4012,
2004-08-17,72.4452,28.0078,39.4626,23.9323,11.2056,41.7558,,53.4533,
2004-08-18,73.1902,28.5046,40.3057,24.114,11.3382,41.5538,,53.4403,
2004-08-19,72.9773,28.3531,39.9625,24.0576,11.3503,41.6548,,53.4728,
2004-08-20,73.4895,28.6394,40.6713,24.1705,11.4069,41.6163,,53.4403,
2004-08-23,73.3032,28.7067,40.5221,23.9747,11.4686,41.3759,,53.3947,
2004-08-24,73.403,28.6983,40.634,23.9694,11.4356,41.4,,53.4208,
2004-08-25,73.9019,29.0941,40.8653,24.2234,11.5717,41.5442,,53.4012,
2004-08-26,73.9019,28.9678,40.6266,24.2411,11.5875,41.7799,,53.4533,
2004-08-27,74.1348,29.1025,40.9474,24.3028,11.566,41.751,,53.4338,
2004-08-30,73.5228,28.6141,40.4811,24.2146,11.5037,41.9482,,53.4468,
2004-08-31,73.9086,28.6478,40.4177,24.4404,11.5538,42.2078,,53.5249,
2004-09-01,74.0482,28.8583,41.1302,24.4616,11.6491,42.2513,,53.5392,
2004-09-02,74.8864,29.2878,41.8539,24.7174,11.7939,41.836,,53.4545,
2004-09-03,74.5804,28.7488,41.3913,24.3893,11.6685,41.8409,,53.3828,
2004-09-07,75.0726,28.993,41.9136,24.7298,11.758,41.7975,,53.3828,
2004-09-08,74.8864,28.8836,41.6898,24.7174,11.7509,42.1499,,53.461,
2004-09-09,74.8198,29.1278,42.0367,24.638,11.7867,41.9906,,53.4675,
2004-09-10,75.2057,29.5741,42.4247,24.8233,11.8985,42.0533,,53.4805,
2004-09-13,75.4518,29.9615,42.6523,24.9115,12.0074,42.2368,,53.4871,
2004-09-14,75.6048,30.0036,42.5665,24.9732,12.0031,42.2803,,53.5001,
2004-09-15,75.0327,29.6836,42.3091,24.6151,11.9501,42.1837,,53.4675,
2004-09-16,75.2589,29.7425,42.7642,24.7774,12.0998,42.6617,,53.5588,
2004-09-17,75.5789,29.8351,42.6896,24.8586,12.1808,42.4493,,53.4936,
2004-09-20,75.1246,29.8351,42.4993,24.7033,12.193,42.7293,,53.5783,
2004-09-21,75.4519,29.953,42.8202,25.0897,12.3205,42.8549,,53.5001,
2004-09-22,74.5101,29.4309,42.0964,24.6821,12.1342,43.299,,53.5523,
2004-09-23,74.1093,29.4057,42.0554,24.6151,12.1879,43.1252,,53.4871,
2004-09-24,74.45,29.3046,42.1321,24.6469,12.1535,43.1783,,53.4545,
2004-09-27,73.9757,29.052,41.6833,24.5234,12.0812,43.3666,,53.4871,
2004-09-28,74.3298,29.1109,42.1807,24.7633,12.2309,43.1928,,53.5197,
2004-09-29,74.7038,29.5404,42.5733,24.8586,12.2954,42.7727,,53.4545,
2004-09-30,74.6504,29.5909,42.5733,24.9468,12.3599,42.6086,,53.4741,
2004-10-01,75.9128,30.3993,43.6465,25.3349,12.5964,42.3958,,53.4362,
2004-10-04,76.0397,30.5762,43.8933,25.3737,12.8113,42.4588,,53.4427,
2004-10-05,76.0798,30.6183,43.8522,25.3878,12.7167,42.4588,,53.4492,
2004-10-06,76.6008,30.8625,44.1364,25.4831,12.8636,42.2649,,53.4035,
2004-10-07,75.7792,30.5172,43.3997,25.3084,12.754,42.0806,,53.384,
2004-10-08,75.1513,29.9615,42.8538,25.4849,12.6608,42.6382,,53.521,
2004-10-11,75.4586,30.1046,43.0557,25.5466,12.7268,42.6818,,53.5602,
2004-10-12,75.1647,30.0541,42.9547,25.2555,12.5261,42.7788,,53.5733,
2004-10-13,74.5034,29.9867,42.3302,25.0791,12.3563,42.9339,,53.6124,
2004-10-14,73.9023,29.852,42.0535,24.9468,12.1879,43.1375,,53.6255,
2004-10-15,74.3164,30.0036,42.4873,25.2308,12.3506,42.9872,,53.6059,
2004-10-18,74.5969,30.433,42.6668,25.3314,12.4817,43.0066,,53.6124,
2004-10-19,73.9691,30.2141,42.2255,25.282,12.4215,43.1181,,53.5929,
2004-10-20,73.8221,30.3572,42.4462,25.379,12.3434,43.4138,,53.6386,
2004-10-21,74.3031,30.8204,42.9846,25.5272,12.5211,43.4429,,53.5733,
2004-10-22,73.4681,30.1467,42.2517,25.3702,12.4316,43.5447,,53.6255,
2004-10-25,73.3813,30.0036,42.7042,25.3437,12.4652,43.5787,,53.6451,
2004-10-26,74.5034,30.1636,43.2651,25.4849,12.5104,43.4478,,53.6386,
2004-10-27,75.3985,30.9298,43.6876,25.7495,12.7253,43.0211,,53.5667,
2004-10-28,75.6256,31.1235,43.5269,25.8201,12.6623,43.1617,,53.5863,
2004-10-29,75.6122,31.073,43.4483,25.8201,12.7117,43.3605,,53.632,
2004-11-01,75.8193,31.1909,43.7924,25.8642,12.8063,43.0908,,53.598,
2004-11-02,75.846,31.2919,43.6203,26.0653,12.8357,43.1541,,53.6242,
2004-11-03,76.8012,31.5025,44.3234,26.3741,13.0227,43.1736,,53.6176,
2004-11-04,77.8499,31.6793,44.8656,26.7428,13.2197,43.2174,,53.5719,
2004-11-05,78.3375,31.9656,45.0675,26.8681,13.2699,42.7452,,53.4345,
2004-11-08,78.2239,31.9993,44.9104,26.681,13.1201,42.5943,,53.4084,
2004-11-09,78.0703,31.9319,45.0712,26.614,13.2047,42.57,,53.4476,
2004-11-10,78.1304,31.8225,45.3966,26.5628,13.2197,42.4093,,53.3823,
2004-11-11,78.7249,32.2435,45.8453,26.8522,13.3702,42.3168,,53.4215,
2004-11-12,79.3461,32.5551,46.3127,27.1697,13.5959,42.7744,,53.4084,
2004-11-15,79.541,32.6982,46.5745,27.1962,13.6088,42.8134,,53.4084,
2004-11-16,78.9716,32.4961,46.1631,26.9669,13.4533,42.8134,,53.3691,
2004-11-17,79.4405,32.934,46.41,27.3109,13.7571,43.1785,,53.4476,
2004-11-18,79.5477,33.0856,46.3389,27.2491,13.7822,43.3099,44.38,53.4411,
2004-11-19,78.6634,32.5719,45.8453,27.0727,13.5851,42.9643,44.78,53.3561,
2004-11-22,79.0386,32.8835,46.3314,27.1521,13.6382,43.1882,44.95,53.3691,
2004-11-23,79.1592,32.833,46.6194,27.205,13.6618,43.2418,44.75,53.3626,
2004-11-24,79.3468,33.1193,46.8998,27.3285,13.8073,43.2418,45.05,53.3561,
2004-11-26,79.2864,33.0182,46.9297,27.4873,14.0366,42.9594,45.29,53.3038,
2004-11-29,78.9247,33.0098,47.098,27.5755,13.9506,42.5018,45.4,53.3103,
2004-11-30,78.9783,32.9424,47.4458,27.3903,13.9764,42.3217,45.12,53.3233,
2004-12-01,79.876,33.6161,47.887,27.8666,14.0831,42.2557,45.38,53.3593,
2004-12-02,79.943,33.7424,47.8197,27.8225,14.0623,42.0847,44.95,53.3397,
2004-12-03,79.8894,33.793,47.73,27.9884,14.1261,42.7396,45.6,53.4577,
2004-12-06,79.8626,33.9108,47.5056,27.8172,14.106,42.8863,45.17,53.4642,
2004-12-07,79.119,33.3298,46.6717,27.6655,13.8897,42.94,45.11,53.4642,
2004-12-08,79.5812,33.5235,47.1915,27.6461,13.8166,43.6097,44.01,53.4839,
2004-12-09,79.8626,33.7256,46.8325,27.5314,13.5916,43.3213,43.78,53.4773,
2004-12-10,79.943,33.6245,47.1915,27.2615,13.578,43.4288,43.44,53.4839,
2004-12-13,80.6397,33.9193,47.7075,27.6726,13.7843,43.5217,43.91,53.4446,
2004-12-14,80.9211,34.0877,47.9656,27.6814,13.9112,43.6928,43.55,53.4577,
2004-12-15,80.9814,33.9614,48.3657,27.849,14.1039,44.0887,43.99,53.5101,
2004-12-16,80.9345,33.6414,47.988,27.6726,14.033,43.4386,43.68,53.4511,
2004-12-17,80.3947,33.5555,47.7935,27.5932,14.0007,43.3799,44.19,53.4314,
2004-12-20,80.4149,33.326,47.7375,27.8455,14.1834,43.4582,44.34,53.4314,
2004-12-21,81.0341,33.734,48.2423,28.0413,14.3196,43.5901,44.22,53.438,
2004-12-22,81.2293,33.7766,48.3358,28.0836,14.316,43.4435,44.02,53.438,
2004-12-23,81.2899,33.8021,48.4599,28.268,14.4134,43.3017,44.27,53.4249,
2004-12-27,81.1216,33.6575,48.1486,28.4901,14.4025,42.9645,44.48,53.3922,
2004-12-28,81.5658,33.9806,48.7863,28.68,14.4772,42.9302,44.37,53.4118,
2004-12-29,81.687,34.0231,48.7825,28.5421,14.557,42.8863,43.66,53.4053,
2004-12-30,81.5322,33.9976,48.61,28.5456,14.52,43.1746,43.83,53.4249,
2004-12-31,81.3572,33.9381,48.58,28.7069,14.6397,43.4469,43.8,53.4472,
2005-01-03,80.9735,33.581,47.9497,28.5009,14.4874,43.5402,43.02,53.4538,
2005-01-04,79.9841,32.9689,46.9219,27.9545,14.0413,43.0839,42.74,53.3356,
2005-01-05,79.4321,32.7648,45.984,27.9366,13.8694,43.3145,42.67,53.3488,
2005-01-06,79.836,32.6034,46.2279,27.9366,13.86,43.3439,42.15,53.3751,
2005-01-07,79.7215,32.7734,45.7139,27.8112,13.8868,43.442,41.84,53.3816,
2005-01-10,80.0985,32.7564,46.1791,27.9366,13.9043,43.5108,41.95,53.3488,
2005-01-11,79.5466,32.5268,45.6164,27.8828,13.8781,43.7659,42.21,53.3619,
2005-01-12,79.8091,32.7989,45.804,28.1068,14.0486,43.8247,42.6,53.3685,
2005-01-13,79.1696,32.3653,45.6652,27.8649,13.9906,44.2467,42.6,53.4341,
2005-01-14,79.587,32.6713,46.1003,27.9993,14.2408,44.2418,42.32,53.4078,
2005-01-18,80.4149,32.9179,46.648,28.0208,14.2154,44.389,42.32,53.3881,
2005-01-19,79.5735,32.3738,45.9803,27.7306,14.0196,44.5165,42.26,53.3947,
2005-01-20,79.0889,31.7532,45.7064,27.546,13.8455,44.6049,42.25,53.4407,
2005-01-21,78.6042,31.4981,45.6014,27.6553,14.0341,44.6539,42.74,53.4932,
2005-01-24,78.4494,31.0561,45.2525,27.7037,14.0123,44.8453,42.77,53.4603,
2005-01-25,78.6716,31.2091,45.3688,27.7126,14.1392,44.4234,42.24,53.4407,
2005-01-26,78.9072,31.5832,45.9728,28.0476,14.3459,44.5067,42.69,53.421,
2005-01-27,79.0418,31.5406,46.1041,28.0888,14.3597,44.4234,42.62,53.4078,
2005-01-28,79.0418,31.3876,46.0666,28.0261,14.3728,44.8698,42.69,53.4341,
2005-01-31,79.5331,31.7957,46.6067,28.1605,14.5621,44.9974,42.22,53.4275,
2005-02-01,80.0379,31.8977,46.8694,28.3361,14.6868,44.926,42.1,53.4413,
2005-02-02,80.2803,31.9487,47.2257,28.3755,14.7332,45.0294,42.16,53.4216,
2005-02-03,80.0716,31.5832,46.9669,28.2214,14.718,45.0048,41.68,53.3887,
2005-02-04,80.9264,32.0933,47.5596,28.3665,14.9479,45.6303,41.47,53.4413,
2005-02-07,80.8187,32.0252,47.5484,28.1874,14.9951,45.9701,41.27,53.4282,
2005-02-08,80.9129,32.0847,47.6647,28.1874,15.0241,46.2311,41.26,53.4085,
2005-02-09,80.3072,31.5491,46.648,28.1157,14.9755,46.3542,41.31,53.5071,
2005-02-10,80.5966,31.5832,46.7306,28.4077,15.048,45.7288,41.75,53.4676,
2005-02-11,81.2899,32.0507,47.4921,28.6048,15.1945,45.6993,42.08,53.4413,
2005-02-14,81.2293,32.1953,47.4508,28.8269,15.3033,45.842,42.55,53.415,
2005-02-15,81.5322,32.4078,47.4921,29.0204,15.3396,45.6105,42.58,53.4216,
2005-02-16,81.586,32.2888,47.6346,28.7642,15.2924,45.4382,42.52,53.3953,
2005-02-17,80.9264,31.8552,47.2145,28.8233,15.267,45.1525,42.73,53.4216,
2005-02-18,81.0341,31.7532,47.0982,28.9666,15.4549,44.7487,42.75,53.3492,
2005-02-22,79.8293,31.3621,46.1791,28.8985,15.3983,44.5517,43.57,53.369,
2005-02-23,80.4014,31.4046,46.453,28.9129,15.4694,44.6994,43.42,53.3624,
2005-02-24,80.9332,31.8042,46.8881,28.9577,15.7095,44.6009,43.33,53.3492,
2005-02-25,81.7341,31.9827,47.6684,29.2944,15.9988,44.8177,43.5,53.323,
2005-02-28,81.1956,31.6427,47.372,29.2264,15.972,44.335,43.53,53.2901,
2005-03-01,81.5995,31.9912,47.7359,29.3876,16.017,44.3212,43.22,53.2789,
2005-03-02,81.5591,31.9742,47.6496,29.1672,15.753,44.2619,43.25,53.3118,
2005-03-03,81.5928,31.7107,47.6909,29.1816,15.7965,44.2371,42.97,53.3316,
2005-03-04,82.6091,31.8977,48.2761,29.6921,15.9851,44.7164,43.38,53.3316,
2005-03-07,82.6495,32.3568,48.1561,29.5667,16.0902,44.8942,43.47,53.3118,
2005-03-08,82.3399,32.0337,47.6984,29.6473,15.9677,44.4693,44.03,53.3118,
2005-03-09,81.4245,31.9402,47.1582,29.513,15.8763,43.7431,44.02,53.2921,
2005-03-10,81.6062,31.8977,46.9556,29.6097,15.724,44.0099,44.2,53.2525,
2005-03-11,81.0341,31.6001,46.9219,29.6026,15.6355,43.6888,44.43,53.2393,
2005-03-14,81.5389,31.7447,47.2745,29.5076,15.5158,43.9506,44.03,53.2195,
2005-03-15,80.8658,31.4896,46.9556,29.3249,15.1293,43.674,44.06,53.1997,
2005-03-16,80.1793,31.1326,46.693,29.3589,15.0009,43.9407,44.31,53.2657,
2005-03-17,80.3408,31.2091,46.693,29.3249,15.2743,44.084,43.82,53.2854,
2005-03-18,80.1023,31.0391,46.4417,29.2658,15.2054,43.8074,43.89,53.2591,
2005-03-21,79.805,31.0986,46.498,29.0669,14.9856,43.6838,43.09,53.2921,
2005-03-22,78.9941,30.716,46.1791,28.7337,14.7086,43.3133,42.65,53.1997,
2005-03-23,79.0616,30.8265,45.8415,28.5421,14.5222,43.5208,42.42,53.1932,
2005-03-24,79.1562,30.835,46.0103,28.5367,14.5062,43.6097,42.39,53.2064,
2005-03-28,79.2711,30.8945,46.0291,28.5367,14.6063,43.3429,42.54,53.18,
2005-03-29,78.744,30.648,45.3697,28.2411,14.2285,43.5998,42.56,53.2195,
2005-03-30,79.859,31.2261,46.0367,28.4722,14.5526,43.8172,42.61,53.2261,
2005-03-31,79.7103,31.0901,46.0291,28.4597,14.7086,44.1334,42.82,53.2986,
2005-04-01,79.3522,30.7755,45.837,28.3934,14.7956,44.2822,42.62,53.3317,
2005-04-04,79.4873,30.9965,46.0065,28.4023,14.8283,44.2723,42.4,53.3317,
2005-04-05,79.8658,31.0816,46.0894,28.5546,14.8246,44.1582,42.45,53.3448,
2005-04-06,80.1428,31.0306,46.2326,28.6352,15.0277,44.3119,42.63,53.3845,
2005-04-07,80.5753,31.4046,46.4135,28.7517,15.1793,43.9549,42.57,53.3647,
2005-04-08,79.7374,31.1496,45.7089,28.7517,15.1075,44.1086,42.69,53.3581,
2005-04-11,79.7982,31.0136,45.4827,28.8591,14.9624,44.3467,42.78,53.3581,
2005-04-12,80.2104,31.1666,45.9086,28.9308,15.151,44.7582,42.84,53.3911,
2005-04-13,79.2644,30.6565,45.0871,28.6263,14.8493,44.6491,42.9,53.4704,
2005-04-14,78.2305,30.2229,44.1827,28.2501,14.4692,44.5797,42.31,53.5166,
2005-04-15,77.1358,29.5343,43.576,27.9043,14.1646,45.1698,42.4,53.6025,
2005-04-18,77.3723,29.5428,43.8549,27.8022,14.3322,45.1351,42.69,53.5761,
2005-04-19,77.9872,29.7468,44.5784,28.1712,14.5722,45.5715,43.28,53.6422,
2005-04-20,76.8993,29.5003,43.8812,27.8112,14.2285,45.4574,43.4,53.6223,
2005-04-21,78.3927,30.2824,44.9552,28.3146,14.6382,44.9814,43.19,53.5298,
2005-04-22,78.0953,29.8318,44.2279,28.2142,14.4765,45.3583,43.39,53.5431,
2005-04-25,78.6089,30.0784,44.6349,28.3629,14.7506,45.4921,43.44,53.5563,
2005-04-26,77.8453,29.7978,44.0056,28.0082,14.5998,45.4227,43.64,53.5431,
2005-04-27,78.1494,29.8403,43.9868,27.933,14.4678,45.5814,43.2,53.5827,
2005-04-28,77.1696,29.5428,42.8638,27.5568,14.2372,45.9186,43.0,53.6289,
2005-04-29,78.2169,29.7383,43.4253,27.9993,14.5251,45.8392,43.35,53.5761,
2005-05-02,78.6562,29.8573,43.8699,27.9903,14.6215,45.8293,42.88,53.5827,
2005-05-03,78.7913,30.0104,44.0885,28.0512,14.6078,45.9537,42.76,53.6158,
2005-05-04,79.3995,30.3759,44.5784,28.3844,15.0059,45.5506,42.9,53.6357,
2005-05-05,79.3725,30.4014,44.5709,28.4256,15.085,45.6551,42.91,53.6887,
2005-05-06,79.1225,30.4865,44.7291,28.302,15.1256,45.3167,42.52,53.5695,
2005-05-09,79.6157,30.631,45.1587,28.3665,15.1394,45.3615,42.55,53.543,
2005-05-10,78.7913,30.4099,44.6198,27.9724,14.7992,45.685,42.64,53.5827,
2005-05-11,79.2238,30.563,44.6424,28.0978,14.8681,45.8243,42.69,53.6158,
2005-05-12,78.3521,30.478,43.9378,27.7485,14.6143,46.0035,42.16,53.6423,
2005-05-13,78.1967,30.8095,43.7795,27.5872,14.4642,46.1826,41.95,53.7019,
2005-05-16,78.9265,31.0136,44.454,27.6983,14.6361,46.1279,41.88,53.6887,
2005-05-17,79.4536,31.2006,44.7178,27.6947,14.6397,46.2573,41.86,53.6887,
2005-05-18,80.2712,31.6257,45.6146,28.0082,14.9312,46.5658,42.05,53.7416,
2005-05-19,80.6091,31.8892,45.7277,28.0279,14.9856,46.4464,41.98,53.6622,
2005-05-20,80.4942,32.0167,45.6712,27.9097,14.9479,46.5012,41.65,53.6622,
2005-05-23,80.9402,32.1783,45.9726,28.1408,14.9972,46.8644,41.62,53.6953,
2005-05-24,80.751,32.2803,45.7842,28.0673,14.9537,46.9938,41.73,53.7284,
2005-05-25,80.6902,32.1443,45.4413,27.9903,14.8464,46.6654,41.87,53.7482,
2005-05-26,81.1226,32.4673,46.0744,28.0082,15.0132,46.6504,41.69,53.7284,
2005-05-27,81.2578,32.4843,46.3306,28.1247,15.1147,46.7002,41.88,53.7482,
2005-05-31,80.7375,32.3738,46.2326,27.7574,14.9842,47.2775,41.65,53.788,
2005-06-01,81.4267,32.6374,46.7564,27.9258,15.1612,47.8564,41.53,53.8942,
2005-06-02,81.6024,32.8669,46.8845,28.1641,15.2765,47.9713,42.1,53.8743,
2005-06-03,81.1902,32.3908,46.5416,27.9007,15.1974,47.5767,42.17,53.8079,
2005-06-06,81.1159,32.3993,46.715,28.0852,15.3504,47.8264,42.48,53.8344,
2005-06-07,81.1767,32.1273,46.8092,28.2286,15.2743,48.2061,42.38,53.8477,
2005-06-08,81.028,32.0592,46.5115,28.1247,15.2163,47.9763,42.34,53.8344,
2005-06-09,81.4132,32.2633,46.9674,28.2357,15.2961,47.9363,42.27,53.8013,
2005-06-10,81.224,31.9232,47.0654,28.1282,15.3396,47.3969,42.62,53.7548,
2005-06-13,81.4808,32.0762,47.2764,28.0315,15.4005,47.1121,42.78,53.7548,
2005-06-14,81.67,31.9487,47.6834,27.9993,15.4636,46.8024,42.6,53.7681,
2005-06-15,81.8254,32.0507,47.8115,28.1659,15.5789,46.8873,42.74,53.7548,
2005-06-16,82.0349,32.2208,48.2788,28.2572,15.7182,47.1221,43.46,53.8013,
2005-06-17,82.3389,32.225,48.2486,28.6818,15.9075,47.1171,43.63,53.7946,
2005-06-20,82.366,32.225,48.1021,28.4131,15.7639,47.0372,43.66,53.7813,
2005-06-21,82.4135,32.208,48.2381,28.628,15.6877,47.3819,43.81,53.788,
2005-06-22,82.4813,32.174,48.3514,28.5421,15.8357,47.9563,43.72,53.9075,
2005-06-23,81.3211,31.8166,47.4978,28.2196,15.5572,47.9063,44.02,53.8876,
2005-06-24,80.7241,31.4592,46.9917,28.2142,15.5028,48.1461,43.9,53.9141,
2005-06-27,80.8394,31.3145,47.1125,28.1497,15.6007,48.2759,43.91,53.934,
2005-06-28,81.5179,31.6124,47.8453,28.311,15.7182,47.9463,43.45,53.8743,
2005-06-29,81.3008,31.5443,48.2229,28.1927,15.6268,47.8714,43.63,53.8876,
2005-06-30,80.8598,31.2975,48.1172,28.1551,15.5789,48.3009,43.44,53.9207,
2005-07-01,81.0972,31.2549,48.3287,28.1175,15.6355,47.7155,42.7,53.7717,
2005-07-05,81.7486,31.5783,49.0916,28.1497,15.7051,47.2644,42.28,53.785,
2005-07-06,81.0633,31.4251,48.646,28.0745,15.629,47.5251,42.25,53.8183,
2005-07-07,81.3822,31.5358,48.7819,27.9187,15.6747,47.6253,42.36,53.8648,
2005-07-08,82.3117,32.1399,49.8319,28.2948,15.8378,47.4298,42.26,53.805,
2005-07-11,82.7324,32.4378,50.4438,28.4991,16.0794,47.4298,42.54,53.765,
2005-07-12,82.9495,32.5909,50.2851,28.7946,16.2708,47.1642,42.64,53.765,
2005-07-13,83.0648,32.6675,50.1718,28.5635,16.2599,47.094,42.35,53.7717,
2005-07-14,83.3905,32.9909,49.8092,28.6442,16.3535,46.9737,41.9,53.7717,
2005-07-15,83.343,33.093,49.8545,28.5689,16.2643,47.0991,42.05,53.7783,
2005-07-18,83.0106,32.9568,49.5675,28.4883,16.2143,46.7482,42.01,53.765,
2005-07-19,83.4651,33.3398,50.2625,28.5528,16.3992,46.9136,41.89,53.785,
2005-07-20,83.75,33.578,50.8743,28.7463,16.4014,47.1692,42.2,53.7783,
2005-07-21,83.2616,33.5865,50.0812,28.8054,16.5798,46.5276,42.46,53.7252,
2005-07-22,83.8179,33.544,50.8517,28.7785,16.5406,46.8885,42.45,53.7783,
2005-07-25,83.5804,33.4163,50.5193,28.6979,16.397,46.7181,42.51,53.7584,
2005-07-26,83.6822,33.544,50.6704,28.6119,16.4906,46.7933,42.25,53.7451,
2005-07-27,83.9876,33.7993,50.8139,28.9397,16.5798,46.7181,42.44,53.7451,
2005-07-28,84.5167,33.9609,51.3351,29.1386,16.7865,47.1341,42.75,53.7517,
2005-07-29,83.9536,33.6801,51.2822,28.9989,16.7756,46.668,42.82,53.7185,
2005-08-01,83.8925,33.7397,51.2596,29.2837,17.0498,46.4944,43.13,53.6859,
2005-08-02,84.3946,34.1056,51.6448,29.4933,17.3522,46.3435,43.14,53.6924,
2005-08-03,84.6185,34.0886,51.388,29.7136,17.3087,46.5699,43.53,53.7125,
2005-08-04,83.94,33.7567,50.5269,29.4718,17.1564,46.4743,43.68,53.7125,
2005-08-05,83.3701,33.595,49.8319,29.3643,16.8409,46.1121,43.6,53.6658,
2005-08-08,83.2141,33.3483,49.6582,29.4342,16.9562,46.0265,43.35,53.6125,
2005-08-09,83.7161,33.5695,49.7337,29.8104,17.2978,46.1976,43.34,53.6725,
2005-08-10,83.6755,33.2802,49.6657,30.0146,17.4828,46.1473,43.65,53.6725,
2005-08-11,84.0079,33.5525,50.0963,30.4982,17.3849,46.4693,44.45,53.7125,
2005-08-12,83.4922,33.3653,49.492,30.3101,17.1999,46.9421,44.49,53.7792,
2005-08-15,84.0079,33.5695,50.0207,30.3639,17.3196,46.8214,44.13,53.7525,
2005-08-16,82.9155,33.0249,49.1445,30.0361,17.0193,47.1484,44.55,53.7792,
2005-08-17,82.9088,33.2206,49.0841,29.9608,17.0302,46.8365,43.91,53.7925,
2005-08-18,82.902,33.0504,48.9255,29.6384,16.7169,47.1836,43.83,53.8392,
2005-08-19,83.0919,33.0334,49.1823,29.7835,16.6516,47.1786,43.6,53.8192,
2005-08-22,83.0919,33.0504,49.4618,30.1113,16.8583,47.1283,43.7,53.8259,
2005-08-23,82.9359,32.9568,49.4542,29.9823,16.6995,47.3446,43.76,53.8792,
2005-08-24,82.1964,32.7611,49.2578,29.6652,16.4819,47.3899,43.59,53.8858,
2005-08-25,82.4949,32.8377,49.5298,29.7781,16.6668,47.5408,43.73,53.8792,
2005-08-26,81.9318,32.7271,48.7215,29.6814,16.6451,47.5257,43.61,53.8392,
2005-08-29,82.5628,32.9824,49.3787,29.6652,16.8278,47.5861,43.57,53.8525,
2005-08-30,82.1285,32.8632,49.1596,29.5793,16.6516,47.888,43.01,53.9325,
2005-08-31,83.1666,33.1695,50.2549,30.1113,16.9976,48.2904,43.4,54.0725,
2005-09-01,83.1055,33.1185,50.2549,30.4714,17.2325,47.9996,44.22,54.1381,
2005-09-02,82.9563,32.9909,49.983,30.5789,17.3849,48.04,44.25,54.2049,
2005-09-06,83.9265,33.4759,50.7308,30.9551,17.6024,47.7018,44.27,54.118,
2005-09-07,84.0689,33.5355,50.8819,30.8691,17.6242,47.2525,44.33,54.0779,
2005-09-08,83.7908,33.527,50.5948,30.6326,17.5959,47.303,44.6,54.0511,
2005-09-09,84.5371,33.7142,50.9045,31.0357,17.8548,47.4544,44.84,54.0645,
2005-09-12,84.3675,33.8078,51.1312,30.7938,17.8287,47.1263,44.89,54.0445,
2005-09-13,83.8993,33.7227,50.7383,30.5842,17.6285,47.3737,44.56,54.0779,
2005-09-14,83.594,33.3398,50.1567,30.6057,17.5654,47.1919,44.96,54.0712,
2005-09-15,83.5533,33.3227,49.983,30.6272,17.6677,46.8031,45.42,54.0578,
2005-09-16,84.1475,33.527,50.5646,30.9712,17.9397,46.4952,45.82,54.0177,
2005-09-19,83.8681,33.2632,50.3229,30.767,17.9136,46.5962,46.25,54.0311,
2005-09-20,83.1595,33.127,49.5977,30.6541,17.9614,46.7174,46.23,53.991,
2005-09-21,82.3827,32.7611,48.797,30.6863,18.1312,47.1515,47.06,54.0445,
2005-09-22,82.6757,32.8802,49.0463,30.6541,17.9506,47.1061,46.36,54.0645,
2005-09-23,82.7439,32.9738,49.3858,30.5251,17.9353,46.7527,46.28,54.0177,
2005-09-26,82.8392,32.9824,49.7191,30.8583,18.0942,46.5407,46.57,53.9776,
2005-09-27,82.8188,32.9058,49.5525,30.7401,17.9745,46.6063,46.25,53.9575,
2005-09-28,82.9006,32.9143,49.4842,31.0572,18.179,46.9193,46.8,53.9776,
2005-09-29,83.5751,33.3568,50.0298,31.428,18.4989,46.7072,47.1,53.9575,
2005-09-30,83.834,33.578,50.3026,31.2237,18.4684,46.5457,46.7,53.9107,
2005-10-03,83.5342,33.6631,50.6056,31.1163,18.5859,46.1818,46.42,53.8866,
2005-10-04,82.594,33.4419,49.8404,30.9121,18.4118,46.3338,46.45,53.8799,
2005-10-05,81.5106,32.9824,48.5675,30.6434,17.8527,46.5365,46.36,53.9066,
2005-10-06,81.2176,32.5484,48.1356,30.4982,17.2282,46.3592,47.21,53.9066,
2005-10-07,81.497,32.625,48.5675,30.6057,17.6546,46.5467,47.36,53.9469,
2005-10-10,80.8088,32.4463,48.0219,30.4552,17.5959,46.5163,47.37,53.9402,
2005-10-11,80.693,32.2846,47.3552,30.4929,17.6721,46.42,47.39,53.9268,
2005-10-12,80.0593,31.9017,46.6884,30.2887,17.1303,45.969,46.85,53.8866,
2005-10-13,80.0116,32.1484,46.8778,30.2242,17.0237,45.8017,47.02,53.8866,
2005-10-14,80.8565,32.3867,47.6658,30.509,16.9584,45.7307,46.8,53.9,
2005-10-17,81.1563,32.4888,47.7492,30.2027,17.1455,45.7206,47.26,53.8732,
2005-10-18,80.2773,32.259,47.1051,29.8533,16.7103,45.7713,47.0,53.9201,
2005-10-19,81.6128,32.9058,48.1204,30.0952,17.0367,45.7916,46.34,53.9469,
2005-10-20,80.1752,32.5994,47.2263,29.4073,16.3513,45.9132,45.98,53.9469,
2005-10-21,80.4886,32.8036,47.7492,29.5363,16.7865,46.3389,46.52,53.9804,
2005-10-24,81.7355,33.3227,48.7948,29.9985,17.2391,45.9791,46.39,53.9604,
2005-10-25,81.5719,33.1951,48.378,30.0307,16.8996,45.5838,47.06,53.8665,
2005-10-26,81.3335,33.0249,48.128,29.977,16.9606,45.2493,46.93,53.8464,
2005-10-27,80.4682,32.3612,47.1203,29.9178,16.558,45.4115,47.18,53.8866,
2005-10-28,81.6264,32.6079,47.7795,30.1758,16.9932,45.4165,47.22,53.8866,
2005-10-31,81.8513,33.0759,48.325,30.2295,17.2978,45.5027,46.4,53.8665,
2005-11-01,82.0966,33.0504,48.5675,30.4875,17.6024,45.4502,45.73,53.8813,
2005-11-02,82.9551,33.4844,49.5449,30.9067,17.8744,45.2364,46.13,53.8745,
2005-11-03,83.3094,33.9864,49.7191,30.8906,17.894,44.931,45.96,53.8476,
2005-11-04,83.2004,34.1056,49.6131,30.6057,17.857,44.8597,45.51,53.8476,
2005-11-07,83.2821,34.1481,49.7949,30.7831,17.8701,45.0125,45.77,53.8409,
2005-11-08,83.2821,34.1567,49.6131,30.7078,17.7025,45.4502,45.91,53.9082,
2005-11-09,83.3912,34.1737,49.7797,30.6863,17.968,44.9819,46.56,53.8409,
2005-11-10,84.0384,34.5481,50.0449,30.6487,17.9963,45.5317,46.48,53.9149,
2005-11-11,84.3246,34.6417,50.3329,30.81,18.0354,45.5571,46.8,53.9351,
2005-11-14,84.2769,34.6417,50.151,30.6272,17.9876,45.216,46.62,53.8544,
2005-11-15,83.9703,34.48,49.4236,30.4606,17.8853,45.5113,46.66,53.8947,
2005-11-16,84.1406,34.6927,49.4388,30.4069,18.0376,45.9898,47.78,53.9619,
2005-11-17,84.9242,35.1522,50.295,30.9282,18.3031,46.1018,48.48,54.0091,
2005-11-18,85.258,35.2714,50.6814,31.1431,18.3531,45.888,48.46,54.0091,
2005-11-21,85.6873,35.3565,51.1966,31.1861,18.364,46.0255,48.99,54.0427,
2005-11-22,86.0552,35.4841,51.4694,31.2882,18.3553,46.0866,49.32,54.1167,
2005-11-23,86.5526,35.5692,51.53,31.4387,18.5489,45.9084,49.15,54.0494,
2005-11-25,86.6208,35.6458,51.4921,31.1378,18.5359,46.0764,49.42,54.0964,
2005-11-28,86.0075,35.348,50.8102,31.2184,18.4184,46.3055,49.74,54.1099,
2005-11-29,85.9122,35.1778,50.886,31.17,18.2552,45.8677,49.8,54.0696,
2005-11-30,85.4489,35.0927,51.1057,30.9282,18.2987,45.8168,49.1,54.0763,
2005-12-01,86.321,35.7479,51.9392,31.5086,18.7774,45.7452,50.17,54.023,
2005-12-02,86.43,35.833,52.1437,31.6268,18.7556,45.7605,50.32,54.0702,
2005-12-05,86.246,35.5692,51.7725,31.7666,18.9079,45.556,50.78,54.0096,
2005-12-06,86.4096,35.6883,51.9316,31.8633,19.082,46.0213,50.89,54.0837,
2005-12-07,85.9053,35.6203,51.6133,31.6537,18.9014,45.8474,51.32,54.0904,
2005-12-08,85.8509,35.365,51.7497,31.6483,18.76,46.144,51.9,54.1579,
2005-12-09,86.0757,35.5011,52.0073,31.9654,18.9514,45.781,52.4,54.104,
2005-12-12,86.1574,35.6288,52.1664,32.3685,19.0602,45.6941,52.56,54.0972,
2005-12-13,86.7434,35.7734,52.174,32.5243,19.3105,45.8628,51.65,54.1242,
2005-12-14,87.0841,35.6543,52.1134,32.5082,19.1821,46.3332,50.35,54.1849,
2005-12-15,86.832,35.7139,51.583,32.2072,19.1037,46.2207,50.24,54.1849,
2005-12-16,86.5525,35.4674,51.4012,32.4598,19.0385,46.3741,50.09,54.2186,
2005-12-19,86.1073,34.9044,50.7647,32.4007,18.995,46.4201,50.22,54.1849,
2005-12-20,86.1895,34.93,50.7496,32.4061,19.1581,46.3638,49.04,54.1782,
2005-12-21,86.3265,35.0835,51.3633,32.5619,19.4693,46.282,49.37,54.1782,
2005-12-22,86.7786,35.3138,51.6987,32.75,19.4736,46.6501,50.14,54.2253,
2005-12-23,86.8265,35.3138,51.8204,32.7336,19.5898,46.9365,50.12,54.2523,
2005-12-27,85.9429,35.0067,51.0446,32.4325,19.372,47.3199,50.64,54.259,
2005-12-28,86.1347,34.9641,51.3488,32.6679,19.4248,47.188,51.47,54.3261,
2005-12-29,85.7511,34.7338,51.075,32.6788,19.427,47.2907,51.47,54.2855,
2005-12-30,85.2854,34.4694,50.748,32.5311,19.416,47.1829,51.58,54.2652,
2006-01-03,86.7854,35.237,51.7596,33.6204,20.142,47.1212,53.12,54.3396,
2006-01-04,87.1964,35.6038,52.041,33.8995,20.3247,47.2342,53.3,54.3937,
2006-01-05,87.2512,35.7574,52.3224,33.7298,20.4281,47.1777,52.34,54.3463,
2006-01-06,87.9773,36.4056,52.9461,34.1842,20.8549,47.0905,53.72,54.3598,
2006-01-09,88.2033,36.5507,53.296,34.2006,21.0595,47.1212,54.6,54.3667,
2006-01-10,88.2924,36.5762,53.7752,33.894,20.8065,46.7413,54.06,54.3125,
2006-01-11,88.5732,36.8577,53.6839,34.1842,21.0507,46.6643,54.53,54.3125,
2006-01-12,88.2238,36.6786,53.4938,33.905,20.7581,46.9775,54.43,54.3396,
2006-01-13,88.1417,36.6615,53.5166,34.0364,20.7801,47.2496,55.44,54.4479,
2006-01-17,87.9019,36.4227,53.2656,33.6094,20.417,47.4601,55.26,54.4275,
2006-01-18,87.5526,36.0047,53.1515,33.1551,20.406,47.4447,54.07,54.4208,
2006-01-19,87.8882,36.2692,54.0034,33.5328,21.0661,47.3061,55.59,54.4275,
2006-01-20,86.2854,35.1859,53.3873,33.0237,20.4391,47.4293,55.2,54.4479,
2006-01-23,86.5936,35.1944,53.5546,33.4835,21.0331,47.4139,55.77,54.4546,
2006-01-24,86.6827,35.3479,54.1555,33.6532,21.3631,47.1829,55.73,54.441,
2006-01-25,86.758,35.1944,54.2924,33.7681,21.3741,46.6695,56.14,54.3667,
2006-01-26,87.2375,35.4418,55.0759,34.1677,21.8801,46.4692,55.88,54.3734,
2006-01-27,88.0457,35.9194,55.3497,34.3484,22.1309,46.4692,55.63,54.3328,
2006-01-30,87.9773,35.9877,55.19,34.3757,22.0275,46.423,56.68,54.3598,
2006-01-31,87.3334,35.8256,55.0302,34.4086,22.1727,46.5514,56.7,54.3598,
2006-02-01,87.943,35.9536,55.6007,34.5126,22.1617,46.3922,56.7,54.3103,
2006-02-02,86.9224,35.3394,54.764,34.1239,21.5919,46.4798,56.98,54.3103,
2006-02-03,86.4909,34.9044,54.5966,34.0364,21.2971,46.8095,56.5,54.3375,
2006-02-06,86.7169,34.8106,55.0835,33.9871,21.8031,46.9022,56.72,54.3103,
2006-02-07,85.9498,34.657,54.1936,33.7353,21.2311,46.6807,54.6,54.3171,
2006-02-08,86.7306,35.0579,54.5358,33.8557,21.2971,46.5725,54.83,54.2967,
2006-02-09,86.5868,34.7253,54.2544,33.9214,21.3521,46.7838,56.18,54.2832,
2006-02-10,86.7443,34.9385,54.1403,33.8448,21.3191,46.5262,54.79,54.2424,
2006-02-13,86.5868,34.5376,53.7828,33.6094,20.7933,46.5313,53.72,54.2832,
2006-02-14,87.5046,34.8873,54.4065,33.9816,21.3191,46.3664,54.49,54.2832,
2006-02-15,87.8129,35.1091,54.8857,33.6751,21.2091,46.4798,53.76,54.2764,
2006-02-16,88.4704,35.4332,55.3725,33.9981,21.7591,46.4901,54.52,54.3171,
2006-02-17,88.2307,35.1518,55.2584,33.8995,21.7305,46.861,54.96,54.3579,
2006-02-21,88.0115,34.7594,55.015,33.905,21.5391,46.7838,55.12,54.3171,
2006-02-22,88.5458,35.1944,55.3877,34.1623,21.6557,47.1032,55.34,54.3579,
2006-02-23,88.4157,35.1006,55.3497,34.2498,21.6491,46.9847,54.64,54.3103,
2006-02-24,88.6417,35.1944,55.7908,34.3648,21.6909,46.9126,55.64,54.3307,
2006-02-27,88.6759,35.5868,55.943,34.4852,21.8889,46.8353,55.22,54.3036,
2006-02-28,87.8334,35.0579,55.2052,34.1677,21.3191,47.0671,56.07,54.3782,
2006-03-01,88.6143,35.5356,56.2092,34.5181,21.9087,46.7827,56.1,54.3503,
2006-03-02,88.6075,35.5612,55.9734,34.4524,21.9263,46.457,56.74,54.3707,
2006-03-03,88.1965,35.3565,55.692,34.31,21.5611,46.1881,56.28,54.3162,
2006-03-06,87.7923,35.0494,55.2584,34.1787,21.2311,45.7849,55.23,54.3367,
2006-03-07,87.6553,34.8447,54.4598,33.7627,20.4831,45.8159,54.95,54.3367,
2006-03-08,87.8403,34.8617,54.6499,33.8776,20.6041,45.8004,53.97,54.3707,
2006-03-09,87.2512,34.5632,54.1707,33.8393,20.395,45.8159,54.24,54.3911,
2006-03-10,88.08,34.5973,55.0074,34.3539,20.8241,45.6453,53.83,54.3367,
2006-03-13,88.2444,34.6997,55.1215,34.6385,20.8021,45.6091,54.31,54.3367,
2006-03-14,89.1691,35.2882,55.73,35.0052,21.4511,45.9141,54.87,54.4456,
2006-03-15,89.5663,35.5868,56.2396,35.1311,21.6997,45.6659,55.12,54.4593,
2006-03-16,89.7513,35.2882,56.1103,35.2461,21.5061,46.0796,55.34,54.5546,
2006-03-17,89.8262,35.3813,56.3385,35.4158,21.6579,45.94,55.12,54.5342,
2006-03-20,89.6819,35.4666,56.308,35.4869,21.7811,46.0123,55.17,54.5614,
2006-03-21,89.118,35.091,55.5246,35.1202,21.3411,45.7745,54.83,54.466,
2006-03-22,89.6612,35.1764,56.3841,35.4486,21.5765,45.8727,54.75,54.4797,
2006-03-23,89.4756,35.074,56.6275,35.0217,21.3763,45.728,54.7,54.466,
2006-03-24,89.5443,35.2532,57.0994,35.3008,21.5611,46.0641,55.71,54.5409,
2006-03-27,89.4137,35.2618,57.107,35.2406,21.6931,45.8934,56.39,54.5273,
2006-03-28,88.8635,35.1166,56.8097,34.9012,21.2971,45.4643,56.06,54.4797,
2006-03-29,89.4206,35.7825,57.8617,35.361,21.7041,45.2471,57.07,54.4797,
2006-03-30,89.2624,35.8934,57.7092,35.788,21.8141,44.9317,58.6,54.4524,
2006-03-31,89.283,35.791,57.9151,35.5362,21.7811,44.9162,58.1,54.4728,
2006-04-03,89.2142,35.8337,57.4348,35.9248,22.3972,44.9307,58.47,54.4428,
2006-04-04,89.7851,36.03,57.694,36.2095,22.5292,44.884,58.33,54.4838,
2006-04-05,90.0945,36.3714,57.9914,36.3299,22.7602,44.9463,58.66,54.4906,
2006-04-06,89.9982,36.4739,58.1133,36.3628,22.6436,44.6037,59.28,54.4838,
2006-04-07,89.0836,36.1239,57.1832,35.9467,22.2981,44.1678,58.59,54.4496,
2006-04-10,89.2211,36.0727,57.1223,36.0124,22.2211,44.2508,59.6,54.4633,
2006-04-11,88.4647,35.7825,56.1083,35.7716,22.0319,44.4065,59.01,54.5111,
2006-04-12,88.6298,35.791,56.6953,35.5964,22.1595,44.1367,59.43,54.4769,
2006-04-13,88.5128,35.9361,56.8402,35.6895,22.2651,43.8253,59.5,54.4701,
2006-04-17,88.4784,35.5605,56.8783,35.8537,22.5292,43.9861,61.09,54.5042,
2006-04-18,89.8813,36.2434,58.4716,36.5872,23.2772,44.064,61.85,54.5794,
2006-04-19,90.0532,36.4056,58.8985,36.839,23.4202,43.7941,63.75,54.5658,
2006-04-20,90.177,36.2775,58.5859,36.6747,23.3366,43.7578,60.96,54.5453,
2006-04-21,90.1908,35.8507,58.4564,36.9211,23.5192,44.0121,63.2,54.5453,
2006-04-24,90.0257,35.8166,57.9914,36.9594,23.2112,44.1885,61.65,54.5726,
2006-04-25,89.6544,35.7398,58.0294,36.9375,22.8922,43.6643,62.78,54.5316,
2006-04-26,89.675,35.7312,57.9837,37.1674,23.3432,43.5917,63.65,54.4906,
2006-04-27,90.1082,36.0727,57.5034,37.2331,22.9758,43.6488,62.96,54.5794,
2006-04-28,90.4108,35.7227,58.0904,37.2386,23.2002,43.6799,65.09,54.5931,
2006-05-01,89.675,35.3727,57.3738,37.2221,23.1936,43.3517,65.16,54.5609,
2006-05-02,90.3489,35.4666,58.1591,37.7914,23.6028,43.4663,66.55,54.5677,
2006-05-03,90.012,35.4154,58.0599,37.567,23.6292,43.3725,66.46,54.5677,
2006-05-04,90.3352,35.7056,58.7689,37.8571,23.8602,43.2995,67.48,54.5746,
2006-05-05,91.1329,35.9873,59.0967,38.4373,24.2452,43.5601,67.99,54.5883,
2006-05-08,91.0229,36.0215,59.1806,38.4045,24.4213,43.5861,67.56,54.5814,
2006-05-09,91.2017,35.8849,59.0967,38.6344,24.4433,43.5601,69.68,54.5883,
2006-05-10,91.1535,35.5691,58.7384,38.514,24.1792,43.6382,70.38,54.5883,
2006-05-11,90.0532,34.7752,57.4119,38.1253,23.5632,43.4246,71.03,54.6089,
2006-05-12,88.8773,34.3057,56.0321,37.6327,22.9472,43.0651,71.12,54.5883,
2006-05-15,89.0561,34.2802,55.7805,37.3097,22.3972,43.237,67.41,54.6157,
2006-05-16,88.9254,34.0241,55.872,37.255,22.5094,43.5601,68.61,54.6637,
2006-05-17,87.2337,33.5631,54.8505,36.0672,21.7371,43.2891,68.15,54.6363,
2006-05-18,86.7936,33.3326,54.3321,35.9577,21.3191,43.8779,67.46,54.6911,
2006-05-19,87.4056,33.5887,54.8124,36.1383,21.7789,43.9925,65.58,54.6774,
2006-05-22,86.7385,33.2644,54.2025,35.3446,20.7537,44.0863,65.3,54.6774,
2006-05-23,86.0784,32.94,53.5011,35.3556,20.5271,44.0603,66.38,54.7117,
2006-05-24,86.7661,33.1619,53.9128,35.3337,20.3841,44.0811,64.06,54.746,
2006-05-25,87.8389,33.5973,55.0487,35.8099,21.2509,43.9092,64.7,54.746,
2006-05-26,88.2859,33.7082,55.3765,36.1,21.1871,43.8779,65.1,54.7665,
2006-05-30,86.7179,32.9827,53.8518,35.5526,20.274,43.8571,65.11,54.7255,
2006-05-31,87.6875,33.1363,54.7895,35.8154,20.6151,43.5965,64.23,54.6843,
2006-06-01,88.5266,33.9216,55.8568,36.0453,21.0375,43.7911,62.56,54.7517,
2006-06-02,88.7122,33.8363,55.8186,36.3956,21.2531,44.3562,63.5,54.8342,
2006-06-05,87.4194,33.1022,54.1949,35.6074,20.3511,44.2986,63.29,54.7861,
2006-06-06,87.2062,33.0766,53.9662,35.1749,20.2014,44.5078,62.55,54.7861,
2006-06-07,86.5529,32.829,53.4401,34.6932,19.757,44.5183,62.28,54.7517,
2006-06-08,86.4772,32.7778,53.4859,33.9269,19.405,44.6072,60.91,54.8136,
2006-06-09,86.2022,32.5644,53.0132,33.8886,19.152,44.8426,60.45,54.8136,
2006-06-12,85.2669,31.9242,51.7935,33.5985,18.4391,44.8793,60.03,54.8205,
2006-06-13,84.2766,31.7962,50.8101,32.5475,18.0299,44.9107,55.92,54.8067,
2006-06-14,84.9299,32.1206,51.42,33.0182,18.5469,44.4608,55.62,54.7517,
2006-06-15,86.7317,32.9912,53.181,34.1568,19.6272,44.2044,57.32,54.738,
2006-06-16,86.0997,32.7487,52.4872,33.8831,19.515,44.105,57.68,54.7105,
2006-06-19,85.4227,32.4838,51.458,33.7134,18.789,44.0423,56.36,54.6898,
2006-06-20,85.7128,32.5266,51.3971,33.9159,19.02,43.969,57.3,54.6829,
2006-06-21,86.3483,33.0391,52.2966,34.3539,19.636,43.9795,58.33,54.6967,
2006-06-22,85.9684,32.6205,52.1019,34.1732,19.284,43.7284,57.73,54.6691,
2006-06-23,85.9546,32.5863,52.415,34.0747,19.251,43.6394,57.99,54.6554,
2006-06-26,86.3345,32.6717,53.064,34.3429,19.251,43.5558,58.28,54.6623,
2006-06-27,85.5885,32.0568,52.1478,33.7079,18.888,43.7702,57.68,54.6967,
2006-06-28,86.1687,32.2959,52.3768,34.0911,19.4798,43.5401,57.54,54.6691,
2006-06-29,87.9093,33.2782,54.4001,35.3501,20.6371,43.6866,59.52,54.7654,
2006-06-30,87.9163,33.1159,54.7666,35.7935,20.6591,44.1103,61.23,54.8136,
2006-07-03,88.2755,33.3124,55.4537,35.9796,21.1167,44.0667,62.18,54.8053,
2006-07-05,87.7712,32.5863,54.6444,35.2953,20.4611,43.7148,62.5,54.757,
2006-07-06,88.0268,32.5522,54.6292,35.6676,20.8791,43.9826,63.02,54.7984,
2006-07-07,87.4535,32.1934,53.8198,35.5033,20.4831,44.2662,62.63,54.8398,
2006-07-10,87.6193,31.9116,53.8275,35.7989,20.6481,44.3082,62.02,54.8398,
2006-07-11,88.006,32.1507,54.3009,35.8975,20.7471,44.4501,63.81,54.8398,
2006-07-12,87.0667,31.5443,53.1785,35.2242,20.285,44.4605,64.92,54.8606,
2006-07-13,85.6507,31.0147,51.9722,34.6056,19.482,44.6339,65.55,54.9296,
2006-07-14,85.3191,30.6987,51.5599,34.31,19.581,44.6601,65.85,54.9364,
2006-07-17,85.1948,30.7755,51.4911,33.8283,19.273,44.7284,63.95,54.9296,
2006-07-18,85.63,30.878,51.8423,33.7736,19.5414,44.345,62.9,54.8881,
2006-07-19,86.818,31.2795,53.064,34.6056,20.7471,44.7651,64.03,54.9641,
2006-07-20,86.224,30.8182,51.7049,34.4195,20.1508,44.8964,62.54,55.0331,
2006-07-21,85.6161,30.4936,50.9643,34.4195,19.7592,44.8124,61.71,55.0193,
2006-07-24,87.1772,31.1001,52.5906,35.0436,20.6481,44.7861,61.14,55.0193,
2006-07-25,87.488,31.2795,52.7204,35.0326,20.7031,44.6549,61.55,55.0055,
2006-07-26,87.6055,31.2538,52.6058,35.2789,20.6151,44.8176,62.0,55.0745,
2006-07-27,87.5226,31.0488,52.1019,35.4979,20.8989,44.7494,62.9,55.1022,
2006-07-28,88.3998,31.698,53.1938,36.2095,21.3477,45.0067,63.11,55.1711,
2006-07-31,88.31,31.6895,53.2014,36.0836,21.1431,45.0645,63.16,55.1781,
2006-08-01,87.8748,31.1599,52.3692,35.8318,20.8021,45.0602,64.32,55.212,
2006-08-02,88.4689,31.5101,53.064,36.2259,21.0771,45.229,64.75,55.212,
2006-08-03,88.7037,31.7066,53.7053,36.1657,21.0551,45.2396,64.12,55.205,
2006-08-04,88.5518,31.5613,53.1556,36.1931,21.0991,45.5137,64.28,55.2536,
2006-08-07,88.3445,31.3563,52.9495,35.9686,20.9671,45.5401,64.5,55.2744,
2006-08-08,88.006,31.1599,52.2165,35.8427,20.9671,45.4399,63.97,55.3021,
2006-08-09,87.709,31.2026,51.6896,36.0179,21.0463,45.2923,64.63,55.3228,
2006-08-10,87.9784,31.4247,52.1478,36.1,21.2619,45.2238,63.25,55.309,
2006-08-11,87.7298,31.2026,51.6133,35.788,21.0045,45.0286,62.71,55.2605,
2006-08-14,87.7988,31.4076,51.9187,35.9084,21.0881,44.9496,62.25,55.2328,
2006-08-15,88.8488,32.202,53.0029,36.6857,21.6051,45.3292,62.01,55.309,
2006-08-16,89.5878,32.9622,53.7664,37.0196,21.8163,45.635,62.49,55.3991,
2006-08-17,89.8158,33.0818,53.8504,36.8828,21.8471,45.6192,61.03,55.3921,
2006-08-18,90.2717,33.133,54.1634,37.036,21.6403,45.751,61.04,55.4129,
2006-08-21,89.8849,32.8169,53.5831,36.9211,21.5281,45.9145,62.44,55.4476,
2006-08-22,89.8779,32.8255,53.7588,36.8171,21.5215,45.9302,62.05,55.4406,
2006-08-23,89.6293,32.5778,53.1403,36.6857,21.1321,45.9514,61.83,55.4268,
2006-08-24,89.5533,32.6717,53.0487,36.5817,21.0749,46.0357,61.75,55.4614,
2006-08-25,89.6638,32.7316,53.1403,36.5543,21.1343,46.1042,61.77,55.4753,
2006-08-28,90.092,32.9793,53.7053,36.7076,21.3741,46.1465,61.0,55.4891,
2006-08-29,90.1957,33.0818,54.4001,37.0032,21.4467,46.2097,60.94,55.5099,
2006-08-30,90.2509,33.2355,54.82,37.0032,21.5391,46.331,61.42,55.5445,
2006-08-31,90.2372,33.2013,54.7971,37.0032,21.4775,46.4417,62.29,55.593,
2006-09-01,90.7759,33.3807,54.8353,37.2769,21.7173,46.4576,62.14,55.6563,
2006-09-05,90.9486,33.7053,55.3316,37.4739,21.8361,46.1664,63.36,55.5937,
2006-09-06,90.1473,33.0305,54.1558,36.8444,21.2091,46.1029,62.86,55.5937,
2006-09-07,89.7329,32.8768,53.6748,36.4011,20.9671,46.1929,61.25,55.5937,
2006-09-08,89.9885,33.0732,53.8809,36.412,21.1387,46.2299,60.64,55.6284,
2006-09-11,90.0783,33.2782,53.8122,36.1931,20.6833,46.1876,58.5,55.6215,
2006-09-12,90.9624,33.8932,55.0796,36.6091,21.0375,46.4205,58.32,55.6493,
2006-09-13,91.3285,34.1238,55.5454,36.5379,21.3521,46.4417,58.62,55.6563,
2006-09-14,91.3354,34.158,55.3469,36.5872,21.1761,46.3358,57.19,55.6076,
2006-09-15,91.5498,34.2802,55.4767,36.5105,21.3015,46.2988,57.4,55.6284,
2006-09-18,91.6746,34.2887,55.4614,36.6638,21.5413,46.2247,58.23,55.6215,
2006-09-19,91.4457,34.058,55.2171,36.3244,21.2091,46.7435,56.92,55.698,
2006-09-20,91.9313,34.5537,55.9577,36.6802,21.6447,46.8123,57.26,55.7188,
2006-09-21,91.4873,34.3401,55.3545,36.7678,21.1167,47.241,57.95,55.8162,
2006-09-22,91.2098,34.0751,54.6215,36.5872,20.8483,47.474,58.5,55.844,
2006-09-25,91.9105,34.6734,55.2705,36.7404,21.0903,47.8075,58.5,55.8926,
2006-09-26,92.6737,34.8443,55.4474,36.828,21.3389,47.6063,58.74,55.8301,
2006-09-27,92.7847,34.8015,55.8534,37.0634,21.2905,47.4687,59.81,55.8718,
2006-09-28,92.75,34.8956,55.6313,37.1674,21.4621,47.3893,59.79,55.8926,
2006-09-29,92.6737,34.7417,55.1487,37.0853,21.2905,47.3311,59.47,55.837,
2006-10-02,92.3268,34.3059,54.6279,37.1893,21.2553,47.4608,59.15,55.9026,
2006-10-03,92.521,34.4511,54.5513,37.2221,20.9671,47.3969,57.11,55.9097,
2006-10-04,93.6033,35.2972,55.8764,37.5779,21.5281,47.7424,56.37,56.0073,
2006-10-05,93.7837,35.4682,56.5887,37.6217,21.8141,47.4076,56.92,55.9515,
2006-10-06,93.6658,35.3913,56.2977,37.2878,21.7591,46.9133,56.99,55.8817,
2006-10-09,93.7213,35.5109,56.7266,37.3152,21.6777,47.0409,57.2,55.8887,
2006-10-10,93.8461,35.5708,56.7572,37.359,21.8735,46.6688,57.0,55.812,
2006-10-11,93.7351,35.5024,56.5351,37.3316,21.7569,46.5306,56.88,55.805,
2006-10-12,94.5469,36.0665,57.6764,37.7312,22.2871,46.5572,57.49,55.8328,
2006-10-13,94.7897,36.263,58.1359,37.7969,22.4192,46.3234,58.57,55.812,
2006-10-16,94.9354,36.2972,58.4806,37.9392,22.4808,46.5306,59.17,55.8398,
2006-10-17,94.637,35.8955,58.1896,37.7038,22.1859,46.5678,58.65,55.8468,
2006-10-18,94.7619,35.7246,58.1972,37.7969,22.4038,46.6635,58.59,55.8538,
2006-10-19,94.9145,35.81,58.4806,38.0815,22.5028,46.5785,59.41,55.8468,
2006-10-20,94.9354,35.8955,57.9061,38.202,22.3972,46.5306,58.78,55.8677,
2006-10-23,95.3725,36.263,58.0211,38.2348,22.3774,46.3446,57.76,55.8398,
2006-10-24,95.6569,36.0152,58.1359,38.2403,22.5049,46.3446,58.17,55.8398,
2006-10-25,95.983,36.263,58.5189,38.5085,22.7668,46.7113,58.76,55.9026,
2006-10-26,96.2813,36.5963,59.0091,38.8041,22.8218,47.0142,59.29,55.9724,
2006-10-27,95.6777,36.075,58.3198,38.5359,22.4412,47.2322,59.4,56.0283,
2006-10-30,95.6083,36.3058,58.5725,38.4538,22.3641,47.3651,59.9,55.9933,
2006-10-31,95.5944,36.3912,58.3887,38.4757,22.7932,47.7318,60.24,56.0701,
2006-11-01,94.9492,35.8955,57.1249,38.41,22.5644,47.9959,61.36,56.11,
2006-11-02,94.8937,35.9297,57.0406,38.5523,22.6348,47.7985,61.92,56.0961,
2006-11-03,94.7272,35.8357,57.3164,38.4045,22.7052,47.2329,62.3,55.991,
2006-11-06,95.7956,36.357,57.9827,38.9738,23.2442,47.3716,61.89,55.9839,
2006-11-07,96.1633,36.6049,58.3657,39.0176,23.1452,47.5904,62.04,56.054,
2006-11-08,96.3715,36.7758,58.6645,39.0285,23.2046,47.7611,61.11,56.082,
2006-11-09,95.865,36.6049,58.1283,38.8315,23.2838,47.7345,62.95,56.075,
2006-11-10,95.9066,36.7758,58.6108,38.9847,23.3168,47.9425,62.49,56.1171,
2006-11-13,96.1425,37.1519,58.6951,38.7384,23.396,47.9319,62.19,56.1171,
2006-11-14,96.864,37.545,59.8287,39.1654,23.7612,48.1186,61.63,56.1241,
2006-11-15,97.1416,37.6989,60.2806,39.1544,23.8052,47.9372,61.84,56.0891,
2006-11-16,97.3913,37.8612,60.2346,39.0723,23.5654,47.7184,61.31,56.068,
2006-11-17,97.4191,37.8612,60.1964,38.9573,23.539,47.9906,61.78,56.1381,
2006-11-20,97.4745,37.9381,60.2806,38.6618,23.4466,48.0653,61.77,56.1521,
2006-11-21,97.5717,37.9894,60.3802,38.8533,23.8206,48.1826,62.27,56.1661,
2006-11-22,97.7659,38.2287,60.4491,39.2311,23.9878,48.2627,62.5,56.2081,
2006-11-24,97.3705,38.1603,60.1734,39.023,23.9834,48.348,63.5,56.2151,
2006-11-27,96.0315,37.2971,58.8253,38.7001,23.5302,48.5241,63.7,56.2501,
2006-11-28,96.4478,37.4083,59.0244,39.0449,23.6666,48.6254,63.57,56.2781,
2006-11-29,97.4537,37.6646,59.7904,39.4883,24.0494,48.5134,63.16,56.2781,
2006-11-30,97.4954,37.639,59.7981,39.658,24.1572,48.8335,64.39,56.3412,
2006-12-01,97.2803,37.3142,59.5759,39.6087,24.0582,48.9578,64.12,56.4515,
2006-12-04,98.0226,37.827,60.7555,39.866,24.5599,49.0434,64.12,56.4445,
2006-12-05,98.4459,37.9638,60.8015,40.0904,24.9889,48.8132,63.81,56.4445,
2006-12-06,98.3626,37.827,60.5947,40.0029,24.8173,48.7168,62.69,56.4375,
2006-12-07,97.9324,37.3484,60.3342,40.1397,24.7293,48.6793,62.73,56.4234,
2006-12-08,98.1128,37.5194,60.3419,40.0412,24.6193,48.3258,62.05,56.3531,
2006-12-11,98.3973,37.6561,60.4951,40.2054,24.6303,48.5347,62.57,56.3602,
2006-12-12,98.3209,37.4339,60.1657,40.3696,24.3333,48.6364,62.52,56.4375,
2006-12-13,98.425,37.5023,60.2424,40.5229,24.4653,48.2027,62.48,56.3602,
2006-12-14,99.2922,37.9211,60.4874,40.6871,24.8833,48.026,62.12,56.332,
2006-12-15,99.3013,38.0186,60.4338,40.5229,24.9933,48.0527,61.0,56.3531,
2006-12-18,99.0292,37.6421,59.6755,40.4626,24.8195,48.0688,61.04,56.3531,
2006-12-19,99.2176,37.5223,59.6372,40.6433,24.6633,48.0045,61.8,56.3602,
2006-12-20,99.1618,37.3854,59.9826,40.5721,24.9362,47.9991,61.62,56.3953,
2006-12-21,98.799,37.1201,59.7057,40.5515,24.8915,48.2401,61.38,56.4375,
2006-12-22,98.192,36.7351,59.3134,40.4564,24.9808,47.8707,61.65,56.4304,
2006-12-26,98.7711,36.8891,60.1595,40.4397,25.2129,48.0152,61.98,56.4304,
2006-12-27,99.4199,37.0773,60.8749,40.9427,25.5721,47.6622,62.22,56.3994,
2006-12-28,99.2106,36.8976,60.5979,40.9707,25.523,47.5547,62.9,56.3641,
2006-12-29,98.799,36.9319,60.0211,40.9259,25.4762,47.5171,63.21,56.3782,
2007-01-03,98.6246,37.0003,60.1211,41.088,25.6926,47.8556,62.28,56.4347,
2007-01-04,98.8339,37.702,60.2826,40.9707,25.3378,48.1458,61.65,56.4911,
2007-01-05,98.0455,37.5223,59.0211,40.3558,24.597,47.9362,60.17,56.4558,
2007-01-08,98.499,37.548,58.7903,40.4117,24.7755,48.0222,60.48,56.4206,
2007-01-09,98.4153,37.7362,59.3441,40.4508,24.2221,48.0222,60.85,56.4417,
2007-01-10,98.7432,38.1812,59.8056,40.1434,24.1663,47.8073,60.59,56.4276,
2007-01-11,99.1757,38.5748,60.1749,40.4005,24.472,47.5278,60.63,56.3853,
2007-01-12,99.9292,38.7716,60.7518,40.8589,24.9696,47.3076,62.17,56.3501,
2007-01-16,99.7338,38.7459,60.3441,40.8086,25.0589,47.4096,61.97,56.4065,
2007-01-17,99.7757,38.4293,60.0826,40.8309,24.954,47.2645,62.64,56.3853,
2007-01-18,99.4408,37.7191,59.5826,40.6912,24.6907,47.4096,62.26,56.4065,
2007-01-19,99.6362,37.7961,59.8134,41.1886,25.1348,47.2807,63.0,56.3994,
2007-01-22,99.3292,37.3854,59.3749,40.9818,25.1058,47.3935,62.72,56.4206,
2007-01-23,99.6222,37.2913,59.9364,41.3452,25.677,47.0818,64.23,56.3924,
2007-01-24,100.4245,37.9074,60.5903,41.6134,25.9001,47.0765,64.33,56.4206,
2007-01-25,99.2455,37.4196,59.8287,40.9371,25.1035,46.738,64.06,56.3782,
2007-01-26,99.1548,37.2827,60.0518,41.0154,25.2575,46.7004,64.17,56.3853,
2007-01-29,99.099,37.3169,60.5749,41.0601,24.9228,46.5983,63.77,56.3924,
2007-01-30,99.6153,37.3341,60.9056,41.3396,25.3088,46.652,64.22,56.4065,
2007-01-31,100.285,37.7105,61.0364,41.4961,25.5052,47.0443,64.83,56.4699,
2007-02-01,100.885,37.6507,61.6902,41.8426,25.8176,46.9876,65.22,56.4629,
2007-02-02,101.0244,37.7876,61.7287,41.7588,25.7395,47.0469,64.28,56.4841,
2007-02-05,101.0524,37.7533,61.721,41.6246,25.764,47.1117,64.31,56.4699,
2007-02-06,101.0803,37.702,61.8748,41.9488,26.0184,47.3707,64.79,56.5336,
2007-02-07,101.3035,38.0443,62.444,42.0662,25.918,47.5109,64.63,56.5619,
2007-02-08,101.1709,38.0357,62.344,41.8985,25.7796,47.5487,65.52,56.5832,
2007-02-09,100.4175,37.548,61.7748,41.7196,25.4717,47.279,66.12,56.5265,
2007-02-12,100.0757,37.4025,61.6056,41.5576,25.2977,47.1711,65.67,56.5265,
2007-02-13,100.9198,37.5309,62.0594,42.0885,25.6993,47.0685,65.84,56.5195,
2007-02-14,101.5826,38.1641,62.1517,42.6587,26.2527,47.5163,66.37,56.6469,
2007-02-15,101.7151,38.3866,62.1979,42.709,26.2683,47.6566,66.41,56.6751,
2007-02-16,101.6663,38.2582,62.4363,42.6922,26.3286,47.8239,66.36,56.6893,
2007-02-20,101.8826,38.5491,63.0363,42.7537,26.3978,47.9318,65.31,56.6822,
2007-02-21,101.8407,38.6689,63.1517,42.5357,26.4759,47.8509,67.35,56.7176,
2007-02-22,101.764,38.8657,63.3748,42.7258,26.4089,47.5918,67.15,56.6822,
2007-02-23,101.3663,38.7288,63.0363,42.8599,26.2192,47.9318,67.72,56.7459,
2007-02-26,101.2756,38.5406,62.9902,42.8823,26.2081,48.2501,68.1,56.7884,
2007-02-27,97.32,36.9575,60.0364,41.1551,24.0771,48.8598,65.41,56.9229,
2007-02-28,98.3176,37.0773,60.6364,41.4458,24.6796,48.6386,66.48,56.8804,
2007-03-01,98.0246,36.9062,60.321,41.021,24.3248,48.6077,65.82,56.9593,
2007-03-02,96.741,36.35,59.1211,40.4676,24.0994,48.8514,63.71,57.0231,
2007-03-05,95.8201,36.0676,57.8211,39.6292,23.4813,48.9326,62.93,57.0445,
2007-03-06,97.4595,36.6666,59.398,40.8589,24.5122,48.7864,64.15,56.9948,
2007-03-07,97.3619,36.5211,59.2057,40.8701,24.3627,48.976,64.3,57.0516,
2007-03-08,98.1851,36.7693,59.6518,41.3508,24.992,48.9326,64.48,57.0516,
2007-03-09,98.213,36.7351,60.1364,41.4178,25.0366,48.4181,64.25,56.9521,
2007-03-12,98.3595,36.9747,60.3056,41.6861,25.1593,48.6077,64.37,57.0019,
2007-03-13,96.448,36.2559,58.7595,40.6912,24.4274,48.9002,63.72,57.08,
2007-03-14,97.1666,36.7864,59.3826,40.708,24.6282,48.6781,63.94,57.0942,
2007-03-15,97.2991,36.7008,59.8441,40.8924,24.8291,48.6727,63.98,57.08,
2007-03-16,97.0266,36.6726,59.4365,40.9427,24.6171,48.6619,64.62,57.0728,
2007-03-19,98.1963,37.0493,60.1749,41.5743,25.1571,48.5589,64.74,57.0231,
2007-03-20,98.7356,37.3148,60.6518,41.9265,25.3222,48.586,65.27,57.0728,
2007-03-21,100.3605,38.034,61.7441,42.8208,26.0809,48.6077,65.82,57.1652,
2007-03-22,100.2835,37.897,61.7441,42.6587,25.9693,48.2232,65.76,57.1083,
2007-03-23,100.4305,37.7771,61.8397,42.7593,26.0898,48.0877,65.15,57.0728,
2007-03-26,100.2975,37.9312,61.7086,42.7761,26.0742,48.1473,65.84,57.1297,
2007-03-27,100.0594,37.6658,61.4234,42.586,25.9582,48.0661,65.7,57.1368,
2007-03-28,99.331,37.2634,60.9996,42.2115,25.494,47.9686,66.05,57.1652,
2007-03-29,99.436,37.3062,61.0767,42.5804,26.0006,47.9036,65.65,57.1368,
2007-03-30,99.457,37.2719,61.2308,42.6475,25.9961,47.8116,65.74,57.1368,
2007-04-02,99.5691,37.3233,61.3849,42.7593,26.1746,47.8909,65.85,57.1475,
2007-04-03,100.6407,37.8114,62.04,43.117,26.6031,47.8311,65.83,57.1475,
2007-04-04,100.7528,37.9655,62.0323,43.2959,26.7704,47.8801,66.81,57.1831,
2007-04-05,101.0259,38.1539,61.9938,43.4524,26.7949,47.7007,66.86,57.1617,
2007-04-09,101.166,38.0597,62.0785,43.4188,26.9489,47.3854,66.53,57.0334,
2007-04-10,101.2851,38.2566,62.2712,43.743,27.0761,47.5267,67.16,57.1047,
2007-04-11,100.8718,37.8542,61.8859,43.5306,26.8262,47.4941,67.08,57.1047,
2007-04-12,101.3201,38.1539,62.302,43.8213,27.2747,47.505,66.99,57.0976,
2007-04-13,101.7824,38.2309,62.7028,43.9666,27.4086,47.3582,67.84,57.069,
2007-04-16,102.7489,38.582,63.566,44.4305,27.7344,47.6191,68.4,57.062,
2007-04-17,103.0221,38.6676,63.3733,44.4361,27.5849,47.8855,68.0,57.1546,
2007-04-18,103.1482,38.5392,63.0033,44.4193,27.3796,48.1246,68.38,57.233,
2007-04-19,103.1201,38.659,62.7028,44.2517,27.1587,48.0431,67.53,57.233,
2007-04-20,104.0937,38.8731,63.4349,44.7603,27.4822,47.918,68.7,57.2187,
2007-04-23,103.7015,38.933,63.3655,44.3243,27.3729,48.092,68.26,57.2615,
2007-04-24,103.7435,39.13,63.3348,44.2964,27.3684,48.2714,67.73,57.3114,
2007-04-25,104.696,39.6523,63.512,44.71,27.7076,48.1029,67.89,57.29,
2007-04-26,104.8151,39.8578,63.8666,44.5032,27.634,47.755,66.87,57.2472,
2007-04-27,104.7311,39.8749,63.5968,44.4082,27.4956,47.7442,67.56,57.2686,
2007-04-30,103.8625,39.3526,62.225,44.2461,26.9645,48.2442,67.09,57.3114,
2007-05-01,104.1287,39.3183,62.4793,44.2014,27.0716,48.2792,66.69,57.2871,
2007-05-02,104.738,39.7465,63.3116,44.5367,27.6094,48.2519,66.66,57.3157,
2007-05-03,105.3054,39.892,63.4273,44.5982,27.8415,48.1428,67.49,57.2727,
2007-05-04,105.7046,39.9263,63.828,45.0174,27.8326,48.3392,68.19,57.3014,
2007-05-07,105.7257,39.9263,63.6431,45.0845,28.0133,48.4701,68.25,57.3014,
2007-05-08,105.5855,40.0119,63.4195,44.7156,27.6496,48.361,67.88,57.33,
2007-05-09,105.8727,40.0975,63.6739,44.9615,28.0959,48.17,67.45,57.2871,
2007-05-10,104.7661,39.5495,62.8878,44.0728,27.4086,48.2846,66.0,57.3371,
2007-05-11,105.6626,40.0547,63.4581,44.8162,28.1048,48.1155,66.45,57.3157,
2007-05-14,105.4315,39.7807,62.9032,44.6485,27.8259,47.99,66.28,57.2727,
2007-05-15,105.4594,39.4725,62.4023,44.7268,27.8593,47.9736,66.54,57.2871,
2007-05-16,106.1809,39.8578,62.7413,44.7938,28.2632,47.9409,65.6,57.3443,
2007-05-17,105.9707,39.6694,62.2558,44.5647,28.1606,47.7445,65.06,57.3086,
2007-05-18,106.8953,39.9948,62.988,44.9056,28.3056,47.4281,65.52,57.2513,
2007-05-21,106.8393,40.2516,63.7818,44.6988,28.3569,47.5699,65.67,57.2656,
2007-05-22,106.7552,40.2859,64.1748,44.738,28.3614,47.3244,65.2,57.2799,
2007-05-23,106.7692,40.0975,64.0053,44.9671,28.3168,47.188,65.54,57.2656,
2007-05-24,105.8027,39.5238,63.1652,44.5367,27.6362,47.2316,64.75,57.2871,
2007-05-25,106.2439,39.7722,63.5737,44.8218,28.0602,47.1225,64.94,57.3228,
2007-05-29,106.6291,40.0804,64.1594,44.8777,27.9642,47.1171,65.07,57.2656,
2007-05-30,107.4976,40.4058,64.591,45.0677,28.2498,47.2153,64.72,57.3086,69.961
2007-05-31,107.3856,40.5941,64.9455,45.2913,28.3302,47.128,65.54,57.2727,69.961
2007-06-01,107.9179,40.6198,65.2769,45.5875,29.0375,46.8804,66.44,57.2433,69.9763
2007-06-04,107.9319,40.7397,65.3462,45.7105,28.9081,47.094,66.54,57.2649,69.9916
2007-06-05,107.5047,40.7397,65.0842,45.4758,28.8077,46.7982,66.37,57.2147,69.9916
2007-06-06,106.349,40.303,64.3598,44.8218,28.0825,46.7763,66.41,57.2864,70.0221
2007-06-07,104.4299,39.678,63.0265,44.056,27.6496,45.9383,65.26,57.2218,70.0068
2007-06-08,105.7886,40.166,63.8511,44.5367,28.1383,45.9,64.22,57.2433,70.0221
2007-06-11,105.9707,40.089,63.8666,44.6876,28.3793,45.7685,64.7,57.2505,70.0526
2007-06-12,104.8151,39.8492,62.8107,43.8939,27.8861,45.1058,64.1,57.2002,69.9916
2007-06-13,106.384,40.2859,63.6507,44.4641,28.444,45.6425,64.53,57.2147,70.0526
2007-06-14,107.0634,40.5513,64.2288,44.7938,28.8902,45.5275,64.6,57.2147,70.0832
2007-06-15,107.6726,40.9258,64.9917,45.1572,29.5485,45.8398,64.85,57.2936,70.1443
2007-06-18,107.546,40.9343,64.8684,45.4087,29.5753,45.7466,64.95,57.2936,70.1596
2007-06-19,107.8133,40.9258,65.0379,45.4534,29.6088,46.1738,65.48,57.3941,70.1596
2007-06-20,106.3149,40.5402,63.9128,44.9168,29.3566,45.8014,64.71,57.3367,70.1748
2007-06-21,106.9058,40.9087,64.4137,45.3248,29.7226,45.5823,64.56,57.3581,70.1748
2007-06-22,105.8999,40.5231,63.905,44.6988,29.3298,45.878,64.78,57.4372,70.236
2007-06-25,105.3935,40.3517,63.5737,44.6876,29.1067,46.13,64.43,57.4874,70.2054
2007-06-26,104.3102,40.1203,63.1036,44.4641,28.8523,46.1409,63.62,57.4515,70.2207
2007-06-27,105.7944,40.7373,64.4214,44.7827,29.2629,46.1848,63.67,57.4443,70.2054
2007-06-28,105.7804,40.7201,64.4129,44.8162,29.2696,46.1738,64.26,57.43,70.236
2007-06-29,105.8155,40.7887,64.0114,45.146,29.3722,46.6504,64.27,57.5448,70.2665
2007-07-02,106.7722,41.1572,64.8376,45.7999,29.968,46.8956,65.02,57.5823,70.2865
2007-07-03,107.159,41.3971,65.1465,46.0179,30.2068,46.6097,64.74,57.5606,70.2865
2007-07-05,107.0465,41.697,65.2546,45.7888,30.3407,46.0873,64.42,57.4814,70.2865
2007-07-06,107.6093,41.8684,65.4785,46.1185,30.8606,45.9004,64.96,57.4742,70.3171
2007-07-09,107.6936,41.8941,65.4167,46.2303,31.1596,46.0653,65.38,57.5174,70.3325
2007-07-10,106.1602,41.5428,64.3434,45.6658,30.546,46.8461,65.61,57.6255,70.3478
2007-07-11,106.9129,41.8255,64.7295,46.0962,30.7981,46.3622,65.44,57.5967,70.3478
2007-07-12,108.6011,42.4682,65.4939,46.739,31.4742,46.2028,66.02,57.5606,70.3632
2007-07-13,108.9247,42.7595,65.5557,46.7054,31.8647,46.3293,66.03,57.5895,70.3785
2007-07-16,108.9105,42.7167,65.2314,46.5992,31.5523,46.7746,65.82,57.6472,70.3939
2007-07-17,108.8543,43.0423,65.2777,46.4427,31.5278,46.6756,65.75,57.6111,70.4246
2007-07-18,108.6573,42.9909,65.0693,46.2806,31.1418,46.8516,66.62,57.6976,70.4092
2007-07-19,109.0794,43.1195,65.2546,46.5433,31.4519,46.8406,67.01,57.6904,70.4246
2007-07-20,107.975,42.8881,64.2817,46.0626,31.2355,47.2639,67.58,57.7841,70.4553
2007-07-23,108.3056,42.9052,64.0423,46.3421,32.1392,47.187,67.47,57.7408,70.4553
2007-07-24,106.4275,42.2711,62.5443,45.6434,31.0391,47.3629,67.47,57.7985,70.4553
2007-07-25,106.6455,42.3311,62.3127,45.5205,31.2176,47.4564,66.9,57.8417,70.4706
2007-07-26,104.1203,41.9712,60.6448,44.0057,29.6266,47.8523,65.65,57.9786,70.4859
2007-07-27,102.0733,41.1229,59.17,43.3965,29.2428,47.9898,65.41,58.0436,70.5166
2007-07-30,103.6701,41.6027,60.197,44.1678,30.2001,47.8523,65.77,57.9715,70.4553
2007-07-31,102.5024,40.7287,59.5329,44.1119,29.582,48.1987,65.79,58.0651,70.5473
2007-08-01,103.0018,41.0458,59.8572,44.1846,29.466,48.0944,65.93,58.0087,70.5242
2007-08-02,103.8248,41.4228,60.3282,44.3187,29.7918,48.2158,65.89,58.0376,70.5396
2007-08-03,101.1518,40.6344,58.1817,43.5195,28.5064,48.536,66.69,58.1823,70.5087
2007-08-06,102.8471,41.1057,58.7067,43.9946,29.0152,48.1827,66.52,58.11,70.5858
2007-08-07,103.9444,41.3971,59.6101,44.1455,29.2317,48.1441,66.48,58.0593,70.6012
2007-08-08,105.3935,41.8513,61.4015,44.8609,30.2135,47.559,66.77,58.0159,70.5704
2007-08-09,102.2703,40.8829,59.9885,43.5809,28.9639,47.6252,65.46,58.1823,70.632
2007-08-10,101.792,40.5145,60.2742,42.8319,28.4618,47.5148,66.57,58.1606,70.6782
2007-08-13,102.1577,40.7887,59.9499,42.9158,28.743,47.6528,66.26,58.2112,70.6936
2007-08-14,100.5962,40.0946,58.9229,42.5022,27.9999,47.7797,66.29,58.2907,70.6782
2007-08-15,99.2104,39.3319,58.0658,41.5073,26.8998,47.6087,66.13,58.3704,70.6936
2007-08-16,99.956,38.9463,59.3553,41.3284,26.4424,48.0999,64.68,58.4861,70.7861
2007-08-17,101.792,39.6833,60.5445,41.7085,27.2792,47.9067,65.01,58.5367,70.8323
2007-08-20,101.7427,39.8718,60.5908,41.8426,27.335,47.9343,65.12,58.609,70.8939
2007-08-21,101.9467,40.2917,60.7607,41.8147,27.2345,48.1661,65.07,58.6886,70.8785
2007-08-22,103.1566,40.8401,61.4865,42.804,28.406,48.0888,65.4,58.609,70.8785
2007-08-23,103.0651,40.7287,60.6989,42.994,28.5511,48.2545,65.31,58.5728,70.8323
2007-08-24,104.3383,41.3028,61.4865,43.743,29.2317,48.4918,66.11,58.4643,70.8169
2007-08-27,103.3676,41.0286,60.6371,43.2791,29.3655,48.7457,65.98,58.544,70.7244
2007-08-28,101.0956,40.0517,59.1083,42.4072,28.1717,48.8285,65.59,58.6958,70.8015
2007-08-29,103.0792,41.2,60.6603,43.3797,29.2874,48.6961,66.07,58.6235,70.8477
2007-08-30,102.8049,41.4142,60.2511,43.0779,29.1379,49.0217,65.8,58.6741,70.8631
2007-08-31,103.8178,41.877,60.7993,43.8325,29.8899,49.0603,66.52,58.6741,70.8477
2007-09-04,104.8659,42.5711,61.5791,44.2349,30.3942,49.0837,67.44,58.6712,70.8585
2007-09-05,103.9585,42.1426,61.0077,43.5921,29.9346,49.4772,67.56,58.8237,70.874
2007-09-06,104.1977,42.1083,61.0232,43.7542,30.1689,49.3497,68.86,58.7511,70.874
2007-09-07,102.7486,41.3285,60.0194,43.2232,29.4883,50.048,69.39,58.9544,70.9203
2007-09-10,102.5517,41.3028,59.1854,43.0443,29.5106,50.436,69.62,58.9761,70.9358
2007-09-11,103.7475,41.9284,60.2201,43.7878,30.1064,50.3972,70.52,58.889,70.8585
2007-09-12,104.0148,41.9369,59.8418,43.8325,30.2135,50.2088,70.46,58.9398,70.9668
2007-09-13,104.7464,42.1426,59.9885,44.0169,30.5482,49.7598,70.08,58.8527,70.9513
2007-09-14,104.7393,42.1769,60.2974,43.7598,30.6085,49.8318,69.99,58.8455,70.9977
2007-09-17,104.1765,41.8255,59.6333,43.145,30.4143,50.0702,70.97,58.8382,71.0286
2007-09-18,107.2435,42.8795,62.1737,44.5479,31.8871,49.6933,71.7,58.9181,70.9822
2007-09-19,107.8766,42.9909,63.0076,44.9504,32.0321,49.2333,71.43,58.9181,71.0132
2007-09-20,107.1169,42.871,62.3822,44.9112,31.9317,48.3022,72.72,58.7947,70.9668
2007-09-21,107.4059,43.1762,62.5134,45.1069,32.3557,48.7123,72.34,58.8745,70.9977
2007-09-24,107.208,43.3734,62.0347,45.2075,32.7573,48.8508,72.28,58.9398,71.0596
2007-09-25,106.996,43.7849,61.7831,45.2634,32.6346,48.679,72.33,58.9907,71.075
2007-09-26,107.5613,43.9992,62.3249,45.4869,33.0697,48.7234,72.0,58.9544,70.9977
2007-09-27,108.1975,44.2222,62.6965,46.0906,33.5606,49.0615,72.7,59.0633,71.0132
2007-09-28,107.837,44.0764,61.9534,46.1632,33.3486,49.1723,73.51,58.9979,70.9822
2007-10-01,109.0527,44.5822,63.4937,46.7557,34.3974,49.4533,73.9,59.0104,71.0598
2007-10-02,108.9042,44.5908,63.904,46.6384,34.6317,49.6091,72.35,59.0467,71.0133
2007-10-03,108.6852,44.2822,63.726,46.426,33.5829,49.4644,71.9,59.0395,71.0288
2007-10-04,108.8548,44.385,63.8265,46.5881,33.9177,49.6536,72.87,59.0686,71.1064
2007-10-05,110.1481,45.2853,65.1192,47.0631,35.049,49.1194,73.4,59.003,71.0288
2007-10-08,109.5616,45.5682,64.6316,46.6272,34.6763,49.0805,72.53,59.0613,71.1374
2007-10-09,110.5934,45.7654,65.1579,47.147,35.2163,49.0193,73.09,58.9302,71.0909
2007-10-10,110.4096,45.8768,65.1038,47.0576,35.2632,49.0471,73.36,58.9447,71.1529
2007-10-11,109.8795,45.1481,64.3684,47.2756,34.953,48.997,73.91,58.9594,71.1374
2007-10-12,110.4874,45.894,64.8793,47.4824,35.5912,48.7578,74.59,58.8938,71.1529
2007-10-15,109.5544,45.5425,64.1285,47.0967,35.1561,48.7689,75.14,58.8938,71.1219
2007-10-16,108.6852,45.3281,63.3931,46.3701,34.5045,48.7856,75.12,58.9666,71.1684
2007-10-17,109.0173,45.9111,63.6408,46.8619,35.3011,49.3198,74.5,59.1051,71.1995
2007-10-18,108.6215,46.1083,63.486,46.9737,35.4797,49.5924,76.0,59.1852,71.1995
2007-10-19,105.7804,44.9595,61.2181,45.9397,33.9623,50.3324,75.7,59.3383,71.2615
2007-10-22,106.3952,45.4996,62.5107,45.8838,34.2077,50.338,74.6,59.2872,71.2305
2007-10-23,107.2575,46.4513,62.9906,46.5322,35.1561,50.2712,75.23,59.2945,71.2305
2007-10-24,107.0596,46.0998,62.5881,46.4316,34.9263,50.644,75.52,59.4111,71.2615
2007-10-25,107.3141,45.4825,62.4333,46.644,35.3703,50.4715,76.03,59.3746,71.246
2007-10-26,108.5721,46.2369,63.4782,47.4879,36.3722,50.3547,77.69,59.382,71.215
2007-10-29,108.9325,46.4256,63.4086,47.8345,37.209,50.5494,78.12,59.382,71.2771
2007-10-30,108.1763,46.5198,62.9055,47.4544,36.5061,50.5216,77.35,59.3746,71.246
2007-10-31,109.3,47.18,63.7182,48.1252,37.3072,50.0653,78.62,59.28,71.2615
2007-11-01,106.7416,46.2969,61.2568,47.1135,35.801,50.7159,77.93,59.4723,71.3098
2007-11-02,106.8618,46.657,61.5587,47.3762,36.004,50.8779,79.83,59.5455,71.3566
2007-11-05,106.0489,46.3569,60.7459,46.6216,34.7522,50.8556,79.75,59.5381,71.3566
2007-11-06,107.4766,46.8799,61.8915,47.3259,36.071,50.6096,81.43,59.5016,71.3566
2007-11-07,104.5365,45.7397,59.9719,46.5042,34.9218,50.699,82.24,59.6698,71.4032
2007-11-08,104.0064,44.3508,60.1499,46.5881,35.1003,50.6096,82.23,59.7649,71.3566
2007-11-09,102.5788,42.8675,59.4843,45.6826,34.2747,51.0399,82.18,59.7868,71.4188
2007-11-12,101.561,41.7787,58.9115,44.9336,32.378,51.2244,78.3,59.9258,71.45
2007-11-13,104.6566,43.502,60.7614,46.1409,34.6652,51.0344,79.12,59.7429,71.4344
2007-11-14,104.3668,42.9447,60.4131,46.0683,34.6987,51.0903,80.28,59.7722,71.4032
2007-11-15,102.8615,42.7132,59.5539,45.3081,33.8998,51.5709,77.95,59.9697,71.45
2007-11-16,103.0382,43.1076,59.0508,45.4534,34.3193,51.6435,77.75,59.9697,71.45
2007-11-19,101.6034,42.6103,57.7736,44.2517,32.7372,51.9789,77.24,60.1672,71.4811
2007-11-20,102.2254,42.7818,58.1065,45.241,33.6365,51.9229,79.47,60.1453,71.4967
2007-11-21,100.1334,42.276,56.8913,44.2181,31.9428,52.2248,79.36,60.3354,71.5278
2007-11-23,101.8649,42.7303,58.0987,45.3304,32.8867,52.3812,81.25,60.2696,71.5434
2007-11-26,99.6174,41.993,56.5817,44.6206,31.5814,53.4151,81.3,60.4378,71.4967
2007-11-27,100.7624,42.8332,57.2396,45.2242,32.7908,52.9065,80.1,60.255,71.5589
2007-11-28,103.9852,44.1364,59.4997,46.5098,34.5871,52.5489,79.57,60.2038,71.5745
2007-11-29,104.0206,44.325,58.9889,46.1297,34.1631,53.0015,78.28,60.3135,71.5278
2007-11-30,105.0666,43.9907,59.3294,46.3812,34.4532,52.7445,77.32,60.3427,71.5434
2007-12-03,104.3739,43.622,58.6329,46.208,34.1542,53.163,78.28,60.4792,71.5262
2007-12-04,103.441,43.442,58.0136,45.9173,34.0649,53.1574,79.4,60.4719,71.5418
2007-12-05,105.1726,44.2222,59.1669,46.4483,35.5778,52.5234,78.63,60.4939,71.5418
2007-12-06,106.678,44.8566,60.5679,46.8899,36.1379,52.0633,79.37,60.3691,71.5574
2007-12-07,106.6567,44.8652,60.7537,46.7054,35.7095,51.4798,78.6,60.3031,71.6199
2007-12-10,107.4837,45.0452,61.2336,47.1861,35.7207,51.1712,80.0,60.259,71.5731
2007-12-11,104.5365,43.9992,59.0973,45.9565,34.2077,52.1755,78.84,60.4792,71.6668
2007-12-12,105.5684,44.3936,59.5307,46.8787,35.2342,51.6369,80.49,60.3251,71.6511
2007-12-13,105.3493,44.1536,59.2056,45.9229,34.2658,51.0758,78.5,60.237,71.6824
2007-12-14,104.0134,43.6992,58.0523,44.6821,33.4491,50.8401,78.52,60.0902,71.6355
2007-12-17,102.5293,42.636,57.1622,43.7318,32.0232,51.2946,78.13,60.2664,71.6668
2007-12-18,103.1018,42.7732,58.1839,44.2796,32.9024,51.6257,79.25,60.2297,71.6668
2007-12-19,103.1018,42.7646,58.5941,43.9163,33.1166,52.3102,79.24,60.3838,71.698
2007-12-20,103.752,43.6392,59.4765,44.2293,33.2973,52.198,78.67,60.4279,71.7292
2007-12-21,105.2476,44.4999,60.8388,44.8609,34.3015,51.4349,80.1,60.3324,71.7292
2007-12-24,106.0292,44.8347,61.28,45.0444,34.8816,51.1936,80.14,60.2811,71.7292
2007-12-26,106.2565,45.0578,61.5664,45.1705,35.0624,50.7448,81.52,60.2224,71.698
2007-12-27,104.9208,44.5171,60.104,44.8953,34.2533,51.298,81.56,60.3542,71.7292
2007-12-28,104.6579,44.4742,59.4594,45.2794,34.3821,52.0979,83.0,60.4278,71.7277
2007-12-31,103.8835,43.9593,58.9468,44.9985,33.9686,52.4133,82.46,60.5235,71.712
2008-01-02,102.9739,43.2641,58.3721,44.838,33.4081,53.1683,84.86,60.634,71.7747
2008-01-03,102.9242,43.4443,57.7275,44.9125,33.7087,53.095,85.57,60.7297,71.7277
2008-01-04,100.4019,41.539,55.9878,43.8922,32.6961,53.1063,85.13,60.8181,71.712
2008-01-07,100.3167,41.3416,56.1121,43.938,32.9357,53.3372,84.77,60.7813,71.7747
2008-01-08,98.6967,40.2688,54.3802,43.6915,32.6803,53.2753,86.78,60.8696,71.7277
2008-01-09,99.734,41.1271,54.9316,44.0068,33.7516,53.3767,86.55,60.8402,71.6806
2008-01-10,100.3877,41.1871,55.6849,43.9609,34.1494,52.6556,88.25,60.8402,71.712
2008-01-11,99.5777,40.3804,54.5355,43.0839,33.1888,53.0668,88.58,61.0096,71.7433
2008-01-14,100.3806,41.0842,54.986,43.7718,33.677,53.264,89.54,61.0316,71.806
2008-01-15,98.1709,39.9513,53.9764,42.3502,32.1537,53.8612,87.99,61.0832,71.7903
2008-01-16,97.3254,39.5221,54.0307,41.4961,30.8158,53.4725,86.7,61.1348,71.7903
2008-01-17,94.8031,38.9729,52.7182,40.8712,29.9185,54.1654,86.5,61.2379,71.759
2008-01-18,93.8297,38.9214,52.2056,41.1063,30.6011,53.7936,87.42,61.2894,71.806
2008-01-22,92.8777,37.9172,51.8328,39.9598,29.8327,54.3682,88.17,61.5471,71.8373
2008-01-23,95.1086,37.7713,53.6036,39.7248,30.0225,54.2442,87.89,61.5177,71.9156
2008-01-24,95.9115,38.5438,53.5647,41.1177,30.6056,53.157,90.08,61.3262,71.9469
2008-01-25,94.526,37.7542,53.1764,40.5216,30.14,54.0527,90.3,61.4882,71.8686
2008-01-28,96.0891,38.046,54.3025,40.9744,30.8858,53.8499,91.75,61.4587,71.8999
2008-01-29,96.5652,38.1146,54.4423,41.2209,30.7344,53.4837,91.15,61.4219,71.9626
2008-01-30,95.8547,38.0803,53.7589,41.0318,30.3299,53.1344,92.06,61.4661,71.9939
2008-01-31,97.6026,38.7326,55.0947,41.4674,30.9378,53.5119,91.4,61.525,71.9939
2008-02-01,99.1727,39.1274,56.3916,42.161,31.5548,53.8336,89.35,61.5922,71.9861
2008-02-04,97.9222,38.5781,55.7548,41.7311,31.652,53.2796,89.1,61.5996,72.0017
2008-02-05,95.3005,37.4795,54.3258,39.8165,29.9479,53.6866,87.68,61.7399,71.9547
2008-02-06,94.5331,36.7415,53.6036,39.7821,29.4575,53.5227,88.95,61.762,72.0174
2008-02-07,95.1584,36.9989,54.4501,39.5815,29.957,52.3694,89.85,61.6808,72.0017
2008-02-08,94.5473,37.4194,54.1084,39.1745,29.9005,52.9686,91.0,61.7915,72.0017
2008-02-11,95.0305,37.8228,54.1317,39.3808,30.2711,53.1891,91.33,61.8137,72.0174
2008-02-12,95.9115,37.6082,54.5588,40.2292,30.7593,52.8725,89.33,61.8359,72.0017
2008-02-13,96.892,38.4322,55.7936,40.5044,31.4509,52.3129,89.44,61.858,72.0174
2008-02-14,96.0394,37.737,54.5044,40.3209,31.0463,51.5441,89.71,61.8137,72.0331
2008-02-15,96.0181,37.6082,54.2637,40.47,31.2678,51.9398,89.15,61.7473,72.0331
2008-02-19,96.2881,37.5396,54.9316,40.8655,31.6769,51.4141,91.58,61.703,72.0331
2008-02-20,96.5723,37.7113,54.9627,40.6534,31.9413,51.7702,93.24,61.6292,72.0017
2008-02-21,95.7694,37.3508,53.9142,40.5789,31.4938,52.3186,93.25,61.7989,72.0645
2008-02-22,96.3591,37.4881,53.9142,41.0948,31.9164,52.0189,93.39,61.7324,72.0645
2008-02-25,97.5741,37.6769,54.9627,41.7483,32.5108,51.4876,92.74,61.6365,72.0331
2008-02-26,98.306,37.8228,55.4752,42.3674,32.9402,51.5045,93.71,61.7251,72.0802
2008-02-27,98.2065,38.0116,55.4519,42.5049,33.2182,51.5497,94.78,61.7989,72.096
2008-02-28,97.2473,37.8658,54.6132,42.098,32.8611,52.4655,95.99,61.9466,72.096
2008-02-29,95.0802,36.8616,53.4793,41.0432,31.5548,53.2682,96.18,62.1608,72.1117
2008-03-03,94.8529,36.6213,52.9667,41.1636,31.7266,53.131,97.24,62.163,72.1384
2008-03-04,94.4905,36.8273,52.656,40.5388,30.9898,52.6146,95.18,62.1482,72.1384
2008-03-05,95.0873,37.0075,53.1609,41.026,31.6407,51.9848,97.72,62.1111,72.1227
2008-03-06,93.1192,36.1922,51.3901,40.4413,30.5559,52.2628,96.5,62.2961,72.1541
2008-03-07,92.16,36.1063,51.227,39.9655,30.1332,52.3309,96.09,62.2665,72.1541
2008-03-10,90.9451,35.4112,50.0931,39.7649,29.6044,53.1026,95.87,62.3331,72.1541
2008-03-11,94.2134,36.7586,52.2677,41.0203,31.5955,52.6487,95.99,62.0224,72.1541
2008-03-12,93.3324,36.6556,51.6619,41.0203,31.0102,53.6643,97.01,62.2221,72.1699
2008-03-13,93.5384,36.9388,52.6949,41.0891,30.7276,53.2444,98.34,62.1925,72.1541
2008-03-14,92.089,36.2608,51.3668,40.0974,29.6383,53.9026,98.71,62.3775,72.2485
2008-03-17,91.1582,35.6,50.5281,39.4898,28.906,54.3168,99.17,62.5181,72.2328
2008-03-18,94.9453,37.1877,52.8502,40.6993,30.409,54.1069,96.5,62.2961,72.3114
2008-03-19,92.5935,36.2694,51.5299,39.2261,28.5829,55.0034,93.04,62.3627,72.3271
2008-03-20,94.3085,37.0107,52.4075,39.8165,29.0642,55.1396,89.91,62.2887,72.3114
2008-03-24,96.1936,38.2904,54.4456,40.5445,30.1785,54.0728,90.1,62.0298,72.2485
2008-03-25,96.2864,38.5052,54.6245,41.1349,30.6418,54.2998,92.73,62.0742,72.2013
2008-03-26,95.1083,38.3935,54.1734,41.1349,30.3932,54.0728,93.8,62.2074,72.2485
2008-03-27,94.8083,37.5432,53.6755,41.1005,30.2463,53.6926,93.46,62.2739,72.2642
2008-03-28,93.9015,37.3542,53.0454,41.0661,30.192,54.2146,91.88,62.3035,72.2013
2008-03-31,94.23,37.5518,53.1232,41.2152,30.3705,54.4076,90.41,62.3183,72.28
2008-04-01,97.5431,39.1579,55.068,42.5164,31.5367,53.5221,86.86,62.0929,72.2327
2008-04-02,97.6073,39.0721,55.2002,42.6081,31.5594,53.636,89.27,62.0411,72.2327
2008-04-03,97.8501,39.1579,55.3713,42.7342,31.9436,53.7557,89.42,61.9966,72.2327
2008-04-04,97.743,39.3898,55.3558,42.8776,31.8147,54.2458,90.25,62.1077,72.2642
2008-04-07,97.7929,39.304,55.2624,43.1412,32.2374,53.9608,91.17,61.9892,72.2327
2008-04-08,97.693,39.0033,55.208,42.6884,32.0611,53.7728,90.35,62.0262,72.2799
2008-04-09,96.9861,38.5653,54.3056,42.3387,31.5616,54.3312,92.29,62.1448,72.2799
2008-04-10,97.1218,39.115,54.8813,42.2069,32.0136,54.1489,91.77,62.1226,72.2799
2008-04-11,95.2368,38.0328,53.4733,41.6394,31.4915,54.5136,91.3,62.2264,72.2799
2008-04-14,94.9155,37.861,53.3099,41.7311,31.417,54.1945,91.11,62.1893,72.3114
2008-04-15,95.1368,37.9125,53.6522,42.0234,31.7853,53.5221,91.66,62.1077,72.3114
2008-04-16,97.7144,38.969,55.3869,43.3476,32.7255,52.9978,93.27,61.9743,72.2642
2008-04-17,97.8573,38.8831,55.1691,42.8661,32.4882,52.9067,92.56,61.8631,72.2642
2008-04-18,98.8783,40.1199,55.7525,43.1699,32.9787,52.8611,90.62,61.8261,72.2169
2008-04-21,98.9283,40.4034,55.7603,43.5081,33.1459,53.072,90.25,61.7668,72.2484
2008-04-22,98.4927,39.8021,54.7412,43.0552,32.8385,53.2543,90.27,61.789,72.2642
2008-04-23,98.3356,40.2402,54.8813,43.2788,33.3109,53.0776,89.22,61.789,72.2642
2008-04-24,98.7641,40.6009,55.4102,42.9979,32.8837,52.6275,87.22,61.6185,72.2799
2008-04-25,99.678,40.4978,55.9314,43.3533,33.1255,52.3198,87.27,61.6259,72.2799
2008-04-28,99.6994,40.5752,56.3048,43.6055,33.0623,52.4794,87.69,61.6927,72.2327
2008-04-29,99.3067,40.8843,55.807,43.2215,32.4769,52.6788,85.81,61.6778,72.3114
2008-04-30,98.7212,40.5494,55.5425,43.4565,33.1459,53.0548,86.65,61.7964,72.2327
2008-05-01,100.7633,41.8292,56.4993,43.7202,33.4985,53.0583,83.99,61.6865,72.2863
2008-05-02,101.0418,41.8893,56.4371,43.8406,33.8194,52.3892,84.58,61.6048,72.239
2008-05-05,100.5563,41.769,56.2193,43.9151,33.7945,52.3892,86.27,61.6716,72.2548
2008-05-06,101.4273,42.0267,56.6782,44.2418,34.172,52.0117,86.63,61.7088,72.2232
2008-05-07,99.6209,41.2623,55.667,43.468,33.1549,52.2348,85.82,61.7831,72.2705
2008-05-08,99.3638,41.5715,55.7836,43.8463,33.4962,52.7037,87.24,61.835,72.239
2008-05-09,99.1782,41.4083,55.6203,43.4966,33.2227,52.8982,87.42,61.8573,72.2705
2008-05-12,100.2921,42.1641,56.8416,43.9323,33.6499,52.8181,86.99,61.7385,72.2705
2008-05-13,100.3063,42.2758,57.1683,43.7832,33.8103,52.2405,85.39,61.6345,72.239
2008-05-14,100.5134,42.1813,57.0983,43.7832,33.8917,52.2634,85.2,61.5899,72.239
2008-05-15,101.7701,42.92,57.215,44.5285,34.6127,52.738,87.0,61.6419,72.239
2008-05-16,101.8629,42.9543,57.5262,45.01,35.0534,52.5207,89.1,61.6568,72.2548
2008-05-19,102.1414,42.6451,57.5417,44.8265,35.0602,52.5894,89.39,61.7236,72.2548
2008-05-20,101.3131,42.3187,57.3317,44.4138,34.4522,52.8638,90.9,61.8128,72.2232
2008-05-21,99.5995,41.3825,56.5149,43.9094,34.1019,52.8753,91.96,61.7459,72.2232
2008-05-22,99.6138,41.5285,56.9194,44.4195,34.2013,52.252,90.98,61.575,72.2705
2008-05-23,98.2785,41.3997,56.1726,43.9151,33.6047,52.4807,91.23,61.6939,72.2705
2008-05-27,99.0068,42.1298,57.0361,43.8291,33.5505,52.1261,89.36,61.6271,72.2705
2008-05-28,99.4638,42.3016,57.3005,43.8234,34.0025,51.6629,89.14,61.5157,72.302
2008-05-29,99.9636,42.6795,57.884,43.7259,34.077,51.2912,86.51,61.4934,72.2705
2008-05-30,100.2135,42.9543,58.0862,43.9724,34.1946,51.6286,87.45,61.5825,72.302
2008-06-02,99.1782,42.4304,57.5573,43.5138,33.7877,51.8278,87.96,61.7039,72.3605
2008-06-03,98.5999,42.1985,57.4406,43.4221,33.1775,52.2008,86.88,61.7933,72.3605
2008-06-04,98.5498,42.7396,57.7984,43.1699,32.8883,51.7359,86.65,61.7709,72.3447
2008-06-05,100.5205,43.4182,59.2764,43.8864,33.9346,51.426,86.45,61.689,72.2974
2008-06-06,97.3146,42.1126,57.5028,42.6253,32.7052,52.0918,89.06,61.7709,72.3131
2008-06-09,97.5502,41.8893,57.3161,42.568,32.6216,52.0918,87.99,61.4581,72.3447
2008-06-10,97.0647,41.6917,56.896,41.8457,31.869,51.7532,85.55,61.3167,72.3921
2008-06-11,95.6366,40.6868,55.9081,41.3126,31.3921,51.6326,87.02,61.4209,72.4395
2008-06-12,96.0008,40.7298,56.0248,41.1693,31.5752,51.1161,85.6,61.123,72.3921
2008-06-13,97.2146,41.5457,57.0361,41.5477,31.9164,51.0071,85.83,61.19,72.4395
2008-06-16,97.2717,41.9151,57.3939,41.7598,32.0249,51.0185,87.01,61.2273,72.4395
2008-06-17,96.8005,41.6917,57.3472,41.8859,32.1605,51.1218,87.25,61.3464,72.4237
2008-06-18,95.858,41.2451,56.8883,41.5419,32.0046,51.5523,88.28,61.406,72.4553
2008-06-19,95.9793,41.8893,57.3628,41.4617,32.0543,51.2481,88.42,61.2868,72.4395
2008-06-20,94.4215,40.7582,56.4526,40.556,31.0079,51.5465,88.95,61.3985,72.471
2008-06-23,94.3281,40.4401,55.9237,40.5502,31.0983,51.6555,87.09,61.3315,72.471
2008-06-24,94.1416,40.2339,54.998,40.3668,30.9604,52.0,87.47,61.4432,72.471
2008-06-25,94.5865,40.8871,55.6203,40.7979,31.5804,52.0229,87.42,61.4879,72.4868
2008-06-26,92.0175,39.2368,54.1889,39.764,30.4968,52.373,90.61,61.6667,72.4868
2008-06-27,91.5152,39.2368,54.2434,39.8692,30.7917,52.9871,91.47,61.6964,72.5184
2008-06-30,91.8381,38.8243,53.7144,40.1086,31.0249,52.9986,91.4,61.7336,72.471
2008-07-01,92.1251,39.3743,53.7533,39.6764,30.4717,52.8731,92.66,61.718,72.4963
2008-07-02,90.5464,38.4289,52.2284,39.0456,29.603,53.1495,93.17,61.7255,72.4963
2008-07-03,90.6397,38.3601,51.9473,39.2968,29.5184,53.0343,92.06,61.83,72.4963
2008-07-07,89.714,38.5922,51.2914,38.958,29.4133,53.2763,91.23,61.8674,72.4805
2008-07-08,91.3071,39.5119,53.1497,39.1624,29.7745,53.6219,90.86,61.8748,72.4489
2008-07-09,89.549,38.4633,51.7287,38.6543,29.1733,53.8581,91.5,61.9793,72.4647
2008-07-10,89.9149,38.9188,52.2362,38.9872,29.7013,53.8523,93.53,61.9047,72.5279
2008-07-11,88.8673,38.3,52.5251,38.3739,29.5025,53.0862,95.16,61.7777,72.5754
2008-07-14,88.0636,38.0163,51.6584,38.2922,29.4659,53.5528,95.91,61.9196,72.5754
2008-07-15,86.8221,38.0249,51.4398,37.6789,28.9744,53.5355,96.17,62.0092,72.5912
2008-07-16,88.9534,38.9704,53.3293,38.3739,29.8111,52.5678,94.44,61.9495,72.607
2008-07-17,89.8432,39.2282,53.4074,38.958,29.9505,52.2971,94.22,61.8598,72.4963
2008-07-18,90.4029,38.3257,53.7822,39.2092,29.6922,52.1012,94.17,61.7479,72.5912
2008-07-21,90.4531,38.4891,54.4381,39.437,30.0602,52.3028,95.12,61.7777,72.5279
2008-07-22,91.4793,38.4891,55.8045,39.5713,30.0785,52.0436,93.06,61.7255,72.5595
2008-07-23,91.9744,38.9962,56.1637,39.7173,30.1219,51.9399,90.57,61.6956,72.5912
2008-07-24,90.0656,38.4117,54.7426,38.9931,29.0087,52.4468,91.33,61.8674,72.5754
2008-07-25,90.0441,38.9102,55.1877,39.0748,29.2076,51.9226,91.69,61.7852,72.5912
2008-07-28,88.7237,38.1796,54.2507,38.4207,28.7138,52.4468,91.73,61.9122,72.5912
2008-07-29,90.6181,38.9704,55.5781,38.8003,30.3048,52.2337,90.59,61.8598,72.5912
2008-07-30,92.2328,39.1681,55.9138,39.1624,29.9894,52.2855,89.52,61.8748,72.607
2008-07-31,91.0129,39.0735,55.6874,38.7769,29.3173,52.8039,90.08,62.0017,72.607
2008-08-01,90.5321,38.575,55.7576,38.1987,29.1184,52.9207,89.57,62.0137,72.5848
2008-08-04,89.6925,38.1882,55.2423,37.8366,28.2269,52.7993,88.14,62.0062,72.6006
2008-08-05,92.1108,39.4775,56.1871,38.7945,28.5904,52.4062,86.08,61.9763,72.6165
2008-08-06,92.5198,40.0792,56.4682,38.8061,29.1596,52.1922,86.64,61.9838,72.5848
2008-08-07,91.142,39.7697,55.6249,38.0293,28.1583,53.0421,86.09,62.1186,72.6323
2008-08-08,92.8356,40.6722,57.0928,38.187,28.2269,53.1866,84.43,62.0663,72.6165
2008-08-11,93.7972,41.0418,58.4593,38.152,27.932,52.6779,81.13,61.9838,72.6323
2008-08-12,92.8212,41.0848,58.022,37.8775,27.6988,53.1693,80.52,62.0962,72.5848
2008-08-13,92.2615,40.9988,58.2328,37.2817,27.692,52.9843,81.56,62.0887,72.6481
2008-08-14,92.9576,41.4716,58.795,37.1357,28.0554,53.3254,79.35,62.1111,72.6323
2008-08-15,93.4096,41.3942,58.6388,36.8904,27.6165,53.7879,77.63,62.1561,72.6481
2008-08-18,92.1323,40.9129,57.8814,36.7035,27.1502,54.0018,78.8,62.2085,72.6006
2008-08-19,91.1277,40.4058,56.921,36.2888,26.9239,53.7937,80.43,62.2535,72.664
2008-08-20,91.5511,40.4745,56.9991,36.5049,27.6097,53.944,80.06,62.3359,72.664
2008-08-21,91.7089,40.2854,56.3433,36.6509,27.5685,53.8457,82.3,62.2834,72.6798
2008-08-22,93.0364,40.8183,57.5301,36.8203,27.548,53.811,81.08,62.1711,72.6956
2008-08-25,91.1492,39.9588,56.2652,36.242,26.9788,54.3486,80.93,62.2759,72.6798
2008-08-26,91.4147,39.9072,56.3511,36.4231,27.0268,54.3949,81.23,62.2535,72.6956
2008-08-27,92.3045,40.1651,57.0226,36.7677,27.6028,54.4874,81.36,62.2909,72.6956
2008-08-28,93.424,40.4917,58.1782,37.2408,27.7948,54.4932,82.18,62.261,72.6956
2008-08-29,92.4193,39.6408,57.6784,37.1299,27.4657,54.2504,81.71,62.2909,72.664
2008-09-02,91.8453,39.1509,57.6628,36.5575,26.6359,54.7551,79.2,62.3698,72.7163
2008-09-03,91.7663,38.7813,57.8971,36.4056,26.197,54.9872,78.89,62.3924,72.7163
2008-09-04,89.0036,37.5264,56.0778,34.8461,24.99,55.4282,78.39,62.4299,72.7163
2008-09-05,89.2834,37.3459,55.9372,34.7176,25.3466,55.3992,78.98,62.4074,72.7321
2008-09-08,91.1277,37.2771,56.5931,35.4944,25.6621,55.6313,78.86,62.3773,72.7321
2008-09-09,88.4224,36.4864,55.2891,34.3438,24.2219,56.1825,76.49,62.475,72.7163
2008-09-10,88.7811,36.7872,55.8045,34.6767,24.6128,55.8344,74.22,62.49,72.748
2008-09-11,90.0656,37.4748,56.1559,34.6008,24.2493,55.8054,73.08,62.4674,72.7321
2008-09-12,90.4818,37.3287,56.4135,35.2783,25.0586,55.0859,75.55,62.475,72.7638
2008-09-15,86.1763,36.1684,53.8837,33.7772,23.0904,56.8729,77.56,62.9183,72.8432
2008-09-16,87.6186,36.452,55.4375,33.5261,23.2892,56.8614,76.79,62.8056,72.8748
2008-09-17,83.679,34.5611,52.9389,32.2469,21.6365,57.1457,85.46,63.106,73.1918
2008-09-18,86.1619,35.73,56.0622,33.713,23.4607,56.3101,82.8,62.9032,72.9858
2008-09-19,89.5837,36.898,58.5607,36.1019,26.3821,54.5231,85.98,62.5501,72.7321
2008-09-22,87.5556,35.1606,56.1793,34.8695,24.6608,54.5172,89.18,62.5952,72.7638
2008-09-23,85.5636,34.894,55.4297,34.3788,23.8927,54.3084,88.32,62.6402,73.0016
2008-09-24,85.8379,35.1348,54.7255,34.4781,24.167,54.5463,86.71,62.7755,72.7797
2008-09-25,87.1803,35.6939,55.0072,35.2725,25.4083,54.436,86.45,62.6628,72.8589
2008-09-26,87.2236,35.3327,55.2654,34.8987,24.5442,54.8306,86.64,62.6628,72.9858
2008-09-29,80.3886,32.5287,50.8993,31.0029,21.6777,56.4262,89.57,63.0234,73.3029
2008-09-30,83.7159,33.4663,53.2075,32.8836,23.4333,55.0511,85.07,62.7755,73.0333
2008-10-01,83.7664,33.1136,52.4407,32.6383,23.7144,55.7437,85.97,62.9715,73.0223
2008-10-02,80.7278,31.6084,49.749,31.2131,21.6365,56.1918,82.33,63.1072,72.9905
2008-10-03,79.638,31.1182,49.0605,31.0905,21.0673,56.6865,82.59,63.2805,72.9905
2008-10-06,75.5817,29.9829,46.7287,29.3324,19.4831,57.7166,84.28,63.4087,72.9746
2008-10-07,72.1968,28.0821,43.6614,27.9598,17.9676,57.542,87.27,63.4238,72.9587
2008-10-08,70.3779,27.8584,42.6129,27.3349,17.9676,56.7156,89.42,63.1524,72.8952
2008-10-09,65.4628,27.1102,39.1153,25.6994,16.644,56.2383,89.9,63.1901,73.0064
2008-10-10,63.875,26.9381,41.0402,24.7415,16.836,55.8426,83.22,63.288,73.0699
2008-10-13,73.1495,30.2151,44.5848,28.6724,20.6696,55.1268,81.99,63.0092,72.7841
2008-10-14,72.0668,28.9077,43.3328,28.0825,19.6409,54.7717,82.2,63.0243,72.9111
2008-10-15,64.972,26.3189,39.444,25.0862,16.4657,55.2955,83.31,63.2353,72.927
2008-10-16,67.6786,27.7466,42.0261,26.5639,17.2749,55.0103,79.29,63.1976,72.8952
2008-10-17,67.2744,27.781,40.8446,25.9973,16.7331,54.6321,77.21,63.2428,72.7365
2008-10-20,71.3162,28.5551,42.7929,27.6561,17.9058,55.0686,78.5,63.1976,72.9111
2008-10-21,69.1871,27.0757,41.6114,26.0966,16.4794,55.3595,76.03,63.3258,72.9111
2008-10-22,65.4195,26.3275,39.5066,24.1925,14.7444,56.4828,71.71,63.4162,72.8159
2008-10-23,66.1773,26.2242,38.3329,24.724,15.1558,56.9018,70.65,63.3785,72.9111
2008-10-24,62.8212,25.3814,36.9088,23.1236,13.5922,56.2965,72.21,63.4313,72.8318
2008-10-27,60.591,24.6761,35.1013,21.9088,13.2356,56.3373,72.18,63.273,72.9429
2008-10-28,67.6713,27.4026,37.9103,24.9285,16.0062,55.5167,73.79,63.3484,72.927
2008-10-29,67.1806,27.3338,38.106,24.9869,15.4987,55.2373,74.0,63.3861,72.8476
2008-10-30,69.5046,28.2455,40.2421,25.863,17.5904,54.7368,72.71,63.4388,72.9429
2008-10-31,69.8871,28.2885,42.0574,26.0324,17.4395,54.0268,71.34,63.469,72.8635
2008-11-03,70.0892,28.2283,42.1122,26.1375,17.2818,54.1728,71.1,63.5877,72.8428
2008-11-04,72.471,29.0282,42.5973,27.9306,18.8591,55.1895,75.48,63.5651,72.8746
2008-11-05,69.4252,27.5144,40.3673,26.412,16.4588,55.844,72.8,63.6786,72.9064
2008-11-06,65.5783,26.2845,38.8023,24.7065,15.629,55.4408,72.22,63.7013,73.0176
2008-11-07,67.7435,26.8263,39.6083,26.1024,16.8977,55.0786,72.5,63.5877,73.0176
2008-11-10,66.8558,26.4651,38.6928,25.7111,17.0555,55.3474,73.58,63.7845,73.0017
2008-11-11,64.7916,25.8888,37.8556,24.8642,15.9925,55.511,72.05,63.8299,73.0017
2008-11-12,61.9407,24.6933,35.649,23.5267,14.8061,55.8674,70.0,63.9283,73.0176
2008-11-13,65.802,26.1984,38.5833,25.53,16.8566,54.5293,72.15,63.7694,73.0176
2008-11-14,62.518,24.9255,35.7116,24.064,15.2381,55.6103,73.3,63.7542,73.0176
2008-11-17,61.688,24.4008,35.4065,23.626,14.9844,55.8557,72.65,63.8678,73.0494
2008-11-18,62.8501,24.3751,35.2343,23.6668,14.7649,56.5744,72.51,63.9359,72.97
2008-11-19,58.8227,23.1021,32.3627,22.084,13.4894,58.0236,72.26,64.0267,72.9541
2008-11-20,54.4561,21.984,30.1483,20.8691,12.5224,61.0211,73.45,64.1478,73.0017
2008-11-21,57.3936,22.9387,31.7993,22.3527,14.326,60.1388,78.85,64.0418,72.9858
2008-11-24,61.3705,24.3406,34.0372,23.6902,15.197,59.198,80.91,63.8829,73.0017
2008-11-25,61.8252,24.2288,34.6005,24.1224,14.909,60.9393,80.87,63.9359,73.0176
2008-11-26,64.2142,25.2437,36.674,24.3853,16.0474,61.0211,80.38,64.1327,73.0494
2008-11-28,65.0225,25.0459,37.0418,24.3736,15.7388,61.7749,80.31,64.1705,72.827
2008-12-01,59.263,23.1623,32.8791,22.3819,14.2232,64.1406,75.65,64.2761,73.0273
2008-12-02,61.5437,23.9364,34.6084,23.5968,15.1216,64.3869,76.95,64.2684,73.0909
2008-12-03,63.0233,24.6159,35.6568,23.9122,15.245,64.5686,76.18,64.3215,72.9796
2008-12-04,61.5654,23.9192,34.4753,23.1762,14.5935,65.8409,75.5,64.3367,72.9478
2008-12-05,63.4636,24.8911,36.0715,23.4683,15.4576,64.7738,74.52,64.2607,72.9478
2008-12-08,65.6793,25.8716,37.6678,24.5838,16.4451,64.6331,76.2,64.1697,72.9637
2008-12-09,64.5967,25.8114,36.5019,24.3561,16.2188,65.9113,76.33,64.3672,72.9319
2008-12-10,65.037,25.7254,37.3626,24.9985,17.1858,65.7529,79.75,64.2835,72.9796
2008-12-11,63.4708,25.0201,35.4691,24.8876,16.7469,65.8819,80.65,64.4354,72.9001
2008-12-12,64.2286,25.5276,36.6897,25.1329,16.98,65.8819,80.81,64.4658,72.9319
2008-12-15,63.3336,25.0803,35.5082,25.1971,16.7537,66.6324,82.6,64.5113,72.916
2008-12-16,66.3144,26.2845,37.8165,26.6457,18.091,68.2799,84.46,64.5418,72.9637
2008-12-17,65.6721,25.9662,38.1607,26.5113,17.7755,70.1326,85.43,64.4051,72.916
2008-12-18,64.4452,25.5104,37.9182,25.6994,17.3846,71.6042,83.87,64.4354,72.8683
2008-12-19,64.1679,25.7197,38.106,25.3256,17.4464,71.6804,82.63,64.3747,72.916
2008-12-22,63.3457,25.1598,37.3704,25.1504,16.7949,71.1292,83.46,64.2532,73.0114
2008-12-23,62.6909,25.0306,36.8272,24.9617,16.6558,71.0355,82.63,64.2684,72.9319
2008-12-24,63.0547,25.0995,36.9613,25.293,16.774,70.883,83.46,64.2835,73.0114
2008-12-26,63.4185,25.0909,37.4895,25.4113,16.7184,71.1175,85.6,64.3595,73.0114
2008-12-29,63.2366,24.8842,36.914,25.4172,16.6905,71.0323,86.35,64.5013,72.7536
2008-12-30,64.7355,25.401,37.9389,26.1802,17.1356,71.7087,85.9,64.5622,73.0082
2008-12-31,65.6595,25.6163,38.8219,26.5351,17.3651,70.2086,86.52,64.5319,72.8491
2009-01-02,67.6386,26.7275,39.5946,26.8782,18.1927,68.4438,86.23,64.1887,72.865
2009-01-05,67.5586,26.7188,39.7365,26.4464,18.4291,66.6791,84.48,64.3184,72.865
2009-01-06,68.0097,26.9859,40.4067,26.7303,18.8464,66.0085,85.13,64.3488,72.8809
2009-01-07,65.9724,26.2193,39.2161,26.269,17.7615,66.2673,82.75,64.3031,72.9923
2009-01-08,66.2416,26.4949,39.4054,26.6593,17.685,66.2144,84.46,64.3184,72.9128
2009-01-09,64.8228,25.9006,37.9468,25.7366,17.3025,66.3144,83.92,64.3641,72.9605
2009-01-12,63.2657,25.4268,36.8193,25.1155,16.5723,67.0027,80.76,64.3793,72.9286
2009-01-13,63.3821,25.4354,37.3082,24.6541,16.621,67.0733,80.88,64.387,73.0241
2009-01-14,61.3884,24.6602,35.6682,23.6426,15.8143,68.1792,79.79,64.4632,73.04
2009-01-15,61.4102,25.0651,36.2438,23.8556,15.9951,68.2909,80.39,64.3945,73.0559
2009-01-16,61.8905,25.3407,36.6459,23.9975,16.169,67.238,82.71,64.4251,73.0082
2009-01-20,58.6235,24.0831,34.1624,22.2408,14.9659,67.2262,84.52,64.4556,72.8809
2009-01-21,61.1556,25.1081,35.8654,23.3291,15.7795,65.1026,84.15,64.3565,73.0082
2009-01-22,60.2097,24.7722,34.8246,22.785,15.2579,63.8496,84.58,64.387,73.0241
2009-01-23,60.4717,24.8928,34.9981,22.6252,15.4527,63.3496,88.53,64.3717,73.0082
2009-01-26,60.8864,25.0737,35.3923,23.0689,15.6335,62.7966,88.95,64.2878,72.9923
2009-01-27,61.5049,25.2546,35.7786,23.5184,15.9117,64.2731,88.38,64.3565,72.9605
2009-01-28,63.5858,26.1417,37.253,24.2105,16.7184,62.6672,87.42,64.3336,72.9286
2009-01-29,61.5194,25.4785,35.7944,23.1103,15.8699,61.2259,89.5,64.2116,72.9286
2009-01-30,60.2679,25.0306,35.069,22.8914,15.7517,61.0318,91.31,64.2498,72.9923
2009-02-02,60.086,25.3321,35.3529,22.6666,15.5917,62.1673,88.84,64.3093,73.0368
2009-02-03,60.9301,25.7283,35.6052,23.3173,16.0577,60.6868,88.47,64.2406,72.9732
2009-02-04,60.6317,25.7628,35.345,23.199,16.1759,60.4744,89.18,64.1338,73.0209
2009-02-05,61.534,26.3312,35.755,23.5303,16.5167,60.5275,90.12,64.149,72.9891
2009-02-06,63.2875,27.0203,37.0243,24.0744,17.3443,60.3387,89.59,64.1108,72.8777
2009-02-09,63.3748,27.1323,36.8588,24.0685,17.2539,60.5334,88.32,64.0879,72.9732
2009-02-10,60.4717,26.1331,35.1558,22.8737,16.2107,61.8488,90.21,64.2329,72.9573
2009-02-11,60.8282,26.0125,35.2898,23.1221,16.6975,62.6511,92.29,64.2177,72.9414
2009-02-12,60.8718,26.3312,35.5894,23.0511,16.5932,62.0611,93.17,64.2941,72.9414
2009-02-13,60.217,26.2107,35.2188,22.8027,16.6766,60.4095,92.55,64.1719,73.005
2009-02-17,57.6413,25.1684,33.8233,21.5901,15.6126,62.2912,95.45,64.3398,73.005
2009-02-18,57.503,25.1856,33.3424,21.5724,15.5013,61.7603,96.91,64.2329,73.0209
2009-02-19,56.8845,24.798,32.8772,21.5428,15.3553,60.7103,95.77,64.21,73.0209
2009-02-20,56.3316,24.867,32.4357,21.2293,14.9659,61.3002,97.8,64.2635,73.0209
2009-02-23,54.3161,23.997,31.19,20.4189,14.5973,61.8665,97.73,64.2559,73.005
2009-02-24,56.3752,24.7894,32.3411,21.2707,15.397,61.8016,94.73,64.21,72.9573
2009-02-25,55.9314,24.6258,31.6709,20.6851,15.1328,61.0879,93.15,64.0879,72.9255
2009-02-26,55.0219,23.9367,31.0796,20.5136,15.0006,60.4449,93.06,64.1184,72.9414
2009-02-27,53.7922,23.7128,30.8667,20.5136,14.7642,60.0969,92.63,64.1566,72.9891
2009-03-02,51.3693,22.9462,29.1243,19.3364,13.8671,61.0918,90.93,64.3011,73.032
2009-03-03,50.9836,22.9289,28.5724,19.2596,14.0618,60.6836,90.04,64.2476,73.0162
2009-03-04,52.1914,23.5405,29.1638,20.1172,15.0493,60.4056,88.99,64.1788,73.0162
2009-03-05,50.0596,22.8342,27.6106,19.3069,14.4304,62.0855,91.99,64.2553,73.032
2009-03-06,50.1469,22.6533,27.7525,19.2714,14.6738,61.6715,92.29,64.2094,73.0162
2009-03-09,49.5575,22.171,27.1139,18.7509,14.3886,61.3107,90.57,64.1482,73.0162
2009-03-10,52.5116,23.5405,28.8799,20.0108,15.557,60.1335,88.14,64.11,73.0162
2009-03-11,52.8536,23.9022,28.9193,20.1232,15.557,60.7842,89.22,64.1405,73.0162
2009-03-12,54.9345,24.6947,30.7169,20.5786,16.1551,61.0741,91.1,64.1635,72.9843
2009-03-13,55.3638,24.755,31.0402,20.7147,16.2455,60.7665,91.3,64.217,72.9684
2009-03-16,55.1965,24.3415,30.4804,20.9394,16.2594,59.8082,90.8,64.1329,72.9525
2009-03-17,56.8845,25.2632,31.8917,21.4895,16.614,59.4829,90.04,64.1176,73.0003
2009-03-18,58.1579,25.5819,32.9955,22.1047,16.9618,61.7366,93.09,64.3623,73.0162
2009-03-19,57.4375,25.5646,32.6486,22.0929,16.8505,61.8134,94.35,64.2859,72.9684
2009-03-20,56.2144,25.1755,31.5211,21.7853,16.621,61.4704,93.59,64.3623,73.0003
2009-03-23,60.2523,26.6595,34.2018,23.3528,18.1579,60.938,92.08,64.3088,73.0162
2009-03-24,59.0651,26.1677,32.8737,22.6193,17.5946,61.5177,90.95,64.2246,73.0003
2009-03-25,59.688,26.2885,33.7992,22.9683,17.8589,60.6895,91.98,64.2094,73.032
2009-03-26,60.9045,27.0995,35.1043,23.2759,18.3457,61.3935,91.93,64.2935,73.0162
2009-03-27,59.8053,26.5905,33.9257,22.5306,17.8032,61.849,90.69,64.3241,73.032
2009-03-30,57.7387,25.9348,32.9528,21.6729,16.8853,62.0855,89.98,64.3853,73.0162
2009-03-31,58.2737,26.1591,33.2613,22.2349,17.2539,62.5292,90.28,64.477,72.9843
2009-04-01,59.4022,26.5473,33.8387,22.8145,17.8241,63.0999,91.03,64.4624,72.997
2009-04-02,61.139,27.4015,35.5314,23.8438,18.7908,62.3287,88.8,64.3552,72.9493
2009-04-03,61.7472,27.9105,36.093,23.9798,19.0203,61.0533,87.59,64.2097,72.997
2009-04-06,61.2636,27.8415,35.4761,23.4829,18.7838,60.7923,85.27,64.2557,72.9812
2009-04-07,59.8346,27.1081,34.2184,22.992,18.3526,60.9465,86.74,64.2786,72.9812
2009-04-08,60.4795,27.5654,34.8512,23.2227,18.6239,61.4863,86.61,64.2786,73.013
2009-04-09,62.8831,28.4195,36.8919,23.8438,19.4375,60.7151,86.31,64.202,72.9652
2009-04-13,62.8978,28.3764,36.9078,24.0804,19.5558,61.2728,87.88,64.3245,73.013
2009-04-14,61.8132,28.0313,35.8399,23.8497,19.2428,61.5931,87.37,64.3782,72.9812
2009-04-15,62.4727,27.9536,36.3857,24.1632,19.521,61.4863,87.5,64.4088,72.9812
2009-04-16,63.3888,28.6784,37.4377,24.317,19.6879,60.9998,85.81,64.3169,73.0289
2009-04-17,63.8138,28.7388,37.7699,24.2342,19.5488,60.3296,85.22,64.248,72.9493
2009-04-20,61.139,27.8156,35.832,23.2404,18.5961,61.2431,86.95,64.3093,72.9812
2009-04-21,62.3335,28.2038,37.0739,23.7728,18.9925,60.638,86.89,64.3169,72.9652
2009-04-22,61.9524,28.2901,37.066,23.5835,18.8325,60.2703,87.38,64.3169,73.013
2009-04-23,62.5607,28.5662,36.979,24.175,19.1246,60.2643,88.8,64.2709,73.0448
2009-04-24,63.506,29.0666,37.6671,24.5477,19.4862,59.6592,89.72,64.2709,73.0448
2009-04-27,62.9051,29.1011,37.2637,24.2578,18.8325,59.9143,89.01,64.3476,73.0289
2009-04-28,62.7072,28.8854,37.3191,24.0271,18.7699,58.9355,87.75,64.2863,73.0448
2009-04-29,64.0409,29.2823,38.735,24.6423,19.7574,58.4135,88.33,64.3169,73.0289
2009-04-30,64.0629,29.5756,38.379,24.7961,19.9382,58.1821,87.27,64.3706,73.0289
2009-05-01,64.4074,29.6533,38.6163,25.0859,20.2303,57.7817,86.95,64.3222,73.0528
2009-05-04,66.5985,30.24,40.0243,26.127,21.6282,57.9721,88.64,64.3068,72.9573
2009-05-05,66.3713,30.2141,39.8265,25.8667,21.4334,57.9007,88.25,64.2915,72.9732
2009-05-06,67.5218,30.2227,39.9373,26.4937,21.802,57.7639,89.54,64.3298,72.9573
2009-05-07,66.5838,29.5153,38.996,26.0501,21.2596,56.3537,89.44,64.2378,72.9573
2009-05-08,68.1374,29.5325,40.3486,27.1799,21.9689,56.4905,89.98,64.2838,72.9732
2009-05-11,66.8623,29.636,39.7554,26.4878,21.4543,57.2938,89.69,64.3912,72.9573
2009-05-12,66.6644,29.2737,39.1937,26.7717,21.6073,57.5021,90.7,64.3836,73.0209
2009-05-13,64.9863,28.4886,37.3982,25.8608,20.8145,58.1268,91.09,64.4142,72.9732
2009-05-14,65.5432,28.8078,37.9202,26.1152,21.1135,58.3529,91.03,64.4373,72.9891
2009-05-15,65.0083,28.7905,37.7779,25.8785,20.9188,58.3351,91.55,64.4296,72.9891
2009-05-18,66.855,29.5411,39.0434,26.8664,22.0802,57.4306,90.36,64.3682,73.0369
2009-05-19,66.7744,29.6792,39.0593,27.1089,22.3306,57.1272,90.96,64.4066,73.0209
2009-05-20,66.3273,29.5756,38.6954,27.2863,22.4001,57.7281,92.25,64.491,72.9573
2009-05-21,65.3747,29.0321,38.1971,27.0793,21.9828,56.2763,93.85,64.4066,73.005
2009-05-22,65.2354,28.9372,37.8016,27.2331,22.0802,55.6516,94.15,64.4219,73.0209
2009-05-26,66.9062,30.0157,39.6051,27.7773,22.3445,54.8126,93.76,64.3375,73.0369
2009-05-27,65.7118,29.8086,38.8378,27.239,22.0872,53.8427,93.45,64.3222,73.0369
2009-05-28,66.6278,30.1537,38.8852,27.517,22.7687,54.6222,94.24,64.3145,73.0209
2009-05-29,67.8076,30.5247,39.6842,28.0671,23.1164,56.0324,96.2,64.4066,73.0369
2009-06-01,69.4491,31.3961,41.2345,28.7592,24.09,54.3759,95.73,64.3536,72.9796
2009-06-02,69.5078,31.4392,41.7486,29.0076,23.7423,54.6683,96.36,64.3305,72.9796
2009-06-03,68.6284,31.3443,41.4718,28.144,22.9008,55.1817,94.41,64.4458,73.0114
2009-06-04,69.2733,31.6981,42.065,28.3215,23.325,54.0415,96.23,64.3843,73.0114
2009-06-05,69.288,31.7326,42.0809,27.9725,23.3737,53.6297,93.71,63.9616,72.9955
2009-06-08,69.0021,31.6376,41.5825,27.9133,23.0121,53.4923,93.56,63.7924,73.0114
2009-06-09,69.3539,31.8792,41.7724,28.2564,23.0538,53.4864,93.83,63.9386,72.9955
2009-06-10,69.178,31.7671,41.6063,28.3096,23.3459,52.6447,93.86,63.9308,73.0114
2009-06-11,69.4858,31.7671,41.6221,28.7947,23.8466,53.2297,93.7,63.9386,72.9636
2009-06-12,69.6763,31.6204,41.7486,28.6468,23.4641,53.7072,92.17,64.0077,73.0273
2009-06-15,68.0788,30.9733,40.6254,27.6176,22.6226,54.1908,91.1,64.0537,73.0273
2009-06-16,67.1554,30.6713,39.9452,27.2982,22.2819,55.134,91.93,64.123,73.0432
2009-06-17,67.0894,30.9647,40.1587,27.3751,22.0315,54.8236,92.35,64.1922,73.0432
2009-06-18,67.5805,30.9043,40.3407,27.3277,21.9689,53.9938,91.61,64.0845,73.0273
2009-06-19,67.8295,31.236,40.5859,27.7595,22.0802,54.734,91.9,64.123,73.0432
2009-06-22,65.7956,30.3031,39.1463,26.8664,21.2804,55.2653,90.54,64.2075,73.0432
2009-06-23,65.8471,30.234,38.8299,27.2198,21.4186,55.916,90.92,64.2075,73.0432
2009-06-24,66.4146,30.7436,39.2491,27.2439,21.8883,55.3548,91.45,64.1999,73.0432
2009-06-25,67.859,31.3483,40.3802,27.8178,22.5403,56.3697,92.31,64.3228,73.0432
2009-06-26,67.6822,31.4174,40.5226,27.7634,22.6595,56.4652,92.29,64.3536,73.0432
2009-06-29,68.316,31.4865,40.5226,27.999,22.8278,56.5487,92.04,64.3536,73.0432
2009-06-30,67.7632,31.426,40.404,27.6728,22.5964,56.4532,91.18,64.3459,73.0273
2009-07-01,68.0433,31.4433,41.0288,28.1319,23.0101,56.3412,92.39,64.409,73.0289
2009-07-02,66.1861,30.7523,39.6167,27.3224,22.3791,56.473,91.25,64.4782,73.0448
2009-07-06,66.1788,30.5881,39.2675,27.3587,22.33,56.3652,90.76,64.5013,73.0289
2009-07-07,64.8965,29.828,38.4182,26.6942,21.8042,56.7425,90.71,64.4937,73.0289
2009-07-08,64.8522,29.9835,38.1562,26.5855,21.5518,57.7905,89.27,64.5937,73.0448
2009-07-09,64.9775,30.0353,37.9975,26.9117,21.9374,57.1018,89.51,64.5629,73.0289
2009-07-10,64.8227,30.1649,38.18,26.5976,21.678,57.6288,89.58,64.6245,73.0289
2009-07-13,66.3998,30.7436,39.1008,27.0627,21.8322,57.3054,90.19,64.586,73.0448
2009-07-14,66.7757,30.8559,39.331,27.2077,22.0706,56.3532,90.81,64.5398,73.0448
2009-07-15,68.7286,31.8925,40.8471,28.138,23.2554,54.9039,92.24,64.3859,73.013
2009-07-16,68.6181,32.2726,41.3551,28.3856,23.2975,55.4968,91.98,64.486,73.0448
2009-07-17,69.3698,32.4454,41.1963,28.2829,23.5359,54.6404,91.93,64.4629,73.0448
2009-07-20,70.1068,32.7563,41.7043,28.8326,24.3772,54.9279,93.28,64.4551,73.013
2009-07-21,70.431,32.981,41.6329,29.0139,24.3071,56.0238,93.13,64.5322,73.013
2009-07-22,70.4162,33.2574,41.9583,29.0864,24.251,55.5208,93.44,64.5013,73.0289
2009-07-23,71.9713,33.9916,43.2839,29.5757,24.9381,54.5027,93.26,64.3859,73.013
2009-07-24,72.2661,33.7325,43.5062,29.7569,24.8189,54.7662,93.41,64.4244,72.9971
2009-07-27,72.4798,33.9916,43.7284,29.7871,25.0362,54.1374,93.71,64.3782,72.9971
2009-07-28,72.1408,33.7584,43.7522,29.6602,24.9241,54.6165,92.11,64.3397,73.013
2009-07-29,71.9639,33.983,43.53,29.4186,24.3632,54.9159,91.2,64.3012,73.013
2009-07-30,72.7156,34.1816,44.292,29.9925,24.9661,55.6944,91.62,64.309,73.0289
2009-07-31,72.8188,34.078,44.1094,30.4516,25.0853,56.7784,93.35,64.4167,72.9812
2009-08-03,74.02,34.5877,44.8794,31.1583,26.0248,55.918,93.87,64.3258,73.0002
2009-08-04,74.2116,34.5877,45.3318,31.11,25.7864,55.4733,94.68,64.2718,73.0161
2009-08-05,73.9978,34.3199,44.8794,30.9832,25.5691,54.6441,94.78,64.2487,73.0002
2009-08-06,73.6147,34.0175,44.2523,30.7899,25.3587,54.8304,94.6,64.2487,73.0002
2009-08-07,74.5801,34.4495,45.316,30.7597,25.6111,54.3737,93.75,64.1407,73.0002
2009-08-10,74.4253,34.2076,45.3953,30.5724,25.3237,55.0527,92.93,64.241,73.0002
2009-08-11,73.4967,33.9139,44.6651,30.3972,24.8469,55.6896,92.79,64.3103,73.0002
2009-08-12,74.2853,34.4408,45.3398,30.7415,25.0713,55.0947,92.95,64.3334,73.0321
2009-08-13,74.8528,34.6309,45.7128,31.2127,25.506,55.8758,93.72,64.4413,73.0002
2009-08-14,74.2779,34.2335,44.7762,30.9469,25.0432,56.0921,93.0,64.4876,73.0321
2009-08-17,72.4503,33.2401,43.5141,29.9502,24.0617,56.9214,91.61,64.557,73.0002
2009-08-18,73.0251,33.7152,44.0936,30.4697,24.5875,56.5909,92.06,64.5415,73.0321
2009-08-19,73.6662,33.9484,44.6333,30.7294,24.6506,57.0595,92.53,64.5724,73.0002
2009-08-20,74.4253,34.3458,45.1175,30.9469,25.0783,57.5283,92.27,64.557,73.0161
2009-08-21,75.8845,34.8036,46.1574,31.6235,25.4569,56.3446,93.65,64.4568,73.0002
2009-08-24,75.8771,34.7691,46.1415,31.6175,25.5691,57.3661,92.34,64.5339,73.0002
2009-08-25,76.0245,34.8727,46.3399,31.9316,25.513,57.6905,92.76,64.5339,73.0002
2009-08-26,76.0319,34.8123,46.4431,31.7987,25.4359,57.9549,92.79,64.5724,73.0161
2009-08-27,76.2014,34.8986,46.3717,32.0403,25.3868,57.7266,93.19,64.5647,73.0161
2009-08-28,76.1866,34.9332,46.078,32.0584,25.2536,57.991,93.87,64.6341,73.0321
2009-08-31,75.5086,34.579,45.4033,31.8228,24.7558,58.045,93.4,64.6803,73.0321
2009-09-01,73.8431,33.9312,44.3873,31.0315,24.2861,57.9046,93.9,64.7328,72.9875
2009-09-02,73.5631,33.9052,44.165,30.9952,24.5455,58.7485,96.19,64.8022,73.0512
2009-09-03,74.1747,34.1298,44.6571,31.2369,25.0362,58.3868,97.46,64.7405,73.0512
2009-09-04,75.2139,34.8641,45.2842,31.7141,25.52,57.3922,97.53,64.7096,73.0512
2009-09-08,75.8624,35.1924,45.7843,32.3423,26.0458,56.9884,97.43,64.7173,73.0512
2009-09-09,76.4446,35.4947,46.5701,32.741,26.186,56.922,97.08,64.725,73.0034
2009-09-10,77.2258,35.8316,47.1495,33.031,26.5296,57.9709,97.7,64.7636,73.0193
2009-09-11,77.2111,35.8661,47.1654,32.9887,26.5436,58.2904,98.78,64.7405,73.0034
2009-09-14,77.5869,36.0043,47.6655,33.0551,26.4454,57.7117,97.96,64.7019,73.0034
2009-09-15,77.9111,36.1167,48.0544,33.0612,26.7609,57.4163,98.9,64.7328,73.0034
2009-09-16,79.0903,36.6436,49.0466,33.7136,27.434,57.5188,99.91,64.6479,73.0034
2009-09-17,78.9723,36.6349,48.9435,33.4961,27.2868,58.2422,99.34,64.7405,73.0193
2009-09-18,79.0227,36.6963,49.1419,33.5867,27.3639,57.7238,98.67,64.6787,73.0034
2009-09-21,78.8228,36.8087,49.007,33.2303,27.1255,57.8564,98.36,64.7019,73.0512
2009-09-22,79.2819,36.8779,49.3451,33.6894,27.5392,57.9769,99.67,64.6865,73.0034
2009-09-23,78.6228,36.705,48.8757,33.3995,27.1255,58.1518,98.83,64.7868,73.0353
2009-09-24,77.7565,36.3764,47.8971,32.9102,26.5927,58.3205,97.55,64.8022,73.0034
2009-09-25,77.3418,36.0565,47.6027,32.7712,26.7048,59.0619,97.0,64.7791,73.0353
2009-09-28,78.7265,36.6704,48.7404,33.2183,27.0484,59.5804,97.05,64.7714,73.0512
2009-09-29,78.4896,36.5061,48.5256,33.0189,27.1115,59.5261,97.43,64.7636,73.0512
2009-09-30,78.186,36.532,47.9289,33.031,27.2798,59.4719,98.85,64.8331,73.0512
2009-10-01,76.2459,35.4512,46.4967,32.1672,26.5366,60.2864,97.89,64.898,73.0066
2009-10-02,75.8905,35.3475,46.1467,31.8107,26.5436,59.8692,98.37,64.9212,73.0066
2009-10-05,77.0234,35.6328,46.9741,32.2698,27.1606,59.8752,99.82,64.9212,73.0385
2009-10-06,78.1267,36.264,47.8493,32.8135,27.6093,59.2826,102.28,64.8826,73.0066
2009-10-07,78.3415,36.3678,47.8652,32.9343,27.5812,59.978,102.36,64.9676,73.0385
2009-10-08,78.9412,36.5234,48.3028,33.4116,27.9177,59.3492,103.64,64.9057,73.0066
2009-10-09,79.4226,36.7309,48.8677,33.327,27.9388,57.9886,102.84,64.813,73.0225
2009-10-12,79.7335,36.8087,48.8757,33.5263,28.1701,58.0793,103.56,64.8903,73.0225
2009-10-13,79.5706,36.8174,48.6688,33.4538,28.2192,58.3816,104.26,64.9289,73.0225
2009-10-14,80.9405,37.3189,49.5997,34.2573,29.1306,57.5169,104.18,64.8439,73.0066
2009-10-15,81.2367,37.2324,49.5679,34.4143,28.9694,57.2509,102.86,64.8053,73.0066
2009-10-16,80.6295,36.9903,49.0746,33.8948,28.5698,57.7165,103.18,64.8439,73.0385
2009-10-19,81.2959,37.3621,49.4804,34.4385,29.1166,58.17,104.23,64.8439,73.0225
2009-10-20,80.8665,37.3708,48.7961,34.2573,28.731,58.4844,103.42,64.8748,73.0066
2009-10-21,80.1408,37.3016,48.1357,34.1425,28.5768,58.1337,103.75,64.8439,73.0066
2009-10-22,80.9553,37.4486,48.8041,34.4747,28.8151,57.8495,103.92,64.8516,73.0066
2009-10-23,80.0298,37.293,47.7857,33.9311,28.5768,57.4142,103.49,64.7435,73.0066
2009-10-26,79.1634,37.1719,47.356,33.4176,28.2192,56.6704,101.86,64.6739,73.0066
2009-10-27,78.8005,36.6099,46.7752,33.1518,27.7285,57.4444,101.85,64.8053,73.0066
2009-10-28,77.3122,35.7884,45.2158,32.3544,26.4595,57.7165,100.73,64.898,73.0066
2009-10-29,78.9709,36.3937,46.0751,33.3089,27.6303,57.0876,102.69,64.8439,73.0225
2009-10-30,76.6828,35.4166,44.818,32.1974,26.3403,57.916,102.53,64.9212,73.0544
2009-11-02,77.2456,35.5636,44.7304,32.5115,26.7329,57.6601,103.95,64.9289,73.056
2009-11-03,77.4899,35.676,45.4067,32.3846,26.775,57.0837,106.46,64.9212,73.056
2009-11-04,77.6899,35.7366,44.7543,32.7108,27.2727,56.562,107.1,64.9134,73.04
2009-11-05,79.119,36.6185,46.1785,33.1337,27.8336,56.562,106.98,64.9754,73.04
2009-11-06,79.3263,36.8347,46.2103,33.2303,27.7986,56.6167,107.43,65.0218,73.056
2009-11-09,81.1331,37.6215,47.1173,34.1606,28.8222,56.6834,108.19,65.0218,73.056
2009-11-10,81.1478,37.7166,46.823,33.9794,28.689,56.5802,108.39,65.0064,73.0082
2009-11-11,81.5625,37.9587,47.1492,34.0821,28.9343,56.8168,109.6,65.0761,73.0082
2009-11-12,80.7331,37.7426,46.2819,33.5867,28.2893,56.7137,108.21,65.0683,73.0082
2009-11-13,81.1701,38.0539,46.7275,34.0579,28.7731,56.9746,109.74,65.0838,73.0082
2009-11-16,82.3474,38.4429,47.9607,34.6016,29.4952,57.6418,111.63,65.1226,73.0082
2009-11-17,82.4436,38.564,47.9607,34.372,29.39,57.9512,111.97,65.138,73.0082
2009-11-18,82.3918,38.3478,47.8652,34.2633,29.1587,57.6115,112.25,65.138,73.0082
2009-11-19,81.3181,37.7512,46.6718,33.6169,28.6189,57.7146,112.3,65.1613,73.0082
2009-11-20,81.0294,37.561,46.6161,33.4297,28.4997,57.7025,112.94,65.1767,73.0082
2009-11-23,82.0586,38.1663,47.4276,34.0277,29.0956,57.6297,114.29,65.169,73.0082
2009-11-24,82.1845,38.0366,47.2128,33.8888,28.9343,57.9937,114.73,65.2232,73.0082
2009-11-25,82.4733,38.2008,47.2048,34.3418,29.2709,58.2606,116.62,65.2542,73.0082
2009-11-27,81.1331,37.6215,45.8125,33.3512,28.1351,58.479,115.06,65.3006,73.0241
2009-11-30,81.407,37.6648,46.2183,33.4599,28.4085,58.6185,115.64,65.3084,73.0241
2009-12-01,82.414,38.0539,46.9343,34.3781,29.2218,57.9655,117.38,65.3247,73.0241
2009-12-02,82.377,38.1057,47.4913,34.4324,29.341,58.0142,119.18,65.2702,73.0082
2009-12-03,81.7328,37.9501,46.9105,34.3539,29.0675,57.4117,118.7,65.2312,73.0082
2009-12-04,82.1993,38.149,48.0721,34.2331,29.334,56.8032,113.75,65.0674,73.04
2009-12-07,82.0734,37.9674,48.1437,34.0458,29.0816,56.8762,113.11,65.2077,73.0082
2009-12-08,81.1627,37.7339,47.7698,33.4538,28.5417,56.9614,110.95,65.2702,73.0082
2009-12-09,81.4662,38.1144,47.6186,33.4116,28.717,56.6997,110.84,65.2234,73.04
2009-12-10,81.9253,38.3046,47.4276,33.5142,28.8853,56.0486,110.82,65.2,73.0082
2009-12-11,82.2734,38.1576,47.8732,33.5022,28.9904,56.0425,109.32,65.1298,73.0082
2009-12-14,82.8361,38.5208,48.5972,33.8284,29.1867,56.1094,110.24,65.0596,72.9923
2009-12-15,82.4511,38.3046,48.462,33.4538,28.8853,55.8599,110.21,65.044,72.9923
2009-12-16,82.5769,38.3565,48.7723,33.8465,29.0535,55.7929,111.59,65.0908,73.0082
2009-12-17,81.5847,37.8896,48.2312,33.0491,28.2192,56.7119,107.34,65.2156,73.0082
2009-12-18,82.0463,38.5071,48.6768,33.1276,28.2963,56.4684,108.95,65.1688,73.0082
2009-12-21,82.8801,38.9402,49.3212,33.2243,28.2613,55.4644,106.95,65.0674,73.0082
2009-12-22,83.1778,39.174,49.7827,33.4352,28.5461,55.154,106.17,64.9894,73.0082
2009-12-23,83.3416,39.4598,50.4242,33.74,28.8288,55.1661,106.55,64.9894,73.0082
2009-12-24,83.7362,39.8236,50.6159,33.8741,29.1186,54.5941,108.36,64.9115,73.0241
2009-12-28,83.9149,40.0314,50.536,34.0204,29.2175,54.442,108.55,64.8179,73.0082
2009-12-29,83.7957,39.8669,50.5121,34.0753,29.1129,54.801,107.47,64.8608,73.0146
2009-12-30,83.7659,39.9881,50.4801,33.9351,29.2402,55.1614,106.93,64.8374,73.0305
2009-12-31,82.9619,39.6244,49.8809,33.6973,29.3391,54.8988,107.31,64.7593,73.0464
2010-01-04,84.369,40.2047,51.1112,34.5812,30.1946,54.8499,109.8,64.8452,73.0146
2010-01-05,84.5923,40.2047,50.9355,34.6117,30.4137,55.2042,109.7,64.9232,72.9987
2010-01-06,84.6519,39.9622,50.8875,34.758,30.4774,54.4651,111.51,64.9311,72.9987
2010-01-07,85.0092,39.9881,51.263,34.6239,30.3006,54.5568,110.82,64.9155,72.9987
2010-01-08,85.2921,40.3173,51.5426,34.8982,30.541,54.5323,111.37,64.978,72.9987
2010-01-11,85.4112,40.1527,51.3349,35.1847,30.4774,54.2331,112.85,65.0091,72.9987
2010-01-12,84.6147,39.6504,50.7757,34.7702,29.9895,55.1614,110.49,65.0638,72.9987
2010-01-13,85.3293,40.144,51.4308,35.0628,30.0814,54.5201,111.54,65.0091,73.0305
2010-01-14,85.5601,40.1787,51.6225,35.331,30.0037,55.2835,112.03,65.0716,73.0146
2010-01-15,84.5998,39.711,50.8715,34.7763,29.6573,55.6256,110.86,65.1262,73.0146
2010-01-19,85.6569,40.3519,51.8062,35.1176,30.2582,55.4667,111.52,65.1418,73.0146
2010-01-20,84.7859,39.7716,51.0553,34.2216,29.53,56.0286,108.94,65.1418,73.0146
2010-01-21,83.1555,39.3992,50.2165,33.4901,28.6392,56.2851,107.37,65.1965,73.0146
2010-01-22,81.3018,38.2473,49.3138,32.8378,28.003,56.1874,107.17,65.2511,73.0146
2010-01-25,81.7187,38.3772,49.3697,33.2401,28.208,55.9309,107.48,65.1965,73.0305
2010-01-26,81.3763,38.4118,48.8824,33.0512,27.6212,55.9492,107.56,65.2042,73.0305
2010-01-27,81.7634,38.715,49.4016,33.0146,27.5505,55.9187,106.53,65.1809,73.0464
2010-01-28,80.8254,37.7189,48.5548,32.4599,27.3596,55.8882,106.48,65.212,73.0305
2010-01-29,79.9469,37.0607,48.0196,31.9905,27.0627,56.3768,105.96,65.2745,73.0464
2010-02-01,81.1902,37.4678,48.5868,32.5757,27.7909,55.865,108.35,65.2464,73.0305
2010-02-02,82.1728,37.8056,49.122,33.1182,28.0171,56.0243,109.13,65.2542,73.0146
2010-02-03,81.7634,38.0134,48.7945,32.7708,27.8545,55.3747,108.7,65.2073,73.0464
2010-02-04,79.2397,36.9135,47.1648,31.4358,26.5961,56.2511,104.37,65.3011,73.0464
2010-02-05,79.4035,37.2253,47.3486,31.3809,26.2992,56.3737,104.68,65.4027,73.0464
2010-02-08,78.8302,36.9568,46.8772,30.7592,26.0376,56.4473,104.04,65.3558,73.0464
2010-02-09,79.8204,37.3378,47.5243,31.7284,26.886,55.8833,105.41,65.2933,73.0464
2010-02-10,79.664,37.2599,47.6361,31.5272,26.8153,55.3501,105.12,65.223,73.0464
2010-02-11,80.4978,37.8229,48.3951,31.8198,27.5222,55.0498,107.13,65.2464,73.0464
2010-02-12,80.4308,37.9008,48.7466,31.5455,27.1758,55.2766,107.04,65.3011,73.0464
2010-02-16,81.6964,38.3858,49.5694,32.2465,27.8757,55.3808,109.62,65.3089,73.0464
2010-02-17,82.0835,38.6024,49.9049,32.2892,27.9747,54.7495,109.25,65.2542,72.9987
2010-02-18,82.5674,38.8449,50.3123,32.4721,28.0807,54.5289,109.98,65.2152,73.0305
2010-02-19,82.7386,38.8276,50.3763,32.2709,27.8404,54.8231,109.47,65.1917,72.9987
2010-02-22,82.7535,38.7496,50.528,32.3319,27.8757,54.5963,109.07,65.2152,73.0305
2010-02-23,81.7485,38.2473,49.9369,31.8747,27.2324,55.4482,107.89,65.2698,72.9987
2010-02-24,82.5004,38.637,50.3603,32.0758,27.4939,55.583,107.36,65.3011,73.0305
2010-02-25,82.3887,38.6283,50.3763,31.8808,27.2677,55.8956,108.31,65.3558,73.0305
2010-02-26,82.4408,38.7669,50.1686,32.0758,27.5434,56.1837,109.43,65.3793,73.0305
2010-03-01,83.2969,39.3299,51.3349,32.3258,28.01,56.1591,109.43,65.3675,72.9987
2010-03-02,83.5277,39.4512,51.7263,32.5696,28.3282,56.0853,111.02,65.3675,73.0146
2010-03-03,83.6022,39.4944,52.0219,32.9597,28.3635,55.9439,111.63,65.3597,72.9987
2010-03-04,83.8553,39.6244,52.1577,32.8744,28.2151,56.239,110.83,65.3362,72.9987
2010-03-05,85.0539,40.222,53.2202,33.5145,28.9503,55.5012,110.81,65.2815,72.9987
2010-03-08,85.0688,40.2999,53.3161,33.5145,28.9715,55.2122,109.88,65.2502,72.9987
2010-03-09,85.2102,40.5251,53.5078,33.4352,29.1341,55.2246,109.72,65.2972,72.9987
2010-03-10,85.5899,40.8543,53.9631,33.5754,29.3391,55.0831,108.47,65.2815,73.0146
2010-03-11,85.9472,41.0101,54.1229,33.7034,29.3462,55.286,108.6,65.2033,72.9987
2010-03-12,85.9546,41.0188,54.0989,33.929,29.2472,55.6303,107.95,65.2111,72.9987
2010-03-15,85.977,40.9149,53.9152,33.6912,29.0351,55.5566,108.36,65.2346,72.9987
2010-03-16,86.6619,41.1747,54.3786,34.1179,29.4098,55.9992,110.4,65.2502,72.9987
2010-03-17,87.1756,41.2873,54.6981,34.3008,29.728,56.239,109.59,65.2658,72.9987
2010-03-18,87.1309,41.4259,54.5303,34.0996,29.5017,56.0546,110.34,65.2267,72.9987
2010-03-19,86.6899,41.1753,53.8513,33.7522,29.12,56.1099,108.28,65.1798,72.9987
2010-03-22,87.1533,41.5481,54.6102,33.8497,29.226,56.1714,107.75,65.2033,73.0146
2010-03-23,87.7663,41.8342,55.3052,34.0875,29.431,55.907,108.32,65.1798,73.0146
2010-03-24,87.3402,41.6348,54.6742,33.5266,28.9927,54.8864,106.3,65.0781,72.9987
2010-03-25,87.1982,41.5741,54.3298,33.5084,28.915,54.5359,106.78,65.1016,73.0305
2010-03-26,87.1459,41.6175,54.3058,33.8375,29.0563,54.6896,108.59,65.1407,73.0305
2010-03-29,87.699,41.8169,54.6021,34.124,29.5795,54.4806,108.75,65.172,72.9987
2010-03-30,87.7588,41.9556,54.7702,34.124,29.6926,54.6528,107.97,65.1563,72.9987
2010-03-31,87.4598,41.7562,54.2978,34.124,29.7775,55.0278,108.95,65.2033,73.0305
2010-04-01,88.0578,41.7562,54.8023,34.7275,30.5551,54.8932,110.26,65.1798,73.0305
2010-04-05,88.7755,42.1464,55.8274,34.7641,30.8308,53.9799,110.89,64.9997,72.9987
2010-04-06,88.9848,42.2677,56.1558,34.6666,30.9227,54.0663,111.03,65.0467,72.9987
2010-04-07,88.4764,42.1637,55.9796,34.4227,30.6541,54.7575,112.49,65.1485,72.9987
2010-04-08,88.7829,42.2591,55.9235,34.3861,30.7601,54.7821,112.65,65.1328,72.9987
2010-04-09,89.366,42.5105,56.2598,34.8372,30.951,54.9118,113.64,65.1485,72.9987
2010-04-12,89.508,42.5452,56.4921,34.9469,30.7036,55.2018,113.01,65.1798,72.9987
2010-04-13,89.5753,42.762,56.6202,34.9165,30.64,55.3808,112.69,65.1642,72.9987
2010-04-14,90.5919,43.2735,57.8295,35.3798,31.0924,54.992,113.03,65.1642,72.9987
2010-04-15,90.6667,43.4643,58.0057,35.3554,30.9227,55.0537,113.65,65.2111,72.9987
2010-04-16,89.2239,42.9441,57.2289,34.5751,30.0178,55.4548,111.24,65.3129,72.9987
2010-04-19,89.5603,42.918,56.9486,34.4837,29.8976,55.3191,111.15,65.2503,73.0146
2010-04-20,90.3602,43.1348,57.7254,34.697,30.2511,55.5165,111.46,65.2581,72.9987
2010-04-21,90.1957,43.3776,58.1258,34.4715,30.1522,55.9733,112.31,65.2659,72.9987
2010-04-22,90.4648,43.6203,58.7425,34.1606,30.2794,55.8066,111.84,65.2189,72.9987
2010-04-23,91.0554,43.8024,59.3672,34.4166,30.442,55.6091,113.19,65.1954,72.9987
2010-04-26,90.7115,43.707,59.1429,34.4532,30.442,55.6709,112.75,65.1954,73.0146
2010-04-27,88.5661,42.7793,57.7895,33.0695,29.3533,56.4546,114.63,65.3207,72.9987
2010-04-28,89.2389,42.8053,57.8856,33.0756,29.6007,55.9733,114.31,65.3051,73.0146
2010-04-29,90.3452,43.551,59.1109,33.5876,30.0885,56.2077,114.28,65.3207,73.0146
2010-04-30,88.8128,42.6926,57.3811,33.167,29.728,56.8557,115.36,65.399,72.9987
2010-05-03,89.964,43.2909,58.6704,33.4047,29.8906,56.7814,115.73,65.3348,73.0146
2010-05-04,87.8485,41.9903,56.8285,32.082,28.519,57.8032,114.87,65.3739,72.9987
2010-05-05,87.3252,41.7736,55.9956,31.4663,28.003,58.1438,115.09,65.4601,73.0146
2010-05-06,84.4249,40.3776,53.8974,30.0643,26.8577,59.9397,118.49,65.6012,73.0305
2010-05-07,83.169,39.3719,52.3437,29.9972,26.9991,59.1904,118.27,65.5777,73.0305
2010-05-10,86.8319,41.4181,55.2828,31.9418,28.9432,57.9642,117.57,65.4915,73.0305
2010-05-11,86.5852,41.3747,55.6512,31.4236,28.4201,57.8156,120.66,65.5306,73.0305
2010-05-12,87.7962,42.155,57.357,31.7772,28.7735,57.3759,121.4,65.515,73.0305
2010-05-13,86.7049,41.4874,56.8044,31.3627,28.5049,57.7537,120.56,65.5541,73.0146
2010-05-14,85.135,40.6898,55.7073,30.4727,27.9181,58.7569,120.37,65.6403,73.0305
2010-05-17,85.1798,40.8198,55.8114,30.5153,27.7485,58.5402,119.36,65.6168,73.0305
2010-05-18,84.0212,40.2563,54.7383,29.857,27.1687,59.4381,119.49,65.6873,73.0146
2010-05-19,83.5428,39.9354,54.0895,29.9728,26.9072,59.6363,116.63,65.6561,73.0305
2010-05-20,80.3883,38.4528,51.3506,28.9304,25.571,60.8934,115.84,65.7343,73.0305
2010-05-21,81.5619,38.8777,52.1115,29.6375,26.3981,60.9553,115.22,65.6873,73.0305
2010-05-24,80.5154,38.7216,51.4147,28.9548,26.1224,60.7447,116.84,65.6795,73.0305
2010-05-25,80.5976,38.7563,51.4067,28.8451,25.8396,61.042,117.36,65.6716,73.0305
2010-05-26,80.1117,38.3228,51.5348,28.4184,25.8255,60.8686,118.47,65.6168,73.0464
2010-05-27,82.7952,39.7707,53.7452,30.0338,27.3879,59.4876,118.69,65.5698,73.0146
2010-05-28,81.7562,39.5366,53.0564,29.4547,26.9354,59.7601,118.88,65.6952,73.0305
2010-06-01,80.3808,39.1725,51.4467,29.1621,26.4406,60.1802,119.91,65.696,73.0305
2010-06-02,82.4739,40.1002,52.9123,29.9423,27.3667,59.6085,119.78,65.6489,73.0464
2010-06-03,82.7579,40.4817,53.593,29.8509,27.2677,59.1736,117.96,65.6333,73.0146
2010-06-04,79.8501,39.0944,50.9021,28.5769,26.2992,60.7643,119.19,65.7822,73.0464
2010-06-07,78.8559,38.3835,49.5888,28.2172,25.8891,61.2303,121.49,65.7587,73.0305
2010-06-08,79.7005,38.3141,49.5647,28.6683,26.483,60.9258,121.0,65.7509,73.0464
2010-06-09,79.2745,37.9933,49.5968,28.5647,26.3416,60.8575,120.56,65.7587,73.0464
2010-06-10,81.5918,39.0771,51.3106,29.7717,27.2606,59.7701,118.97,65.6724,73.0464
2010-06-11,81.988,39.4499,52.0073,29.8143,27.402,60.5281,120.01,65.743,73.0464
2010-06-14,81.8609,39.4412,52.3357,30.0033,27.4091,60.2174,119.6,65.7587,73.0146
2010-06-15,83.7222,40.499,53.6491,30.9542,28.2363,59.9689,120.99,65.7273,73.0146
2010-06-16,83.6923,40.6638,53.4008,30.8079,28.2363,60.3107,120.33,65.743,73.0146
2010-06-17,83.8269,40.7938,53.4649,30.9055,28.0949,60.8015,121.9,65.7822,73.0146
2010-06-18,83.9177,40.8277,53.4969,30.8506,28.2221,60.7021,122.83,65.7901,73.0305
2010-06-21,83.6774,40.4802,52.9443,30.8445,28.7099,60.5281,120.39,65.7979,73.0146
2010-06-22,82.2954,40.1675,51.8552,30.4544,28.1585,61.2489,121.45,65.8293,73.0305
2010-06-23,82.04,40.0024,51.711,30.6584,28.2311,61.6653,120.95,65.8764,73.0305
2010-06-24,80.6806,39.3944,50.8861,30.125,27.7329,61.2987,121.3,65.892,73.0305
2010-06-25,81.0186,39.4022,51.7591,30.2987,28.0603,61.5472,122.76,65.9156,73.0305
2010-06-28,80.7632,39.263,51.4627,30.0754,27.8681,62.1251,121.09,65.9548,73.0305
2010-06-29,78.2697,37.7485,49.5167,29.0458,26.7366,62.8023,121.27,65.9862,73.0305
2010-06-30,77.5261,37.174,48.9481,28.8473,26.5587,63.2249,121.68,65.9704,73.0464
2010-07-01,77.1806,37.0696,48.5957,29.2691,26.7509,63.3246,117.04,65.9492,73.0305
2010-07-02,76.76,36.9651,48.0646,29.2071,26.8647,62.8198,118.49,65.9492,73.0305
2010-07-06,77.2632,37.0783,47.4379,29.7901,27.3629,63.3371,116.51,65.9492,73.0146
2010-07-07,79.6967,38.262,49.0931,30.7204,27.9678,62.5954,117.73,65.9414,73.0146
2010-07-08,80.4853,38.4709,49.8001,31.0182,28.103,62.1965,117.21,65.9492,73.0305
2010-07-09,81.0862,38.8365,50.5715,31.0492,28.4446,61.8412,118.36,65.9257,73.0146
2010-07-12,81.1388,38.9496,50.001,30.9313,28.2169,61.8163,117.34,65.9335,73.0305
2010-07-13,82.363,39.4544,51.5839,31.502,28.5442,61.2865,118.36,65.8865,73.0305
2010-07-14,82.3555,39.6546,51.3991,31.6136,28.4873,61.9036,118.3,65.9572,73.0305
2010-07-15,82.3781,39.6894,50.925,31.7687,28.3521,62.5206,118.23,65.9728,73.0305
2010-07-16,80.1098,38.5928,49.069,30.7515,27.5052,62.826,116.67,66.0356,73.0305
2010-07-19,80.583,38.9235,49.2779,30.95,27.8681,62.4395,115.73,66.0121,73.0146
2010-07-20,81.4768,39.3935,50.1055,31.1608,28.5229,62.533,116.65,66.0356,73.0146
2010-07-21,80.4177,38.8539,49.2055,30.5964,28.2311,63.5926,115.85,66.067,73.0146
2010-07-22,82.2128,39.8374,50.9571,31.626,29.0851,62.8571,116.86,66.0434,73.0146
2010-07-23,82.9263,40.0898,52.2106,31.9982,29.2843,62.1903,116.09,66.0121,73.0305
2010-07-26,83.7901,40.4206,53.3998,32.2215,29.4836,62.0843,115.52,65.9885,72.9987
2010-07-27,83.7826,40.4032,53.2069,32.3145,29.4338,61.486,113.51,65.9492,72.9987
2010-07-28,83.2418,40.0811,52.3472,32.147,29.2701,61.6854,113.78,66.0121,73.0146
2010-07-29,82.8362,39.7852,52.2106,32.2959,29.3199,61.6667,114.29,66.067,72.9987
2010-07-30,82.8212,39.8722,52.2427,32.1966,29.4622,62.6266,115.49,66.0984,73.0146
2010-08-02,84.6914,40.6207,53.1507,33.2821,30.2237,61.7474,115.54,66.0835,72.9987
2010-08-03,84.2858,40.4467,52.7248,33.2324,30.0814,62.1038,115.99,66.1306,72.9987
2010-08-04,84.8491,40.8557,53.2792,33.2635,30.1241,61.6286,116.72,66.0756,72.9987
2010-08-05,84.7589,40.76,52.6525,33.2386,29.9889,61.9162,116.98,66.1542,72.9987
2010-08-06,84.4135,40.6991,52.3392,33.3379,29.9462,62.5915,117.84,66.1699,72.9987
2010-08-09,84.8641,40.9776,52.9177,33.3751,30.1027,62.3602,117.4,66.1306,72.9987
2010-08-10,84.4059,40.6207,51.9213,33.1084,29.69,62.4915,117.73,66.162,73.0146
2010-08-11,82.0926,39.5154,49.8805,31.6012,28.7435,63.3294,117.34,66.1777,73.0305
2010-08-12,81.5894,39.202,49.6314,31.564,28.7933,63.1731,118.77,66.162,73.0305
2010-08-13,81.3491,38.9235,49.069,31.4524,28.9499,63.961,118.74,66.1542,73.0305
2010-08-16,81.3115,38.9931,49.4627,31.7067,29.2203,65.5617,119.73,66.217,73.0146
2010-08-17,82.3104,39.4893,50.3144,32.0602,29.5263,65.1865,119.75,66.2013,73.0305
2010-08-18,82.4607,39.6459,50.467,32.0478,29.5049,65.3616,120.22,66.217,73.0146
2010-08-19,81.0261,39.0453,49.085,31.533,29.2772,66.3808,120.39,66.2327,73.0146
2010-08-20,80.7632,39.0976,49.1332,31.2043,29.1918,66.3058,119.97,66.2092,73.0305
2010-08-23,80.4553,38.7146,48.4664,31.1422,28.9285,66.3183,119.78,66.217,73.0146
2010-08-24,79.2611,37.9922,47.9119,30.7143,28.5584,67.3813,120.36,66.2642,73.0146
2010-08-25,79.569,38.3578,48.6351,30.7453,28.3734,67.1624,121.36,66.2013,73.0305
2010-08-26,79.0357,37.8965,48.2735,30.7329,28.1955,67.794,120.96,66.2013,73.0146
2010-08-27,80.26,38.3578,49.535,31.3345,28.8146,65.8744,121.01,66.1542,73.0146
2010-08-30,79.0958,37.9574,48.4503,30.8817,28.3378,67.1374,120.91,66.2327,73.0305
2010-08-31,79.0958,37.8268,48.3538,30.9748,28.5086,67.8815,122.08,66.2563,73.0146
2010-09-01,81.4617,38.9583,50.226,32.0788,29.5121,66.4779,121.69,66.217,73.0146
2010-09-02,82.2203,39.3935,50.7804,32.2587,29.5619,65.7755,122.29,66.2012,73.0305
2010-09-03,83.2868,40.0463,51.6883,32.5564,29.9106,64.9602,121.86,66.1698,73.0305
2010-09-07,82.348,39.7765,50.7081,32.1036,29.4765,66.2898,122.7,66.2406,73.0146
2010-09-08,82.9263,40.2552,51.0053,32.3517,29.7967,65.763,122.71,66.1934,73.0146
2010-09-09,83.3094,40.4119,51.0375,32.6556,29.9675,64.4648,121.56,66.1226,73.0146
2010-09-10,83.7299,40.5598,51.1982,32.7548,30.0743,64.17,121.73,66.1148,73.0146
2010-09-13,84.6613,41.1256,52.4436,33.3503,30.793,64.4836,121.62,66.1698,73.0146
2010-09-14,84.6087,41.2997,52.2186,33.5736,30.7788,65.1045,124.02,66.217,73.0305
2010-09-15,84.9317,41.5608,52.5159,33.586,30.8215,64.1387,123.94,66.2327,73.0305
2010-09-16,84.9092,41.7261,52.1784,33.4247,30.6649,63.5052,124.63,66.2484,73.0305
2010-09-17,84.9409,41.8675,52.3954,33.2635,30.6151,63.7624,124.54,66.2642,73.0146
2010-09-20,86.2396,42.6003,53.8497,33.8403,31.099,64.1324,124.87,66.272,73.0146
2010-09-21,86.066,42.5916,53.5364,33.8341,31.0065,65.0229,126.01,66.3192,73.0146
2010-09-22,85.6431,42.4782,52.9016,33.7845,31.0279,65.6062,126.2,66.3114,73.0146
2010-09-23,84.9484,42.4607,52.2612,33.4185,30.8286,65.7943,126.3,66.3192,73.0146
2010-09-24,86.7003,43.3244,53.9608,34.3489,31.3979,64.91,126.69,66.3114,73.0305
2010-09-27,86.285,43.0889,53.8239,34.1752,31.341,66.0389,126.72,66.3271,73.0305
2010-09-28,86.587,43.0714,54.3555,34.3737,31.5687,66.4904,127.85,66.3428,73.0146
2010-09-29,86.436,43.0016,54.5086,34.3179,31.6755,66.2145,127.95,66.3271,73.0146
2010-09-30,86.1793,42.8097,54.3716,34.0636,31.8605,66.1706,127.91,66.3349,73.0146
2010-10-01,86.5417,42.7573,54.6616,34.4047,32.3302,65.8508,128.91,66.3467,73.0146
2010-10-04,85.8923,42.295,53.9206,33.9085,32.2306,66.0208,128.46,66.3546,73.0305
2010-10-05,87.6215,43.3244,55.451,34.8699,32.8141,65.6242,130.99,66.3861,73.0146
2010-10-06,87.6139,42.9493,55.2657,35.1614,32.7999,66.4489,131.81,66.3939,73.0146
2010-10-07,87.5082,43.1063,55.1047,35.0435,32.5081,65.895,130.37,66.449,73.0146
2010-10-08,87.999,43.4029,55.8054,35.273,32.8995,65.6053,131.66,66.449,73.0146
2010-10-11,88.0821,43.4204,55.8538,35.2296,32.8781,65.6179,132.29,66.4569,73.0146
2010-10-12,88.3539,43.717,55.9988,35.1552,32.7429,64.9695,131.96,66.4096,73.0146
2010-10-13,89.0411,44.0747,56.8526,35.5521,33.3478,64.8688,134.07,66.4175,73.0146
2010-10-14,88.6937,43.9874,56.8123,35.8002,33.2909,63.8994,134.75,66.3861,73.0305
2010-10-15,88.8749,44.9209,56.619,35.6824,33.2482,63.1189,133.68,66.4096,73.0146
2010-10-18,89.3129,44.7552,57.0942,35.763,33.2624,63.6288,134.28,66.4254,73.0305
2010-10-19,88.1425,44.3364,55.9826,34.9753,32.2092,64.0127,130.11,66.4569,73.0146
2010-10-20,89.0033,44.6592,56.5545,35.6328,32.7216,64.1513,131.32,66.4647,73.0146
2010-10-21,89.1996,44.7465,56.2807,35.4405,32.7216,63.3896,129.47,66.4727,73.0146
2010-10-22,89.3658,45.0518,56.6432,35.5335,32.7572,63.8176,129.73,66.4569,73.0305
2010-10-25,89.63,45.2699,56.9815,35.67,33.113,64.0002,130.85,66.4727,73.0146
2010-10-26,89.6451,45.3921,56.9412,35.4405,33.0845,63.0118,130.88,66.4096,73.0305
2010-10-27,89.3884,45.5316,56.7962,35.0994,32.5223,62.4579,129.52,66.3782,73.0305
2010-10-28,89.4035,45.6276,56.4499,35.3723,32.7287,62.6279,131.24,66.4647,73.0146
2010-10-29,89.4715,45.5229,56.6271,35.3598,32.8212,63.2133,132.62,66.4805,73.0305
2010-11-01,89.5017,45.5578,56.2404,35.2296,33.1842,62.9411,131.92,66.5096,73.0305
2010-11-02,90.2115,46.0464,57.4084,35.8126,33.5969,63.7684,132.49,66.4702,72.9987
2010-11-03,90.5739,46.2558,57.6339,36.0607,33.8033,62.4675,131.57,66.4938,73.0146
2010-11-04,92.3182,46.8228,59.0919,36.8794,34.5719,62.9537,136.03,66.5096,73.0146
2010-11-05,92.6655,46.8228,59.4221,36.7182,34.5078,61.8739,136.38,66.4545,73.0146
2010-11-08,92.4919,46.8839,59.3738,36.4949,34.3655,62.1517,137.78,66.423,73.0146
2010-11-09,91.8274,46.6309,58.5844,36.1289,33.9314,60.7814,135.59,66.3364,73.0146
2010-11-10,92.1974,46.8664,59.2369,36.2344,34.1805,60.8636,137.24,66.3757,73.0146
2010-11-11,91.85,46.5698,59.0033,35.9243,33.846,60.8319,137.66,66.2734,72.9987
2010-11-12,90.7627,45.8108,58.0206,35.6266,33.0276,60.5035,133.69,66.2734,73.0305
2010-11-15,90.6343,45.6363,58.0286,35.6017,33.0134,59.2405,132.42,66.234,73.0305
2010-11-16,89.2223,44.886,56.9009,34.7644,32.1451,60.7119,130.97,66.2655,73.0305
2010-11-17,89.2676,45.0169,57.054,34.9567,32.3088,60.3773,130.38,66.3049,73.0305
2010-11-18,90.5814,45.741,58.1656,35.8312,33.0774,60.6235,132.09,66.3128,73.0146
2010-11-19,90.8307,45.7759,58.3589,35.8312,33.0988,60.9961,132.2,66.2734,73.0146
2010-11-22,90.7551,46.1598,58.6408,35.4467,32.9991,61.2551,133.48,66.3364,73.0146
2010-11-23,89.4413,45.4269,58.085,34.3799,31.953,61.5581,134.41,66.3757,73.0146
2010-11-24,90.7627,46.343,59.3899,34.9257,32.6931,60.4594,134.18,66.2576,73.0305
2010-11-26,89.7056,46.0376,58.9791,34.3427,31.8818,61.2992,133.11,66.3049,73.0305
2010-11-29,89.9774,46.0028,59.0677,34.0387,32.1309,61.8234,133.51,66.297,73.0305
2010-11-30,89.4715,45.4444,58.6005,33.6542,31.8676,62.1454,135.42,66.3443,73.0305
2010-12-01,91.3743,46.4041,59.9135,34.6094,32.7785,60.764,135.38,66.245,73.0146
2010-12-02,92.5447,46.8752,60.5176,35.2668,33.4261,60.6056,135.2,66.245,73.0146
2010-12-03,92.7939,46.9973,60.9526,35.608,33.5471,60.1303,138.07,66.3316,73.0305
2010-12-06,92.6958,46.9798,61.3312,35.4467,33.4902,60.9794,139.11,66.3711,73.0146
2010-12-07,92.7486,47.006,61.6856,35.4653,33.3336,59.6741,136.5,66.2528,73.0146
2010-12-08,93.0884,47.1805,61.6453,35.5707,33.1201,59.0975,134.79,66.1504,73.0146
2010-12-09,93.4508,47.2241,61.8548,35.6638,33.0062,59.3889,135.37,66.1425,73.0305
2010-12-10,93.9945,47.5382,62.6281,35.7444,33.1557,59.0277,135.41,66.1189,73.0305
2010-12-13,94.0549,47.3724,62.3059,36.1289,33.3692,59.2495,136.05,66.1583,73.0305
2010-12-14,94.138,47.4597,62.2736,36.1848,33.419,58.3877,136.18,66.1267,73.0305
2010-12-15,93.7076,47.2503,62.0803,35.7072,32.8781,57.6272,134.7,66.1031,73.0146
2010-12-16,94.2512,47.6167,62.6522,35.9057,32.9707,58.0265,133.81,66.1189,73.0146
2010-12-17,94.3522,47.6587,62.8456,35.7072,33.0205,59.0847,134.2,66.174,73.0305
2010-12-20,94.5799,47.6937,63.0953,35.7878,32.871,59.0214,135.11,66.1898,73.0305
2010-12-21,95.1796,47.9821,63.7961,36.0871,33.3509,59.4332,135.32,66.174,73.0305
2010-12-22,95.4756,47.9734,63.7775,36.156,33.4656,59.0087,135.05,66.1583,73.0146
2010-12-23,95.339,47.851,63.6965,36.1372,33.4297,58.8883,134.66,66.0715,73.0146
2010-12-27,95.3769,47.8772,63.8907,36.062,33.3222,59.4143,135.02,66.111,73.0146
2010-12-28,95.5135,47.7898,63.7127,36.0933,33.3509,58.2506,137.22,66.0226,73.0305
2010-12-29,95.5819,47.8947,63.8503,36.4064,33.7778,59.2362,137.71,66.1804,73.0146
2010-12-30,95.4301,47.7811,63.7289,36.2311,33.9501,59.1917,137.03,66.1567,73.0305
2010-12-31,95.4528,47.6062,63.3081,36.4502,34.1869,59.8466,138.72,66.2356,73.0146
2011-01-03,96.4396,48.3493,64.4086,36.7507,34.517,59.3952,138.0,66.2198,73.0305
2011-01-04,96.3865,48.3143,63.4538,36.638,34.6748,59.4651,134.75,66.2041,73.0305
2011-01-05,96.8875,48.7251,64.1982,36.4815,34.5887,58.1553,134.37,66.0857,73.0305
2011-01-06,96.6977,48.8825,63.8988,36.062,34.2227,58.4096,133.83,66.1567,73.0305
2011-01-07,96.5079,48.8388,63.5347,35.918,33.907,58.7212,133.58,66.2514,73.0146
2011-01-10,96.3865,49.0224,63.8988,35.8554,33.5554,59.0391,134.12,66.2829,73.0305
2011-01-11,96.7281,49.0923,64.1577,36.0996,33.9142,58.7084,134.91,66.2435,73.0305
2011-01-12,97.601,49.4419,64.708,36.8947,34.5959,58.2506,135.46,66.2435,73.0146
2011-01-13,97.4416,49.4594,64.6837,36.9949,34.2945,58.772,134.05,66.2672,73.0146
2011-01-14,98.1476,49.8266,65.1692,37.2203,34.395,58.3969,132.69,66.2672,73.0146
2011-01-18,98.3146,49.9664,65.2177,37.4645,34.3447,58.1235,133.43,66.2514,73.0146
2011-01-19,97.3505,49.3982,63.5428,37.2078,34.0792,58.5431,133.72,66.2829,73.0305
2011-01-20,97.2215,49.0486,62.8793,36.8885,33.7061,57.7356,131.2,66.2119,73.0305
2011-01-21,97.4416,48.6727,62.4585,37.0888,33.3545,58.1934,131.03,66.2277,73.0146
2011-01-24,97.9957,49.3458,62.9198,37.4832,33.6128,58.2189,130.36,66.2198,73.0146
2011-01-25,98.0488,49.4157,63.0168,37.4081,33.4119,58.772,130.1,66.2672,73.0305
2011-01-26,98.4284,49.678,64.0202,37.646,33.7061,57.8818,131.16,66.2514,73.0146
2011-01-27,98.6713,49.9839,64.2063,37.7337,33.5913,58.1426,127.93,66.2987,73.0305
2011-01-28,96.9482,48.7164,62.6365,36.8947,32.5292,58.4477,130.28,66.3302,73.0146
2011-01-31,97.6769,48.9524,63.0735,37.214,32.8737,58.0027,129.87,66.3224,73.0146
2011-02-01,99.2406,49.8703,64.5299,38.0968,33.6702,57.7155,130.8,66.2497,73.0146
2011-02-02,99.0508,49.7916,64.2872,38.0655,33.419,57.7283,130.45,66.2102,73.0146
2011-02-03,99.271,49.879,64.5138,38.0718,33.376,57.2497,132.2,66.1471,73.0146
2011-02-04,99.5518,50.1587,64.6271,38.0592,33.3688,56.669,131.66,66.0919,73.0305
2011-02-07,100.1742,50.3948,65.2663,38.1782,33.4119,56.9626,131.68,66.0603,73.0146
2011-02-08,100.6297,50.7269,65.7275,38.4286,33.4262,56.4393,133.14,65.9735,73.0146
2011-02-09,100.402,50.6395,65.4362,38.3159,32.6584,56.9307,133.07,66.0208,73.0305
2011-02-10,100.4399,50.7182,65.6952,38.0655,32.3498,56.2734,132.85,65.9892,73.0146
2011-02-11,101.0396,51.0853,66.4072,38.0843,32.7445,57.0838,132.32,65.9892,73.0146
2011-02-14,101.2825,51.2077,66.747,38.1594,32.5794,57.1221,132.95,65.9892,73.0146
2011-02-15,100.9637,51.1378,66.3667,38.0467,32.644,57.3773,133.97,66.0208,73.0305
2011-02-16,101.6013,51.47,66.9008,38.5037,32.9167,57.1923,134.1,66.0129,73.0305
2011-02-17,101.9049,51.4525,67.3701,38.6352,33.0315,57.2816,135.04,66.0919,73.0305
2011-02-18,102.1174,51.3388,67.4429,38.7667,33.2325,57.1029,135.41,66.1156,73.0146
2011-02-22,100.068,49.8528,65.7113,37.6585,32.1704,57.958,136.29,66.1866,73.0146
2011-02-23,99.4531,49.4419,64.5785,37.7086,32.1991,58.1686,137.51,66.1708,73.0305
2011-02-24,99.3848,49.7042,64.9912,37.7399,32.278,58.5386,136.48,66.2024,73.0305
2011-02-25,100.4475,50.3948,66.4962,38.1907,32.6655,58.8832,137.38,66.2181,73.0305
2011-02-28,101.0699,50.4996,66.569,38.535,32.8593,58.9598,137.66,66.2419,73.0146
2011-03-01,99.3848,49.6867,65.2339,37.9966,32.522,59.1307,140.03,66.2821,73.0146
2011-03-02,99.5974,49.9489,65.509,38.197,32.9669,58.2217,139.92,66.2506,73.0305
2011-03-03,101.3128,50.9367,66.9979,38.6853,33.62,57.652,138.09,66.1162,73.0146
2011-03-04,100.5538,50.6745,66.7066,38.3347,33.6558,58.1321,139.35,66.2663,73.0305
2011-03-07,99.7643,49.9926,65.6142,37.9653,33.1822,57.7608,139.72,66.2189,73.0146
2011-03-08,100.6373,50.1937,66.6823,38.0843,33.6271,57.4087,139.36,66.1952,73.0146
2011-03-09,100.4931,49.8528,66.4153,38.0968,33.6917,57.9656,139.41,66.2426,73.0146
2011-03-10,98.6333,49.0748,64.708,37.1514,32.6942,58.9387,137.77,66.3137,73.0146
2011-03-11,99.3165,49.3808,64.8779,37.1514,33.0315,58.6058,138.22,66.3216,73.0305
2011-03-14,98.7168,49.2059,64.5299,36.4878,33.2253,58.5802,138.86,66.3611,73.0305
2011-03-15,97.5858,48.5066,63.9555,35.724,32.6727,59.4572,136.27,66.3295,73.0464
2011-03-16,95.7792,47.3352,63.3162,34.6158,32.0053,60.1294,136.24,66.448,73.0464
2011-03-17,97.0469,47.7723,63.4538,35.7678,32.4,59.6684,136.97,66.4164,73.0464
2011-03-18,97.3998,47.6647,64.2953,36.2624,32.4574,59.8285,138.37,66.3848,73.0464
2011-03-21,98.9093,48.5838,65.7841,37.1577,33.0817,59.4764,139.14,66.3137,73.0464
2011-03-22,98.5663,48.4963,65.4362,37.0513,33.1822,59.6748,139.05,66.2979,73.0146
2011-03-23,98.8484,48.7676,65.6385,37.0951,33.62,59.5981,140.34,66.3059,73.0305
2011-03-24,99.7937,49.6343,66.0917,37.5897,34.0075,59.1499,139.22,66.2585,73.0146
2011-03-25,100.0986,49.7568,66.6674,37.1765,33.9716,59.0027,139.26,66.211,73.0146
2011-03-28,99.8547,49.4854,66.5215,37.1577,33.7994,59.0859,138.54,66.1795,73.0305
2011-03-29,100.5256,49.9669,67.1459,37.3518,34.1869,58.6314,138.21,66.1558,73.0146
2011-03-30,101.2193,50.2033,68.0135,37.7963,34.6246,59.0987,138.67,66.1952,73.0305
2011-03-31,101.0821,50.2733,68.2486,37.6147,34.926,58.9771,139.86,66.1558,73.0146
2011-04-01,101.509,50.2995,68.5486,37.9716,35.4857,59.2638,139.2,66.2088,73.0146
2011-04-04,101.5929,50.1332,68.7027,38.0217,35.7871,59.3281,139.84,66.2245,73.0146
2011-04-05,101.5777,50.0019,69.0757,37.9278,35.7154,59.0903,142.05,66.1534,73.0146
2011-04-06,101.8978,50.1245,69.2297,38.2408,35.9091,58.2031,142.38,66.1534,73.0146
2011-04-07,101.6386,50.0895,68.8162,38.053,35.8733,58.0874,142.51,66.2008,73.0305
2011-04-08,101.2879,49.8531,68.0945,38.366,35.9091,57.7788,143.66,66.1771,73.0146
2011-04-11,100.983,49.6868,67.4864,38.2909,35.4857,57.8302,142.64,66.1692,73.0146
2011-04-12,100.2282,49.3454,66.6026,37.934,34.8184,58.4538,141.61,66.2799,73.0305
2011-04-13,100.2206,49.7656,66.6918,38.0467,35.1054,58.8202,141.9,66.3115,73.0305
2011-04-14,100.2968,49.678,66.9999,38.2158,35.2131,58.7752,143.81,66.2482,73.0146
2011-04-15,100.6628,49.5905,67.7135,38.1594,35.2561,59.5724,145.05,66.3747,73.0305
2011-04-18,99.5345,49.2403,66.5945,37.3768,34.3735,59.7074,145.93,66.3906,73.0146
2011-04-19,100.1062,49.5467,66.6107,37.6523,34.8686,59.9645,145.93,66.4063,73.0146
2011-04-20,101.4709,50.6672,67.9729,38.6102,35.6939,59.5788,146.5,66.3984,73.0146
2011-04-21,101.9893,51.0699,68.4756,38.8606,36.0096,59.5274,146.74,66.3826,73.0146
2011-04-25,101.8826,51.2012,68.3864,38.8606,35.7154,59.7523,146.87,66.3906,73.0146
2011-04-26,102.7593,51.4901,69.0675,39.1611,36.0239,60.3309,146.38,66.4538,73.0146
2011-04-27,103.4302,51.8402,69.4811,39.6495,35.9594,59.7137,149.2,66.4774,73.0146
2011-04-28,103.7656,51.7614,69.7973,39.9187,35.6651,60.1702,149.82,66.4774,73.0146
2011-04-29,104.0096,51.7177,70.0487,39.7309,35.8804,60.3566,152.37,66.5092,73.0146
2011-05-02,103.8495,51.6214,69.2297,39.9875,35.8876,60.4535,150.41,66.4981,73.0146
2011-05-03,103.4759,51.3763,68.354,39.662,35.0911,60.7956,149.88,66.5218,73.0146
2011-05-04,102.7898,51.2975,67.4702,39.3239,34.5098,61.0668,147.73,66.5534,73.0464
2011-05-05,101.8597,51.0174,67.1621,38.5476,34.1797,61.6478,143.47,66.5693,73.0464
2011-05-06,102.3095,51.1837,67.5188,38.5663,34.6246,61.3767,145.3,66.5772,73.0464
2011-05-09,102.7059,51.3763,68.3053,38.8418,34.6892,61.3121,147.38,66.6088,73.0464
2011-05-10,103.5826,51.814,69.3513,39.2112,35.0982,60.8731,147.9,66.5455,73.0464
2011-05-11,102.4925,51.4375,68.0702,38.4224,34.3232,61.2217,146.54,66.6088,73.0464
2011-05-12,102.9804,51.7439,68.6702,38.5476,34.4237,60.8344,146.59,66.5772,73.0464
2011-05-13,102.1875,51.1312,67.7135,37.9465,33.6702,61.3831,145.63,66.6088,73.0305
2011-05-16,101.5395,50.247,66.7242,37.8777,33.62,61.7253,145.37,66.6405,73.0305
2011-05-17,101.5243,50.3871,66.5134,37.9591,33.7276,62.358,144.74,66.6483,73.0305
2011-05-18,102.4315,50.8073,67.5351,38.1907,34.273,61.5316,145.6,66.6167,73.0146
2011-05-19,102.6754,50.9561,67.681,38.4098,34.0505,61.5058,145.65,66.6246,73.0464
2011-05-20,101.8597,50.5709,67.1864,37.8651,33.7778,61.5381,147.49,66.6483,73.0305
2011-05-23,100.678,49.8268,65.9782,36.9886,33.0746,61.8351,147.83,66.6563,73.0305
2011-05-24,100.5942,49.5205,65.662,37.2015,33.4047,62.0675,148.59,66.6563,73.0305
2011-05-25,100.9296,49.7131,66.4891,37.4394,33.4764,61.7769,148.58,66.6879,73.0305
2011-05-26,101.3947,50.0194,67.3648,37.79,33.907,62.3063,148.22,66.7275,73.0305
2011-05-27,101.7835,50.2733,67.8269,38.0655,34.2658,62.2805,149.7,66.7512,73.0305
2011-05-31,102.8431,51.0874,68.7919,38.8544,34.8255,62.4225,149.64,66.7512,73.0305
2011-06-01,100.5332,49.9757,66.5783,37.934,34.2012,63.2662,149.91,66.7955,73.0146
2011-06-02,100.4264,50.0807,66.554,38.1281,34.5241,62.061,149.5,66.756,73.0146
2011-06-03,99.4278,49.3279,65.5809,38.1469,34.3519,62.4174,150.22,66.7797,73.0146
2011-06-06,98.3757,48.9252,64.5025,37.6523,33.7994,61.9443,150.48,66.7876,73.0146
2011-06-07,98.3147,48.8377,64.6566,37.9966,34.0649,62.2294,150.42,66.8351,73.0305
2011-06-08,97.903,48.4875,63.9349,37.5083,33.8209,62.7154,149.81,66.8431,73.0305
2011-06-09,98.6501,48.575,64.2755,37.8964,34.0864,62.4627,150.56,66.7718,73.0146
2011-06-10,97.2779,47.831,63.2457,37.0199,33.3473,62.9422,149.24,66.8272,73.0305
2011-06-13,97.3541,47.831,63.0673,37.0763,33.2899,62.6247,147.77,66.8035,73.0146
2011-06-14,98.5891,48.4437,64.4214,37.7337,33.7922,61.6787,148.67,66.748,73.0305
2011-06-15,96.8357,47.5246,63.27,36.494,33.0674,62.7996,149.12,66.8431,73.0305
2011-06-16,97.0492,47.3408,63.416,36.3688,32.8162,63.0848,148.97,66.851,73.0305
2011-06-17,97.3388,47.1925,63.4322,36.7257,32.8593,62.7867,149.94,66.8668,73.0305
2011-06-20,97.8368,47.4381,64.016,36.6819,32.8091,62.8644,150.03,66.8668,73.0305
2011-06-21,99.1775,48.4559,65.4025,37.477,33.4119,62.5858,150.76,66.8747,73.0146
2011-06-22,98.5799,48.1049,64.8998,37.1138,33.0792,62.6247,150.99,66.8589,73.0305
2011-06-23,98.2964,48.5524,65.1512,36.7947,33.0357,63.1042,148.34,66.8985,73.0305
2011-06-24,97.1549,47.7101,64.8187,36.4437,32.9777,62.8385,146.26,66.9381,73.0146
2011-06-27,98.0206,48.4734,65.3214,36.7436,33.3618,61.9767,145.73,66.8747,73.0146
2011-06-28,99.3001,49.1928,66.335,37.184,33.8185,61.4778,146.24,66.756,73.0146
2011-06-29,100.1505,49.3946,66.6512,37.835,34.1301,61.0696,147.18,66.756,73.0305
2011-06-30,101.1082,50.0526,67.1377,38.3839,34.4998,60.9724,146.0,66.748,73.0305
2011-07-01,102.6022,50.8072,68.1837,38.8052,34.9056,60.8749,144.93,66.7251,73.0146
2011-07-05,102.5179,51.0616,68.348,38.5754,34.8911,61.0114,147.63,66.8043,73.0146
2011-07-06,102.6405,51.2283,68.6245,38.3329,34.6592,61.3235,148.91,66.8281,73.0305
2011-07-07,103.7054,51.9301,69.6574,38.6647,35.1376,61.1415,149.15,66.7647,73.0146
2011-07-08,102.9699,51.7898,69.2345,38.1861,34.7389,62.0062,150.25,66.8598,73.0146
2011-07-11,101.1082,50.851,67.7624,37.0309,33.7677,62.9359,151.59,66.9073,72.9987
2011-07-12,100.6715,50.465,67.3802,36.7819,33.4271,63.1504,152.77,66.8994,73.0146
2011-07-13,101.0086,50.6756,67.982,37.3308,33.9707,63.326,154.14,66.9152,73.0305
2011-07-14,100.3114,50.0877,66.9004,37.0053,33.6083,62.4223,154.54,66.8915,73.0305
2011-07-15,100.8937,50.7545,67.3477,37.133,33.8185,62.5263,155.2,66.9073,73.0305
2011-07-18,100.0662,50.4825,66.266,36.5841,33.4271,61.9216,156.57,66.9073,73.0305
2011-07-19,101.6904,51.6318,67.7624,37.133,33.9127,63.209,154.66,66.9073,73.0305
2011-07-20,101.6292,51.4125,67.6486,37.5733,34.0142,62.4613,156.02,66.8836,73.0146
2011-07-21,103.0389,51.7547,68.2667,38.3712,34.5577,61.9801,154.83,66.8519,73.0146
2011-07-22,103.1078,52.2899,68.3561,38.4095,34.536,62.4483,156.12,66.8598,73.0305
2011-07-25,102.5332,52.1846,67.551,38.1669,34.4635,61.7656,157.34,66.8281,73.0305
2011-07-26,102.1502,52.3162,67.0387,38.3967,34.5795,62.1882,157.77,66.8677,73.0305
2011-07-27,100.0586,50.9651,65.038,37.4649,33.9707,62.1948,157.19,66.8281,73.0305
2011-07-28,99.7675,51.0528,64.9323,37.3755,33.9997,62.4287,157.32,66.8677,73.0305
2011-07-29,99.0856,50.8861,64.8509,37.4712,34.1446,63.6641,158.29,66.939,73.0305
2011-08-01,98.6642,50.6492,64.428,36.9989,34.1156,64.3066,157.72,66.916,73.0305
2011-08-02,96.1436,49.3683,62.4192,36.0224,33.0647,66.2376,161.52,67.0033,73.0305
2011-08-03,96.6646,49.8421,62.834,36.233,32.9487,66.368,161.49,66.9953,73.0305
2011-08-04,92.1366,47.5259,59.0441,33.7056,31.0643,68.7294,160.64,67.0588,73.0305
2011-08-05,91.9987,47.2276,58.0112,34.2992,30.8613,66.7463,161.75,67.0429,73.0305
2011-08-08,86.0075,44.385,52.9608,31.7398,28.2883,68.8534,167.12,67.0666,73.0305
2011-08-09,90.0068,46.5257,56.4904,33.8779,29.9481,69.0621,168.61,67.1381,73.0305
2011-08-10,86.0305,44.6219,53.7253,31.8547,28.3608,71.117,174.58,67.1856,73.0305
2011-08-11,89.8918,46.5871,56.4091,33.3801,29.9264,67.5291,170.75,67.1697,73.0305
2011-08-12,90.4971,46.9995,56.7588,33.763,29.9119,68.8664,169.97,67.1777,73.0305
2011-08-15,92.4125,47.6926,58.361,34.5481,30.6077,68.1684,171.8,67.1539,73.0305
2011-08-16,91.6233,47.289,57.2874,34.0439,30.3467,69.2969,173.92,67.1539,73.0305
2011-08-17,91.6846,47.0082,57.3037,34.2417,30.5642,70.5103,174.42,67.1697,73.0305
2011-08-18,87.7313,44.7008,54.0424,32.5759,29.1219,71.9584,177.72,67.1618,72.9987
2011-08-19,86.2986,43.8937,53.0909,32.0206,28.7595,72.539,179.95,67.1618,73.0305
2011-08-22,86.3675,44.0516,52.9038,32.2249,28.7305,72.3564,184.59,67.1539,72.9987
2011-08-23,89.21,45.8677,55.4575,33.2716,29.7379,71.3583,177.67,67.1222,73.0305
2011-08-24,90.4664,46.2274,56.2789,33.2844,29.448,69.3295,171.65,67.1222,73.0305
2011-08-25,89.0874,45.4729,54.8964,32.4802,28.8754,70.0797,172.36,67.1618,72.9987
2011-08-26,90.3822,46.6134,56.2057,32.9908,29.3683,70.7712,177.47,67.1697,73.0305
2011-08-29,92.9794,47.9119,58.8652,33.7758,30.3177,69.7928,173.89,67.1539,73.0305
2011-08-30,93.2246,48.2278,59.2068,33.578,30.3612,70.9147,179.1,67.1697,73.0305
2011-08-31,93.6383,48.3067,59.0848,34.1907,30.9846,69.8188,177.72,67.1697,73.0305
2011-09-01,92.6576,47.868,57.8161,33.7694,30.8178,71.2988,177.87,67.1888,73.0305
2011-09-02,90.2902,46.745,55.6771,33.0163,30.1221,73.6151,183.24,67.1571,73.0305
2011-09-06,89.6313,46.7538,55.5226,31.9313,29.8104,74.3806,182.9,67.165,73.0146
2011-09-07,92.1596,47.9382,57.6209,32.8823,30.6946,72.9608,177.08,67.1491,72.9987
2011-09-08,91.2019,47.7189,56.5636,32.2313,30.0133,73.6151,181.81,67.1729,72.9987
2011-09-09,88.8116,46.6573,54.8964,31.1143,28.9986,74.4002,180.7,67.1968,73.0146
2011-09-12,89.3862,47.2539,55.3681,30.9803,28.9407,74.4787,176.67,67.1491,73.0146
2011-09-13,90.206,47.8856,56.2627,31.3122,28.9841,73.4187,178.54,67.1571,72.9987
2011-09-14,91.4548,48.5699,57.2712,31.7845,28.9044,74.0404,177.21,67.1571,72.9987
2011-09-15,93.0331,49.2893,58.0763,32.4738,29.3248,72.9084,174.4,67.165,72.9987
2011-09-16,93.5837,49.7411,58.1658,32.4866,29.3755,73.4384,176.03,67.1809,72.9987
2011-09-19,92.6518,49.7587,57.1248,31.593,28.5058,74.8386,173.31,67.2126,73.0146
2011-09-20,92.544,49.539,56.2383,31.7207,28.2956,75.1527,175.78,67.1809,73.0146
2011-09-21,89.8178,48.6776,54.1563,30.7761,27.2447,77.639,173.59,67.1094,73.0146
2011-09-22,86.9145,47.0954,52.6436,29.7804,25.3312,80.5571,169.05,67.1174,72.9987
2011-09-23,87.4382,47.5964,53.1824,30.1187,26.0053,79.0588,159.8,67.1253,73.0146
2011-09-26,89.5175,48.1502,54.1866,30.7378,26.3967,77.7895,157.58,67.1016,73.0146
2011-09-27,90.5186,48.6512,55.3542,31.4973,27.2374,76.5986,160.63,67.0777,72.9987
2011-09-28,88.6704,47.9305,53.2314,30.9612,26.4184,76.5725,156.22,67.0539,73.0146
2011-09-29,89.3712,47.3591,54.154,31.5675,26.7808,77.1024,157.7,67.0698,73.0146
2011-09-30,87.1379,46.1373,52.4966,30.4952,25.4399,79.0392,158.06,67.1016,73.0146
2011-10-03,84.6581,44.9507,49.7942,29.6911,24.9036,81.2144,160.96,67.1166,73.0146
2011-10-04,86.5141,45.8736,52.8967,30.1889,25.2877,80.1844,157.64,67.0769,73.0146
2011-10-05,88.1159,47.0515,53.6233,30.6548,25.8748,79.6072,159.46,67.0769,73.0146
2011-10-06,89.71,47.8426,54.8153,31.4781,26.7301,78.1379,160.49,67.061,72.9987
2011-10-07,89.1093,47.5261,53.4763,31.2611,26.4112,77.5607,159.18,67.0372,73.0146
2011-10-10,92.0896,49.1698,55.8195,32.4546,27.5926,76.4652,163.27,66.9816,72.9987
2011-10-11,92.1821,49.5038,56.2032,32.3972,27.6071,76.2094,162.1,67.0134,73.0146
2011-10-12,92.9907,49.7499,57.0033,32.8695,28.3826,75.1008,163.26,67.0134,72.9987
2011-10-13,92.8058,50.207,56.9543,32.8823,28.1289,75.8485,162.3,67.0293,73.0146
2011-10-14,94.3923,51.1387,58.081,33.2652,28.6942,74.7466,163.4,67.061,72.9987
2011-10-17,92.5902,50.3476,56.3175,32.4993,27.723,76.0388,162.62,67.069,72.9987
2011-10-18,94.4,50.9717,57.8116,32.9652,28.4623,75.5666,161.84,67.069,73.0146
2011-10-19,93.2833,49.9872,56.6849,32.3717,27.9187,75.5403,159.87,67.0927,73.0146
2011-10-20,93.6915,49.7411,56.84,32.4546,27.3824,75.0024,157.77,67.1008,73.0146
2011-10-21,95.4704,50.3652,58.0729,33.2397,28.1651,74.2087,159.52,67.0769,72.9987
2011-10-24,96.641,51.4112,59.9425,33.7375,29.2668,74.3333,161.02,67.0769,72.9987
2011-10-25,94.762,50.4004,58.2606,33.1567,28.687,76.2225,165.59,67.1166,73.0146
2011-10-26,95.7246,50.3388,59.2649,33.6099,29.2161,74.8909,167.4,67.0769,73.0146
2011-10-27,99.0591,51.7276,62.3918,35.4672,30.9918,72.3523,169.55,67.0293,72.9987
2011-10-28,99.036,51.8067,62.0734,35.2629,30.7309,73.1132,169.62,67.061,72.9987
2011-10-31,96.6487,50.9365,60.4242,33.4312,29.5785,76.0126,167.34,67.1245,72.9828
2011-11-01,93.9533,49.6093,58.2851,32.3844,28.8609,78.5571,167.38,67.1309,73.0146
2011-11-02,95.4858,50.0312,59.722,32.6589,29.7452,77.5772,169.06,67.1468,72.9987
2011-11-03,97.2263,51.0684,61.208,33.4822,30.0496,76.5117,171.72,67.1548,72.9828
2011-11-04,96.6333,50.8047,60.9059,33.061,29.8539,76.6038,170.85,67.1548,72.9987
2011-11-07,97.234,51.1651,60.7834,33.2014,30.1076,77.0905,174.98,67.1389,73.0146
2011-11-08,98.4816,51.754,61.6733,33.6035,30.4627,76.104,173.53,67.1309,73.0146
2011-11-09,94.8466,49.9345,58.7342,31.8802,28.6797,77.6824,172.07,67.1468,72.9987
2011-11-10,95.74,49.9081,59.1669,32.2568,28.8682,76.5249,171.14,67.1548,73.0146
2011-11-11,97.542,50.8487,60.7263,33.061,29.564,76.058,173.96,67.1229,72.9987
2011-11-14,96.6179,50.5322,59.8527,32.4738,29.1581,77.2812,173.2,67.1548,73.0146
2011-11-15,97.0954,51.0948,60.612,32.3844,29.3393,77.176,173.36,67.1468,72.9987
2011-11-16,95.5551,50.2509,59.6323,31.7653,28.5493,77.8797,171.51,67.1309,73.0146
2011-11-17,94.038,49.0731,58.7832,31.4207,27.8245,78.5045,167.1,67.1389,73.0146
2011-11-18,93.9379,48.6952,58.7668,31.5292,27.9332,78.4847,167.62,67.115,73.0146
2011-11-21,92.1513,47.7635,57.3626,30.7314,27.0345,78.9517,163.5,67.1229,73.0146
2011-11-22,91.7893,47.9216,56.8809,30.642,27.1287,79.8329,165.31,67.1309,72.9987
2011-11-23,89.7639,46.8405,55.0929,29.7995,26.2517,80.6155,164.83,67.1389,73.0146
2011-11-25,89.5945,46.4802,54.3908,29.6464,26.1647,79.4449,163.4,67.1389,73.0146
2011-11-28,92.1898,48.0974,56.9789,30.9101,27.4186,79.4054,166.63,67.1468,73.0146
2011-11-29,92.4516,47.7986,56.8727,31.1143,27.2954,78.7543,166.88,67.1548,72.9828
2011-11-30,96.2559,49.5653,60.1956,32.7036,28.9986,77.5245,170.13,67.1548,72.9987
2011-12-01,96.2405,49.9081,59.7629,32.4227,28.9117,77.1355,169.63,67.1587,72.9828
2011-12-02,96.1558,49.7675,60.0078,32.4164,28.8247,78.2168,169.82,67.1428,72.9987
2011-12-05,97.2032,50.3125,61.0365,32.7865,29.2958,78.0586,167.32,67.1508,72.9987
2011-12-06,97.234,50.1718,61.0937,32.6334,28.8972,77.3135,168.18,67.1508,73.0146
2011-12-07,97.5959,50.1718,60.9712,32.8631,29.0131,77.5905,169.4,67.1746,72.9987
2011-12-08,95.455,49.328,59.0771,31.7845,27.9694,78.5596,165.98,67.1826,72.9987
2011-12-09,97.0722,50.1191,60.8569,32.5759,28.5348,76.9443,166.4,67.1826,72.9828
2011-12-12,95.6552,49.5566,59.9833,31.6249,27.4621,77.8014,161.99,67.1826,72.9828
2011-12-13,94.762,49.0116,58.7342,31.1973,27.2084,78.5267,158.45,67.1826,72.9828
2011-12-14,93.7531,48.2469,57.9994,30.8271,26.817,80.01,152.89,67.1666,72.9987
2011-12-15,94.0919,48.115,58.5382,30.9803,26.991,79.7134,152.33,67.1587,72.9828
2011-12-16,94.2314,48.3628,58.9954,30.8527,27.1939,80.6429,155.23,67.1904,72.9987
2011-12-19,93.2239,47.8867,57.9749,30.5654,26.4909,81.6648,154.87,67.1826,72.9987
2011-12-20,96.0449,49.306,60.3017,31.6435,27.6009,79.6276,156.98,67.1666,72.9987
2011-12-21,96.2309,48.6008,60.5467,31.4755,27.6887,78.52,157.16,67.1428,72.9987
2011-12-22,97.0834,49.0151,60.9323,31.7597,28.0546,78.8496,156.04,67.1348,72.9987
2011-12-23,97.9514,49.4383,61.1619,31.9794,28.1644,77.9728,156.31,67.1508,72.9987
2011-12-27,98.0289,49.6227,61.3425,31.8373,27.8936,78.3432,154.91,67.1261,72.9828
2011-12-28,96.7424,49.0492,60.2267,31.2624,27.4253,79.7917,151.03,67.142,72.9859
2011-12-29,97.7421,49.4021,60.8338,31.8373,27.74,79.9372,150.34,67.1499,72.9859
2011-12-30,97.2616,49.2609,60.5056,31.9923,27.7619,80.1952,151.99,67.1897,72.9859
2012-01-03,98.8116,50.205,61.5065,32.8643,28.6107,78.9914,155.92,67.1499,72.97
2012-01-04,98.9666,50.4168,61.1702,32.6705,28.4497,78.0522,156.71,67.1579,72.97
2012-01-05,99.2301,50.8315,61.5147,32.1861,28.3253,77.9133,157.78,67.1659,72.97
2012-01-06,98.9744,51.0079,61.3589,31.7468,27.9668,78.5284,157.2,67.1579,72.97
2012-01-09,99.2146,50.8403,61.6706,31.8695,28.2595,78.3895,156.5,67.1738,72.9859
2012-01-10,100.0749,51.2109,62.5731,32.354,28.8741,78.2572,158.64,67.1818,72.9859
2012-01-11,100.1291,51.3168,62.8192,32.2506,28.8961,79.2758,159.67,67.2057,72.97
2012-01-12,100.3694,51.5197,63.0079,32.3863,29.0132,79.1633,160.38,67.1977,72.97
2012-01-13,99.8501,51.3344,62.6715,32.0375,28.7497,79.9504,159.26,67.2136,72.97
2012-01-17,100.2376,51.8021,62.6469,32.4186,29.2985,80.3208,160.5,67.2215,72.97
2012-01-18,101.3459,52.4903,63.7627,32.9612,30.0376,79.3486,161.6,67.2136,72.97
2012-01-19,101.8806,52.8167,64.1565,33.3681,30.301,78.2572,161.22,67.2136,72.97
2012-01-20,102.2604,52.7373,64.1975,33.5425,30.2791,77.3709,162.07,67.1977,72.97
2012-01-23,101.9969,52.755,64.1155,33.6717,30.5718,76.8815,163.16,67.2057,72.97
2012-01-24,101.8806,52.6579,64.4846,33.4843,30.6157,77.0204,162.01,67.2057,72.97
2012-01-25,102.7331,53.3197,65.0343,33.8331,30.9596,76.8352,166.42,67.2454,72.97
2012-01-26,102.2061,53.1344,64.9605,33.8461,30.8352,77.8538,167.27,67.2533,72.97
2012-01-27,102.1596,53.2932,65.4035,33.9042,30.9962,78.0985,168.97,67.2692,72.97
2012-01-30,101.8109,53.3373,64.8948,33.5037,30.5498,79.0178,168.03,67.2454,72.9859
2012-01-31,101.7721,53.4079,64.8292,33.6781,30.8132,79.9306,169.31,67.2454,72.97
2012-02-01,102.6633,53.8402,66.2239,34.2078,31.4937,79.015,169.56,67.2223,72.97
2012-02-02,102.8261,54.0079,66.6013,34.2788,31.5815,78.9818,171.05,67.2303,72.97
2012-02-03,104.2676,54.749,68.0535,34.8149,32.1084,77.2846,167.64,67.2303,72.97
2012-02-06,104.1978,54.7049,67.832,34.647,31.8376,78.0537,167.18,67.2144,72.9859
2012-02-07,104.4613,54.8196,67.7909,34.8602,31.9035,77.0857,169.7,67.1985,72.97
2012-02-08,104.7713,55.1108,67.9386,34.9829,32.1303,77.1454,168.5,67.1985,72.9859
2012-02-09,104.9031,55.5079,67.6022,35.0733,32.1157,76.5686,168.02,67.1666,72.97
2012-02-10,104.1281,55.1196,66.6752,34.408,31.4059,77.5631,167.14,67.1825,72.9859
2012-02-13,104.9031,55.6314,67.5366,34.802,31.9181,77.6625,167.51,67.1428,72.97
2012-02-14,104.7713,55.7726,67.233,34.5436,31.6547,78.0736,167.12,67.1587,72.9859
2012-02-15,104.2831,55.3843,66.6752,34.5824,31.7425,77.9343,168.11,67.1666,72.97
2012-02-16,105.4378,56.1431,67.9304,35.0604,32.0864,77.3111,168.0,67.1428,72.9859
2012-02-17,105.7168,55.9667,67.9222,35.2154,32.145,77.2912,167.35,67.1268,72.97
2012-02-21,105.7633,56.1255,67.4628,35.2219,32.0133,76.436,171.02,67.111,72.97
2012-02-22,105.4223,55.8696,66.9295,35.1185,32.0718,77.3973,172.94,67.1428,72.97
2012-02-23,105.8873,56.2402,67.9304,35.4092,32.0133,77.3973,173.02,67.1348,72.97
2012-02-24,106.1198,56.4343,67.7991,35.6223,32.3352,77.9012,172.23,67.1189,72.9859
2012-02-27,106.2981,56.5137,67.6843,35.4415,32.0133,78.5907,171.7,67.1348,72.97
2012-02-28,106.6081,57.0872,67.5038,35.7709,32.4596,78.3321,173.49,67.1507,72.97
2012-02-29,106.1896,56.8314,66.4947,35.3058,32.4377,77.8548,164.29,67.1507,72.9859
2012-03-01,106.7398,57.2814,66.8393,35.7063,32.745,77.1218,166.61,67.1388,72.97
2012-03-02,106.4143,57.2372,65.8383,35.3769,32.6645,77.8461,166.34,67.1547,72.97
2012-03-05,105.9803,56.6461,65.9121,35.1896,32.1011,77.2281,165.65,67.1547,72.97
2012-03-06,104.4303,56.0902,64.5995,34.0657,31.0254,78.1651,162.7,67.1547,72.97
2012-03-07,105.1588,56.5226,65.2066,34.4855,31.3986,77.6866,163.63,67.1388,72.97
2012-03-08,106.205,57.1314,66.0516,35.2283,32.0572,76.9092,165.28,67.1149,72.9859
2012-03-09,106.6158,57.3696,66.9459,35.1121,32.0425,77.062,166.38,67.1149,72.9859
2012-03-12,106.6236,57.3961,66.8147,35.0216,31.6913,77.0487,165.07,67.1229,72.9859
2012-03-13,108.5456,58.4637,68.1437,35.59,32.5547,75.6932,162.3,67.0831,72.9859
2012-03-14,108.4293,58.6666,67.5858,35.2735,32.0425,73.786,159.57,66.9875,72.97
2012-03-15,109.0571,58.8343,68.1519,35.6094,32.2986,73.899,161.08,67.0274,72.97
2012-03-16,109.208,58.7927,68.0945,35.8549,32.262,74.0452,161.3,67.0672,72.97
2012-03-19,109.6362,59.2081,68.6688,36.0422,32.1377,73.1614,161.59,67.0194,72.9859
2012-03-20,109.317,59.3142,68.0535,35.6159,31.5815,73.4538,160.13,67.0035,72.9859
2012-03-21,109.138,59.3231,68.037,35.3833,31.6401,74.2844,160.21,67.0433,72.9859
2012-03-22,108.3519,59.1993,67.3807,35.1379,31.1571,74.5236,159.57,67.0512,72.9859
2012-03-23,108.7021,59.1639,68.0399,35.3833,31.3913,75.228,161.53,67.0592,72.9859
2012-03-26,110.2278,60.198,69.4553,35.8355,31.9401,74.8426,164.4,67.0751,72.9859
2012-03-27,109.8853,60.2864,68.9698,35.6094,31.7718,75.3808,163.24,67.099,72.97
2012-03-28,109.3404,60.0478,68.5665,35.364,31.2376,75.2745,161.51,67.0831,72.9859
2012-03-29,109.1536,59.818,68.3691,35.1379,31.201,75.8394,161.28,67.107,72.97
2012-03-30,109.605,59.7031,68.1469,35.4544,31.4279,74.5569,162.12,67.099,72.97
2012-04-02,110.4067,60.3218,68.9863,35.8678,31.8596,74.9699,162.94,67.1149,72.9541
2012-04-03,109.9553,60.3041,68.5254,35.2412,31.6767,73.6708,159.89,67.0671,72.97
2012-04-04,108.8655,59.4821,67.4309,34.4532,31.1059,74.6834,157.21,67.0831,72.9541
2012-04-05,108.8111,59.8534,67.1347,34.2465,31.2742,75.2231,158.31,67.107,72.97
2012-04-09,107.589,59.4026,66.032,34.098,30.8132,76.9819,159.37,67.1547,72.9859
2012-04-10,105.7831,58.4481,64.4766,33.3681,30.2132,77.8547,161.1,67.1866,72.9859
2012-04-11,106.6394,58.7309,65.39,33.8331,30.5425,76.9219,161.07,67.1786,72.9859
2012-04-12,108.0327,59.4026,66.3282,34.4532,31.3254,76.6022,162.7,67.1866,72.97
2012-04-13,106.7484,58.5011,65.4559,33.7944,30.8498,77.8414,160.85,67.1945,72.9541
2012-04-16,106.6783,57.847,65.5629,34.0398,30.6962,77.7281,160.46,67.1945,72.97
2012-04-17,108.2584,59.0225,66.5092,34.5824,31.0474,77.6815,160.25,67.1945,72.97
2012-04-18,107.8926,58.8723,66.0072,34.4015,30.901,77.9079,159.31,67.2104,72.97
2012-04-19,107.1998,58.2094,65.6287,34.1949,30.762,77.9813,159.43,67.2184,72.9859
2012-04-20,107.3789,58.0503,66.0072,34.5243,30.9742,77.9946,159.54,67.2184,72.97
2012-04-23,106.4759,57.52,65.0938,33.8331,30.3815,78.5608,159.07,67.2343,72.9859
2012-04-24,106.8807,57.2107,65.5876,34.1044,30.4474,78.0079,159.3,67.2104,72.9859
2012-04-25,108.344,58.7309,66.608,34.5695,30.7254,77.6081,159.62,67.2263,72.97
2012-04-26,109.0991,59.0756,67.2663,34.7762,30.9157,78.0745,161.03,67.2343,72.9859
2012-04-27,109.2781,59.4291,67.793,34.9183,30.9596,78.1411,161.38,67.2184,72.97
2012-04-30,108.8734,59.0049,67.0441,34.718,30.8937,78.1611,161.88,67.2343,72.9859
2012-05-01,109.5505,59.1021,67.11,34.8602,31.0986,77.7557,161.32,67.2327,72.9859
2012-05-02,109.2236,59.27,67.291,34.5889,31.0401,78.3034,160.59,67.2407,72.9859
2012-05-03,108.3907,58.6425,66.3447,34.2853,30.8059,78.2833,158.97,67.2327,72.97
2012-05-04,106.6394,57.1842,65.0855,33.7621,30.2644,78.8977,159.47,67.2566,72.97
2012-05-07,106.7172,57.2372,65.2584,34.0075,30.3742,78.9111,159.08,67.2566,72.9859
2012-05-08,106.2891,57.0251,65.2172,33.4843,29.8912,79.3318,156.0,67.2646,72.9859
2012-05-09,105.6586,56.8483,64.8469,33.0968,29.5034,79.3853,154.47,67.2566,72.9859
2012-05-10,105.8766,56.7334,65.0938,33.2518,29.6278,79.1515,154.77,67.2486,72.9859
2012-05-11,105.5574,56.7246,64.9292,33.0451,29.2473,79.806,153.56,67.2566,72.9859
2012-05-14,104.3898,56.1943,64.0651,32.4121,28.5814,80.9214,151.33,67.2486,72.9859
2012-05-15,103.7905,56.0087,63.9499,32.0052,28.3327,81.2485,149.74,67.2407,72.9859
2012-05-16,103.3935,55.6286,63.4891,31.6887,27.9302,81.4823,149.46,67.2327,72.9859
2012-05-17,101.86,54.4531,62.049,31.3011,27.5497,82.9247,152.8,67.2009,72.9859
2012-05-18,100.9883,53.746,61.4647,31.0751,27.2863,82.9448,154.55,67.2089,72.9859
2012-05-21,102.7241,55.2485,62.913,31.7597,27.9375,82.7712,154.65,67.2167,72.9859
2012-05-22,102.9031,55.1867,62.5345,31.6435,27.6448,81.8496,152.08,67.193,72.9541
2012-05-23,102.9576,55.2927,62.9377,31.3851,27.4546,82.4173,151.62,67.2248,72.9541
2012-05-24,103.16,54.9304,63.0694,31.1784,27.3155,82.1034,151.41,67.2009,72.9859
2012-05-25,102.8253,54.8597,63.0282,31.0686,27.1838,82.4105,152.68,67.2327,72.9859
2012-05-29,104.0707,55.5579,63.9417,31.4626,27.9522,82.1568,151.02,67.2167,72.9859
2012-05-30,102.5606,55.0895,62.7155,30.7198,27.4692,84.2404,151.91,67.2486,72.9859
2012-05-31,102.3349,54.8508,62.6332,30.849,27.5863,85.2155,151.62,67.2726,72.9859
2012-06-01,99.7584,53.3925,60.7487,30.0674,26.8472,87.2384,157.5,67.2789,72.9859
2012-06-04,99.7117,53.799,60.6088,30.3193,26.9643,86.5492,157.32,67.271,72.9859
2012-06-05,100.4667,54.02,61.3906,30.539,27.0375,85.3915,157.14,67.2869,72.9859
2012-06-06,102.7241,55.2574,62.9048,31.3916,27.8278,83.6849,157.21,67.263,72.97
2012-06-07,102.7864,55.0364,62.4933,31.4368,27.9961,83.8121,154.5,67.255,72.97
2012-06-08,103.6037,55.5667,63.341,31.3334,27.7546,83.792,154.73,67.255,72.97
2012-06-11,102.2882,54.6299,61.942,31.0299,27.3521,84.1735,155.36,67.255,72.97
2012-06-12,103.4635,55.2927,62.7238,31.5466,27.9229,83.4039,156.46,67.2231,72.9859
2012-06-13,102.8019,54.9127,61.9996,31.2947,27.8204,84.2271,157.12,67.2152,72.9859
2012-06-14,103.8917,55.116,62.7073,31.5272,28.018,84.1199,157.75,67.2231,72.9859
2012-06-15,104.9542,55.8008,63.5467,31.9729,28.5302,84.5884,157.84,67.2471,72.97
2012-06-18,105.1576,56.3234,63.6207,31.8825,28.5888,85.0434,157.93,67.2311,72.9859
2012-06-19,106.1748,56.9081,64.7235,32.4121,29.0497,83.9326,157.16,67.2231,72.9541
2012-06-20,106.0026,56.9524,64.6247,32.5994,28.9546,84.3475,155.97,67.1992,72.9541
2012-06-21,103.6241,55.535,63.0529,31.7461,27.8942,84.7958,152.02,67.2073,72.9859
2012-06-22,104.4221,56.1197,63.7689,32.0171,27.9831,83.6648,152.64,67.2152,72.97
2012-06-25,102.7477,55.0389,62.7731,31.3033,27.4648,84.8829,153.76,67.2152,72.9859
2012-06-26,103.2641,55.3844,63.0187,31.5082,27.7017,84.5482,152.62,67.1992,72.9859
2012-06-27,104.1952,55.721,64.0442,31.8056,27.8794,84.6821,152.83,67.1992,72.97
2012-06-28,103.8979,55.1009,63.9367,31.8717,27.7461,84.8895,151.05,67.2073,72.9859
2012-06-29,106.4878,56.8372,65.7975,33.0218,28.9754,83.7853,155.19,67.2073,72.9541
2012-07-02,106.8085,57.0055,66.5584,33.2399,28.9754,84.6498,155.09,67.2279,72.9541
2012-07-03,107.5127,57.4839,67.4268,33.544,29.5529,83.9993,157.46,67.212,72.9541
2012-07-05,107.0276,57.5193,67.3523,32.9887,29.2419,84.4285,155.68,67.2359,72.9541
2012-07-06,106.0105,56.8018,66.5997,32.6781,28.7088,85.2132,153.71,67.2598,72.9541
2012-07-09,105.8775,56.6955,66.3434,32.6054,28.6051,85.9643,154.04,67.2598,72.9541
2012-07-10,104.9542,56.1374,65.6073,32.3873,28.2867,86.1386,152.15,67.2598,72.9541
2012-07-11,104.9699,55.8273,65.384,32.4864,28.4348,86.246,152.99,67.2678,72.9541
2012-07-12,104.4613,55.3047,65.1607,32.1625,27.9609,86.8563,152.59,67.2838,72.9541
2012-07-13,106.2139,56.1463,65.9712,32.6186,28.5014,86.6282,154.14,67.2997,72.97
2012-07-16,105.9635,55.9868,65.7065,32.612,28.4348,87.0307,154.21,67.3235,72.9541
2012-07-17,106.6912,56.2791,65.9381,32.7045,28.8125,86.3466,153.47,67.3156,72.9541
2012-07-18,107.4814,57.041,66.3434,32.9623,28.7384,86.3935,153.05,67.3316,72.9541
2012-07-19,107.7631,57.6699,66.12,33.2664,29.005,86.1722,153.38,67.3475,72.97
2012-07-20,106.7772,56.9081,65.2765,32.4864,28.5755,87.2251,153.67,67.3554,72.9541
2012-07-23,105.6975,56.2171,64.2345,31.8188,27.8276,87.7147,153.03,67.3634,72.9541
2012-07-24,104.7899,55.7742,63.3909,31.4751,27.7091,88.4055,153.52,67.3475,72.97
2012-07-25,104.8134,55.4021,63.5315,31.6404,27.8424,88.6335,155.67,67.3554,72.9859
2012-07-26,106.5425,56.1374,64.0773,32.6054,28.4718,87.822,156.77,67.3554,72.97
2012-07-27,108.5064,57.4662,65.599,33.2928,29.2716,86.1655,157.54,67.3077,72.9859
2012-07-30,108.5064,57.4219,65.3757,33.2531,29.1012,86.8093,157.43,67.3395,72.9859
2012-07-31,107.7474,57.4042,64.7968,33.0482,28.968,86.9837,156.49,67.3554,72.9541
2012-08-01,107.6536,57.2359,63.73,33.0548,29.0198,86.5489,155.14,67.3443,72.97
2012-08-02,106.9102,57.0321,63.4984,32.5922,28.6792,87.0395,154.13,67.3522,72.97
2012-08-03,109.0306,58.1129,65.0118,33.7026,29.5677,85.6348,155.55,67.3283,72.97
2012-08-06,109.2419,58.5558,65.5163,33.9405,29.7529,85.6684,156.3,67.3363,72.9859
2012-08-07,109.7896,59.043,66.1118,34.2247,29.8343,84.5662,156.28,67.3044,72.97
2012-08-08,109.9226,59.0165,66.0126,34.2049,29.8936,84.116,156.48,67.2805,72.9541
2012-08-09,110.0165,59.1936,66.3268,34.2247,30.0194,84.0555,156.99,67.2805,72.9541
2012-08-10,110.1964,59.2291,66.0953,34.2842,30.1601,84.4789,157.18,67.2964,72.9541
2012-08-13,110.1416,59.3708,65.9877,34.119,29.8936,84.3377,155.99,67.3044,72.9541
2012-08-14,110.1573,59.3974,65.8306,34.1983,29.8862,83.1952,155.13,67.2885,72.9541
2012-08-15,110.2825,59.548,66.4095,34.0992,29.8417,82.0258,155.63,67.2645,72.9541
2012-08-16,111.0962,60.2567,67.1042,34.5222,30.1157,81.3269,156.56,67.2566,72.9541
2012-08-17,111.2449,60.5224,67.5756,34.5685,29.9676,81.7234,156.72,67.2645,72.9541
2012-08-20,111.2527,60.611,67.4268,34.5288,29.9528,81.8914,157.26,67.2645,72.9541
2012-08-21,110.9162,60.3718,67.3854,34.7271,29.9084,82.2544,158.83,67.2645,72.9541
2012-08-22,110.9632,60.6198,67.0629,34.6874,29.9232,83.6119,160.54,67.3044,72.9541
2012-08-23,110.0556,60.1238,66.5915,34.4891,29.6492,83.9614,161.89,67.3124,72.9541
2012-08-24,110.7206,60.4958,66.7734,34.4363,29.6566,83.8807,161.97,67.3124,72.9541
2012-08-27,110.7441,60.5933,66.9719,34.4561,29.353,84.3714,161.36,67.3044,72.9541
2012-08-28,110.6346,60.5933,67.2779,34.423,29.2938,84.573,161.64,67.3124,72.9541
2012-08-29,110.7206,60.5933,67.4846,34.3173,29.1531,84.2034,160.59,67.3124,72.9541
2012-08-30,109.9226,59.9821,66.8147,33.8083,28.8125,84.6402,160.52,67.3204,72.9541
2012-08-31,110.4468,60.3807,67.0877,34.1058,29.0864,85.8365,164.22,67.3603,72.9541
2012-09-04,110.3451,60.3187,67.9064,33.9339,28.9235,85.7502,164.48,67.3555,72.9541
2012-09-05,110.2512,60.2567,67.923,33.8414,28.7754,85.3461,164.31,67.3555,72.97
2012-09-06,112.4889,61.5944,69.1718,34.6808,29.4122,83.9251,164.89,67.3235,72.97
2012-09-07,112.9271,61.5057,69.6845,35.203,30.0935,83.5345,168.44,67.3395,72.9541
2012-09-10,112.2855,60.7173,69.3703,34.9254,29.7085,83.7365,167.29,67.3235,72.9541
2012-09-11,112.5984,60.6198,69.5191,35.3219,30.0639,83.2112,167.9,67.3395,72.9541
2012-09-12,112.9741,60.797,69.8747,35.5533,30.1972,82.1739,167.92,67.3315,72.9541
2012-09-13,114.6953,61.6209,70.7927,36.0953,31.0117,81.8507,171.31,67.3555,72.9541
2012-09-14,115.2039,62.1702,71.4544,36.4522,31.3745,79.6753,171.8,67.3235,72.9541
2012-09-17,114.8127,62.1967,71.1235,36.2605,31.0339,80.6316,170.4,67.3235,72.9541
2012-09-18,114.7189,62.2499,70.892,36.1085,31.0487,81.0357,171.72,67.3315,72.9541
2012-09-19,114.7814,62.365,70.7679,36.2605,31.0487,81.5678,171.74,67.3315,72.9541
2012-09-20,114.7892,62.303,70.4536,36.0292,30.8636,81.7698,171.47,67.3156,72.9541
2012-09-21,114.7413,62.3208,70.71,36.049,30.9377,81.8641,171.96,67.3235,72.9541
2012-09-24,114.5682,61.9566,70.4792,35.9234,30.908,82.5039,171.05,67.3315,72.9541
2012-09-25,113.349,61.0859,69.4663,35.6723,30.4489,83.3189,170.77,67.3156,72.9541
2012-09-26,112.7118,60.5884,69.0263,35.3153,30.3082,84.2147,169.81,67.3315,72.9541
2012-09-27,113.7738,61.4235,69.7735,35.7384,30.7896,83.6153,172.34,67.3395,72.97
2012-09-28,113.2467,60.9171,69.2754,35.0311,30.6044,83.6624,171.89,67.3714,72.9541
2012-10-01,113.5457,60.8283,69.5078,35.3153,30.908,83.9729,172.29,67.373,72.9541
2012-10-02,113.6636,61.006,69.6406,35.4542,30.9525,83.8581,172.1,67.357,72.97
2012-10-03,114.1277,61.3969,69.4414,35.3087,30.7451,83.8851,172.41,67.357,72.9541
2012-10-04,114.9458,61.6101,69.9146,35.7384,31.0635,82.839,173.61,67.357,72.9541
2012-10-05,114.9536,61.2813,69.8316,35.7846,31.0635,81.7659,172.62,67.3251,72.9541
2012-10-08,114.5603,60.7217,69.3916,35.5731,30.7896,82.4543,172.05,67.3331,72.9541
2012-10-09,113.4277,59.7533,68.578,35.0576,30.56,82.3058,170.99,67.3331,72.9541
2012-10-10,112.704,59.4513,68.47,34.9584,30.3749,82.8862,170.84,67.3251,72.97
2012-10-11,112.7669,59.2647,68.7191,35.1832,30.6563,83.4599,171.32,67.3172,72.97
2012-10-12,112.3972,59.2381,68.1628,35.1435,30.56,83.6692,170.06,67.3411,72.9541
2012-10-15,113.3333,59.6734,68.6112,35.4872,30.7377,83.4802,168.35,67.3251,72.97
2012-10-16,114.4817,60.5173,69.1176,36.0755,31.0561,82.3261,169.42,67.3251,72.9541
2012-10-17,115.0008,60.4818,69.7403,36.4125,31.3005,81.5634,169.54,67.2852,72.97
2012-10-18,114.702,59.78,69.3584,36.2737,31.2116,81.064,168.79,67.2932,72.9541
2012-10-19,112.7906,58.3497,67.9553,35.7846,30.7303,82.1641,166.97,67.2932,72.9541
2012-10-22,112.8062,58.6517,67.9387,36.0358,31.0265,81.6377,167.58,67.2693,72.9541
2012-10-23,111.2409,58.092,67.5983,35.2625,30.3897,82.8052,165.43,67.3012,72.97
2012-10-24,110.9263,57.8877,67.4156,35.2823,30.4193,81.9886,164.86,67.2932,72.97
2012-10-25,111.2488,57.8877,67.6896,35.4938,30.7525,81.5702,166.02,67.2693,72.9541
2012-10-26,111.1859,58.0565,67.3658,35.4409,30.5156,82.7715,165.93,67.2852,72.9541
2012-10-31,111.1859,57.7011,67.7726,35.4145,30.4711,83.2574,166.83,67.3251,72.97
2012-11-01,112.35,58.5185,68.4866,35.8309,30.9673,82.5758,166.07,67.3092,72.97
2012-11-02,111.351,57.8966,67.4073,35.4872,30.8044,82.5151,162.6,67.3012,72.97
2012-11-05,111.5791,58.2786,67.8557,35.4013,30.9525,82.9807,163.23,67.3012,72.9541
2012-11-06,112.4522,58.3852,68.3621,35.7384,31.1968,82.1978,166.3,67.2773,72.9541
2012-11-07,109.9037,57.0082,66.7016,35.203,30.6859,83.6894,166.49,67.3331,72.97
2012-11-08,108.5822,56.1109,65.7634,34.8857,30.3008,84.9312,167.99,67.3331,72.97
2012-11-09,108.6766,56.3508,65.9046,34.8989,30.3601,85.0257,167.82,67.3331,72.97
2012-11-12,108.7631,56.3419,65.7136,34.8725,30.4711,85.1675,167.45,67.3331,72.97
2012-11-13,108.3855,55.951,65.34,34.7006,30.1972,85.4509,167.1,67.3411,72.97
2012-11-14,106.9225,55.2936,64.1279,34.3371,29.7307,85.5319,167.14,67.357,72.97
2012-11-15,106.7416,55.107,63.7958,34.4495,29.8343,85.3632,166.09,67.357,72.97
2012-11-16,107.2686,55.3469,64.3271,34.4296,29.9232,85.2889,165.88,67.357,72.97
2012-11-19,109.4396,56.6617,65.6887,35.1765,30.4489,84.8098,167.87,67.349,72.97
2012-11-20,109.4868,56.6795,65.805,35.2294,30.3897,83.9594,167.39,67.3331,72.9541
2012-11-21,109.6913,56.795,66.1536,35.2889,30.3305,83.9121,167.56,67.3251,72.9541
2012-11-23,111.1859,57.6567,66.8095,36.049,30.8266,83.8311,169.61,67.3251,72.9541
2012-11-26,110.9499,57.9055,67.0254,35.9631,30.8266,84.2294,169.43,67.3172,72.9541
2012-11-27,110.3835,57.71,66.9424,35.7846,30.5674,84.5601,168.71,67.3251,72.9541
2012-11-28,111.2724,58.2075,67.5069,36.0424,30.7377,84.4386,166.55,67.3331,72.9541
2012-11-29,111.7915,58.554,68.2791,36.3531,30.9599,84.4521,167.18,67.3331,72.9541
2012-11-30,111.8151,58.4563,68.1462,36.3993,30.9451,84.2226,166.05,67.3411,72.9541
2012-12-03,111.2645,58.3408,68.0715,36.4456,30.9303,84.3003,166.13,67.3491,72.9541
2012-12-04,111.1072,58.3052,68.1545,36.5381,31.0191,84.7872,164.42,67.3491,72.9541
2012-12-05,111.3038,57.6567,68.0715,36.591,31.3523,84.7466,164.12,67.365,72.9541
2012-12-06,111.6814,58.0299,68.1795,36.6637,31.5893,84.9293,164.5,67.365,72.9541
2012-12-07,112.0196,57.6834,68.2292,36.6769,31.6856,84.1448,165.16,67.365,72.9541
2012-12-10,112.0669,57.8522,68.5282,36.7166,31.8633,84.5168,165.8,67.365,72.9541
2012-12-11,112.8298,58.6073,69.2505,36.9281,32.0262,83.8743,165.65,67.365,72.9541
2012-12-12,112.8849,58.4829,68.8603,37.0471,32.1224,82.9005,165.77,67.357,72.9541
2012-12-13,112.1927,58.021,68.4202,36.9347,31.9818,82.9613,164.37,67.357,72.9541
2012-12-14,111.7757,57.4702,68.3787,37.0669,32.1224,83.5835,164.13,67.373,72.9541
2012-12-17,113.0894,58.2342,69.3418,37.2189,32.2039,82.3325,164.44,67.357,72.9541
2012-12-18,114.348,59.1226,70.2883,37.6065,32.4289,81.4939,162.08,67.3172,72.97
2012-12-19,113.4985,58.8649,70.4449,37.7401,32.414,81.7645,161.69,67.3331,72.9541
2012-12-20,114.1513,58.8649,70.7966,37.994,32.6077,81.778,159.73,67.3251,72.9541
2012-12-21,113.1151,58.2459,70.5035,37.7602,32.2352,82.6706,160.33,67.3331,72.9541
2012-12-24,112.7666,58.1297,70.1601,37.6599,32.1681,82.5218,160.62,67.3331,72.9541
2012-12-26,112.2913,57.6205,69.6577,37.6533,32.265,82.8187,160.78,67.3339,72.9541
2012-12-27,112.1408,57.5312,69.6074,37.827,32.4468,83.0965,161.16,67.3579,72.9541
2012-12-28,110.9287,56.9773,69.1133,37.4261,32.5661,83.571,160.54,67.3579,72.97
2012-12-31,112.8141,58.1833,70.6123,37.994,33.0504,82.1274,162.02,67.3579,72.9541
2013-01-02,115.7056,60.0325,72.6892,38.5821,33.6988,81.0295,163.17,67.3419,72.9541
2013-01-03,115.4442,59.7199,72.5217,38.2079,33.4603,79.9315,161.2,67.3419,72.9541
2013-01-04,115.9512,59.5233,73.0576,38.4016,33.5274,80.2433,160.44,67.3498,72.97
2013-01-07,115.6343,59.5412,72.7813,38.2346,33.274,80.2772,159.43,67.3498,72.9381
2013-01-08,115.3016,59.4251,72.731,38.0208,32.9759,80.8059,160.56,67.3579,72.9381
2013-01-09,115.5947,59.6484,73.0828,38.2145,33.1175,80.7312,160.49,67.3818,72.9381
2013-01-10,116.5136,60.0057,73.2503,38.7023,33.4081,80.5076,161.98,67.3738,72.9381
2013-01-11,116.5057,60.0861,73.1414,38.7825,33.1399,81.226,161.06,67.3658,72.9381
2013-01-14,116.4264,59.8181,73.1832,38.8293,33.2815,81.0024,161.54,67.3658,72.9381
2013-01-15,116.5057,59.5233,73.5015,38.7692,33.1399,81.3751,162.56,67.3738,72.9381
2013-01-16,116.4898,59.7645,73.2838,38.5821,33.1101,81.5445,162.65,67.3738,72.9381
2013-01-17,117.2424,60.0504,73.9621,38.8961,33.2964,80.7312,163.35,67.3658,72.9541
2013-01-18,117.5038,59.9164,74.1714,38.856,33.3709,81.3548,163.09,67.3658,72.9381
2013-01-22,118.1376,60.0147,74.7074,38.8761,33.3187,81.5107,163.67,67.3818,72.9381
2013-01-23,118.3277,60.3809,74.5315,38.836,33.1399,81.3886,163.21,67.3818,72.9381
2013-01-24,118.3594,59.5501,74.7744,39.0231,33.0206,81.104,161.42,67.3818,72.9541
2013-01-25,119.0248,59.8539,75.3187,39.444,32.9088,79.9926,160.65,67.3498,72.9381
2013-01-28,118.8822,59.9879,75.3689,39.2503,32.6778,79.7011,160.29,67.3259,72.9381
2013-01-29,119.3496,59.9968,75.4108,39.5175,33.043,79.2606,160.99,67.3339,72.9381
2013-01-30,118.8822,59.8717,74.5064,39.5576,32.8865,79.1251,162.19,67.3579,72.9381
2013-01-31,118.5891,59.7377,75.0172,39.4106,32.9536,79.5113,161.2,67.3658,72.9541
2013-02-01,119.8091,60.4435,75.6788,39.7247,33.1697,78.4789,161.45,67.3586,72.9381
2013-02-04,118.4623,59.3893,74.766,39.0097,32.73,79.4842,162.0,67.3746,72.9381
2013-02-05,119.6585,60.2648,75.436,39.1901,32.7673,78.7778,161.96,67.3746,72.9541
2013-02-06,119.7456,60.0682,75.7542,39.1834,32.73,79.423,162.39,67.3906,72.9541
2013-02-07,119.5873,60.1219,75.503,38.8627,32.4394,79.2465,161.84,67.3906,72.9541
2013-02-08,120.2527,60.7383,76.0389,39.1099,32.6778,79.5521,161.57,67.3985,72.9541
2013-02-11,120.2289,60.7562,75.9552,39.0698,32.6629,79.491,159.7,67.3746,72.9541
2013-02-12,120.427,60.506,76.2901,39.2636,32.7524,79.294,159.89,67.3586,72.9541
2013-02-13,120.5299,60.7204,76.6084,39.3572,32.9163,78.6487,159.05,67.3506,72.9381
2013-02-14,120.6408,60.7025,76.801,39.1434,32.9014,79.3619,158.35,67.3586,72.9541
2013-02-15,120.4982,60.5239,76.8261,39.0431,32.7822,79.131,155.76,67.3666,72.9381
2013-02-19,121.4013,60.9616,77.5044,39.5042,32.8492,78.7371,155.33,67.3586,72.9381
2013-02-20,119.8882,60.0236,76.064,39.1166,32.5586,78.9747,151.44,67.3586,72.9541
2013-02-21,119.1594,59.3804,75.3271,38.5286,32.1115,79.4367,152.62,67.3826,72.9381
2013-02-22,120.3239,59.9789,76.2315,39.0832,32.2531,79.491,152.97,67.3826,72.9541
2013-02-25,118.0346,59.2375,74.5483,38.1477,31.8208,81.0532,154.34,67.3985,72.9381
2013-02-26,118.8427,59.4608,74.8414,38.4551,31.9997,80.5845,156.22,67.4145,72.9381
2013-02-27,120.3398,60.0682,75.6286,38.9429,32.3499,80.3468,154.57,67.4145,72.9541
2013-02-28,120.1021,59.9432,75.7709,38.9028,32.2009,80.4962,153.0,67.4065,72.9541
2013-03-01,120.4982,60.1933,76.1143,38.8226,32.2754,80.9346,152.44,67.4209,72.9541
2013-03-04,121.1399,60.4613,76.3153,38.9897,31.9699,80.5058,152.3,67.4129,72.9381
2013-03-05,122.2252,61.3547,77.2029,39.3772,32.3574,80.2744,152.38,67.4049,72.9541
2013-03-06,122.3916,61.2028,77.4039,39.4774,32.5139,79.546,153.23,67.397,72.9381
2013-03-07,122.6134,61.3636,77.7724,39.591,32.6033,78.9333,152.69,67.381,72.9541
2013-03-08,123.1362,61.4351,78.4926,39.6779,32.8865,78.1097,152.71,67.3889,72.9381
2013-03-11,123.6036,61.6137,78.4675,39.7982,32.7076,78.1846,152.99,67.381,72.9541
2013-03-12,123.3263,61.3904,78.3083,39.5977,32.335,78.7496,154.19,67.397,72.9381
2013-03-13,123.5006,61.31,78.6014,39.5376,32.0295,78.6679,153.66,67.381,72.9541
2013-03-14,124.1582,61.5155,79.3886,39.9251,32.1636,78.4297,153.68,67.381,72.9541
2013-03-15,123.9942,61.3445,79.3468,40.0053,31.873,78.7972,154.0,67.4049,72.9541
2013-03-18,123.3099,61.2102,78.9113,39.5643,31.5153,79.3962,155.38,67.4209,72.9381
2013-03-19,123.0234,61.0938,78.5763,39.444,31.2917,79.934,156.08,67.4129,72.9381
2013-03-20,123.8828,61.5235,79.3049,39.6846,31.4706,79.0423,155.37,67.4049,72.9381
2013-03-21,122.8245,60.8251,78.6099,39.3238,31.1501,79.8047,156.25,67.4129,72.9381
2013-03-22,123.8112,61.4161,78.8527,39.6646,31.2694,79.8659,155.55,67.397,72.9541
2013-03-25,123.294,61.1922,78.8981,39.1701,31.2396,79.791,155.24,67.397,72.9381
2013-03-26,124.2806,61.5235,79.15,39.4173,31.6867,79.8863,154.72,67.4049,72.9541
2013-03-27,124.2806,61.6041,79.2003,39.2235,31.8059,80.567,155.36,67.4209,72.9381
2013-03-28,124.6626,61.7564,79.3012,39.4106,31.873,80.1586,154.45,67.4288,72.9541
2013-04-01,124.1693,61.3355,78.2346,38.8828,31.5302,80.7623,154.67,67.4353,72.9381
2013-04-02,124.7819,61.819,77.7475,39.297,31.5451,80.4349,152.43,67.4353,72.9541
2013-04-03,123.5167,61.2549,76.5298,39.1033,31.1725,81.158,150.73,67.4272,72.9381
2013-04-04,124.018,61.2728,77.1849,39.4507,31.0831,82.1267,150.29,67.4512,72.9381
2013-04-05,123.4611,60.7624,77.0337,39.2703,31.0085,83.7844,152.81,67.4512,72.9541
2013-04-08,124.2966,61.0848,77.6719,39.424,31.0607,83.1431,152.16,67.4353,72.9541
2013-04-09,124.7262,61.4967,77.4452,39.5643,31.3662,82.9385,153.34,67.4353,72.9541
2013-04-10,126.254,62.6965,78.8476,40.1523,31.6643,81.7992,150.75,67.4353,72.9541
2013-04-11,126.6678,62.6697,78.9568,40.4664,31.6942,81.9562,151.05,67.4353,72.9381
2013-04-12,126.3574,62.6249,78.6377,40.3662,31.2097,83.1772,143.95,67.4432,72.9541
2013-04-15,123.4292,61.3892,75.6732,39.571,30.4496,83.9004,131.31,67.4512,72.9541
2013-04-16,125.2514,62.204,76.9833,40.1323,31.0756,83.2113,132.8,67.4512,72.9541
2013-04-17,123.4213,60.9863,75.6481,39.297,30.5838,83.7639,132.87,67.4512,72.9541
2013-04-18,122.6495,60.1446,75.2281,39.1768,30.5838,83.9686,134.3,67.4512,72.9381
2013-04-19,123.7157,60.9684,76.0931,39.4908,31.0309,83.7912,135.47,67.4512,72.9541
2013-04-22,124.2647,61.5952,76.3115,39.6579,31.1799,83.8526,137.9,67.4592,72.9541
2013-04-23,125.5458,62.1861,77.5208,40.2192,31.329,83.5593,136.88,67.4512,72.9541
2013-04-24,125.6254,62.1593,77.9239,40.5666,31.5153,83.7707,138.37,67.4592,72.9541
2013-04-25,126.1346,62.4906,78.4361,40.7804,31.7985,83.4092,141.63,67.4512,72.9381
2013-04-26,125.9118,62.2936,78.0162,40.8139,31.478,84.1732,140.91,67.4672,72.9381
2013-04-29,126.7553,62.8667,78.5789,41.3351,31.8059,83.8662,142.3,67.4832,72.9381
2013-04-30,127.0576,63.3233,79.024,41.3885,32.2605,83.9139,142.77,67.4752,72.9381
2013-05-01,125.9437,63.0278,77.1093,41.1413,31.9103,84.776,141.11,67.4888,72.9381
2013-05-02,127.1133,63.8247,78.3354,41.2682,32.1636,84.6667,141.92,67.4808,72.9541
2013-05-03,128.4024,64.5769,79.5783,41.7961,32.4319,82.6705,142.09,67.4568,72.9381
2013-05-06,128.7286,64.8276,80.0905,41.7427,32.4766,82.4654,142.15,67.4568,72.9381
2013-05-07,129.3811,64.7918,80.7456,41.8095,32.7076,82.1441,140.38,67.4568,72.9381
2013-05-08,129.9698,65.1052,80.9807,42.2505,32.961,82.2739,142.46,67.4648,72.9541
2013-05-09,129.6039,65.0156,80.7036,41.8429,32.7225,82.062,140.81,67.4568,72.9541
2013-05-10,130.0256,65.4096,81.3166,41.8897,32.4692,81.1802,139.6,67.4489,72.9381
2013-05-13,130.129,65.4902,81.2578,41.8696,32.1711,80.5581,138.43,67.4329,72.9541
2013-05-14,131.4738,65.8305,82.2992,41.9498,32.3201,79.683,137.81,67.4329,72.9381
2013-05-15,132.182,65.9648,82.4671,42.1302,32.3276,80.2163,134.63,67.4408,72.9381
2013-05-16,131.5613,65.8931,82.2572,41.8429,32.2158,81.0503,134.09,67.4568,72.9381
2013-05-17,132.8344,66.5289,83.1809,42.1302,32.3574,80.0248,131.07,67.4408,72.9541
2013-05-20,132.8265,66.4304,83.3153,42.3641,32.4394,79.9292,135.12,67.4489,72.9381
2013-05-21,133.0174,66.502,83.3321,42.451,32.3723,80.5581,132.88,67.4489,72.9541
2013-05-22,132.0308,65.92,82.1144,42.0233,32.0146,79.3617,131.94,67.4249,72.9541
2013-05-23,131.6489,65.7678,82.2152,41.4219,31.7761,79.7377,134.61,67.4408,72.9541
2013-05-24,131.5375,65.732,82.1984,41.0611,31.5004,79.8472,133.76,67.4249,72.9541
2013-05-28,132.3252,66.1617,83.2649,41.168,31.6718,77.8236,133.49,67.3769,72.9381
2013-05-29,131.4659,65.8484,82.4923,40.7738,31.2694,78.6986,134.83,67.3769,72.9541
2013-05-30,131.9512,66.1976,83.0466,40.9341,31.2694,78.5072,136.7,67.3929,72.9381
2013-05-31,130.0575,65.5887,82.1312,40.139,30.703,78.2406,133.92,67.3849,72.9541
2013-06-03,130.7735,65.7051,82.9122,40.2927,31.1576,78.6552,136.51,67.4065,72.9541
2013-06-04,130.145,65.3648,82.0304,40.4397,30.7775,77.9288,135.23,67.4065,72.9541
2013-06-05,128.3228,64.5142,80.9807,39.5376,30.2261,79.0047,135.52,67.4144,72.9541
2013-06-06,129.4845,64.8276,81.8373,39.7581,30.4794,78.9567,136.53,67.4065,72.9381
2013-06-07,131.1316,65.7141,82.4671,40.2927,30.3229,77.5451,133.28,67.3985,72.9541
2013-06-10,131.1316,65.7409,82.971,40.3328,29.9131,77.175,133.94,67.3746,72.9381
2013-06-11,129.779,65.0873,82.0724,39.8383,29.3467,78.0933,133.25,67.3666,72.9541
2013-06-12,128.7048,64.3351,81.2578,39.7915,29.1455,76.9763,134.25,67.3586,72.9381
2013-06-13,130.6622,65.15,82.6939,40.3996,29.764,78.1824,133.74,67.3906,72.9541
2013-06-14,129.8426,64.7202,82.0556,39.9586,29.2945,77.9973,134.43,67.4385,72.9381
2013-06-17,130.8452,65.3469,82.5931,40.5332,29.5628,77.5862,133.77,67.4385,72.9381
2013-06-18,131.8796,65.8842,83.5673,40.8205,29.6895,77.6273,132.13,67.4385,72.9381
2013-06-19,130.0575,65.15,82.5427,40.0588,28.7729,76.8255,130.59,67.3586,72.9381
2013-06-20,126.8348,63.6009,80.3593,38.5887,27.4837,75.5646,123.6,67.3506,72.9381
2013-06-21,127.242,63.2632,80.5944,38.7157,27.8786,74.2832,125.05,67.2947,72.9541
2013-06-24,125.6342,62.6344,79.5363,38.1076,27.3123,74.5916,123.93,67.2627,72.9541
2013-06-25,126.8421,63.0925,80.3005,38.5954,27.8935,73.9268,123.47,67.2547,72.9541
2013-06-26,128.0979,63.6584,80.6784,38.7491,28.3332,74.4065,118.28,67.2867,72.9541
2013-06-27,128.8498,63.9278,81.9297,39.1391,28.9017,75.1672,115.94,67.3266,72.9381
2013-06-28,128.3219,64.0177,81.4594,39.0641,29.0678,75.6811,119.11,67.3186,72.9381
2013-07-01,129.0738,64.4129,82.7863,39.4322,29.1584,75.8336,121.13,67.3482,72.9541
2013-07-02,128.9539,64.4398,82.7272,39.2345,28.6375,75.7855,120.05,67.3562,72.9381
2013-07-03,129.0098,64.7003,82.8959,39.2481,28.3732,75.5588,120.74,67.3482,72.9541
2013-07-05,130.4017,65.1944,84.0683,39.4322,28.192,72.9832,118.09,67.2762,72.9541
2013-07-08,131.1456,65.2573,84.4057,39.6777,28.2298,73.6907,119.51,67.3242,72.9222
2013-07-09,132.0895,65.6525,85.1902,39.8958,28.5997,73.7662,120.62,67.3162,72.9222
2013-07-10,132.1374,66.0297,85.4263,40.0117,28.3279,73.1893,120.95,67.3162,72.9222
2013-07-11,133.9373,67.3411,86.43,41.048,29.7171,74.0478,124.24,67.3722,72.9222
2013-07-12,133.9932,67.6376,86.6071,40.7753,29.4,73.986,124.13,67.3322,72.9222
2013-07-15,134.5052,67.7903,87.3663,41.0275,29.702,74.3775,124.18,67.3642,72.9222
2013-07-16,134.0013,67.7005,86.9277,41.0002,29.8228,74.6317,124.89,67.3722,72.9222
2013-07-17,134.3453,67.8711,87.2651,41.1229,30.0947,74.769,123.32,67.3961,72.9222
2013-07-18,135.0812,67.7005,87.8471,41.3956,29.7398,73.8349,124.01,67.3881,72.9381
2013-07-19,135.3211,66.9998,87.982,41.3616,29.6567,75.0025,125.11,67.4201,72.9381
2013-07-22,135.5851,67.1974,88.1676,41.5934,29.9512,75.1124,128.84,67.4201,72.9381
2013-07-23,135.2971,66.7034,88.1085,41.682,30.2758,74.7964,129.71,67.4121,72.9381
2013-07-24,134.8012,66.919,87.3747,41.6274,29.9663,73.8486,127.48,67.3802,72.9541
2013-07-25,135.1292,67.3411,88.176,41.7093,30.1399,73.8211,128.67,67.4201,72.9222
2013-07-26,135.2731,67.7005,87.8217,41.4502,30.072,74.2745,128.78,67.4281,72.9222
2013-07-29,134.8572,67.5747,87.206,41.0548,29.6945,73.7319,128.47,67.4201,72.9381
2013-07-30,134.8572,67.934,87.282,41.048,29.6265,73.7044,128.12,67.4281,72.9222
2013-07-31,134.9531,68.0598,87.4338,41.1434,29.4529,73.9723,127.96,67.4281,72.9381
2013-08-01,136.5131,68.7514,88.623,41.7024,29.9889,72.547,126.61,67.4025,72.9222
2013-08-02,136.745,69.1376,88.6989,42.0433,29.9814,73.3456,126.36,67.4505,72.9381
2013-08-05,136.545,69.1825,89.0026,41.9547,29.7926,72.7811,125.7,67.4425,72.9381
2013-08-06,135.769,68.7694,88.1085,41.8933,29.4151,72.9945,123.97,67.4345,72.9381
2013-08-07,135.3291,68.6436,87.4843,41.7093,29.098,73.5385,124.15,67.4505,72.9222
2013-08-08,135.8251,68.985,87.8471,42.0842,29.6567,73.7381,126.86,67.4505,72.9222
2013-08-09,135.4331,68.7065,87.7543,42.1592,29.7171,73.8552,126.86,67.4345,72.9381
2013-08-12,135.2731,68.8682,88.2182,42.0433,29.9965,73.3525,129.13,67.4345,72.9381
2013-08-13,135.6731,69.2544,88.1001,42.316,30.1777,72.2922,127.74,67.4025,72.9381
2013-08-14,134.9772,68.9939,87.7543,42.3365,30.2758,72.4023,129.0,67.4025,72.9381
2013-08-15,133.0894,67.8262,86.1264,41.982,29.9285,71.4246,131.69,67.3785,72.9381
2013-08-16,132.6494,67.7993,85.7637,42.0569,29.6718,71.1767,132.58,67.3865,72.9381
2013-08-19,131.8015,67.6825,84.8949,41.757,29.1131,70.5569,132.01,67.3706,72.9222
2013-08-20,132.4495,67.9789,86.1179,41.7024,29.0603,71.101,132.45,67.3865,72.9381
2013-08-21,131.6336,67.7454,85.595,41.2116,28.3808,70.3229,132.07,67.3466,72.9381
2013-08-22,132.8333,68.4101,86.8011,41.6138,28.8413,71.039,132.81,67.3226,72.9222
2013-08-23,133.2814,68.8682,87.0205,41.9751,29.1811,71.8102,134.9,67.3226,72.9381
2013-08-26,132.7854,68.9041,87.0289,41.6683,28.864,72.1682,135.45,67.3466,72.9222
2013-08-27,130.6496,67.4939,84.9877,40.9593,28.1996,73.0772,136.75,67.3785,72.9222
2013-08-28,131.1136,67.7544,85.1564,40.9116,28.26,72.485,136.71,67.3386,72.9222
2013-08-29,131.3216,68.2304,86.0083,40.8434,28.4865,73.0634,135.87,67.3546,72.9381
2013-08-30,130.9056,67.7903,84.6672,40.3389,28.7054,72.9807,134.62,67.3626,72.9381
2013-09-03,131.4976,68.1765,85.2407,41.1161,28.8866,71.9514,136.42,67.337,72.9381
2013-09-04,132.5854,68.9041,85.9914,41.4843,29.4,71.7926,134.66,67.2731,72.9381
2013-09-05,132.7535,69.0209,86.1264,41.4502,29.7473,70.7916,132.2,67.2091,72.9381
2013-09-06,132.8174,69.1017,86.3626,41.6752,30.1852,71.1436,134.15,67.2731,72.9381
2013-09-09,134.0893,69.9101,87.6699,42.2478,30.978,71.1781,133.91,67.289,72.9063
2013-09-10,135.0812,70.2515,88.5303,42.7251,31.2121,70.6811,131.74,67.2651,72.9222
2013-09-11,135.5051,70.1167,88.5724,42.875,31.2347,71.3093,131.7,67.297,72.9222
2013-09-12,135.1451,70.0719,87.923,42.6296,30.8723,71.2127,127.67,67.297,72.9222
2013-09-13,135.4491,70.1167,88.4038,42.8341,31.0762,71.4889,127.82,67.297,72.9381
2013-09-16,136.233,69.9281,88.5977,43.1682,31.4235,71.0125,126.45,67.345,72.9222
2013-09-17,136.841,70.3952,89.4749,43.1955,31.3555,71.5993,126.5,67.369,72.9222
2013-09-18,138.4248,71.2396,90.3268,44.3476,32.6692,72.483,132.01,67.4568,72.9381
2013-09-19,138.1927,71.4102,90.234,44.1363,32.4956,72.0549,131.75,67.4329,72.9381
2013-09-20,137.2266,71.1651,89.9051,43.8159,31.7708,72.4347,127.96,67.4409,72.9222
2013-09-23,136.5917,71.021,89.9135,43.8022,31.884,72.9663,127.55,67.4568,72.9222
2013-09-24,136.2701,71.021,90.2121,43.734,31.6122,73.7533,127.66,67.4649,72.9222
2013-09-25,135.8762,70.7777,90.0429,43.7818,31.3706,73.9052,128.79,67.4889,72.9222
2013-09-26,136.3987,71.3273,90.5419,43.9658,31.499,73.3874,127.79,67.4568,72.9222
2013-09-27,135.7717,71.2372,90.1359,43.809,31.129,73.5669,128.97,67.4969,72.9222
2013-09-30,135.0483,71.066,90.1613,43.4954,30.7741,73.4564,128.18,67.5128,72.9222
2013-10-01,136.1174,71.7868,91.21,43.7272,31.3857,73.2335,124.59,67.4952,72.9381
2013-10-02,135.9888,71.7598,90.8379,43.7136,31.5065,73.3443,127.06,67.5033,72.9381
2013-10-03,134.7348,70.9219,89.9076,43.4273,31.3857,73.2266,127.18,67.5033,72.9381
2013-10-04,135.7557,71.5345,90.5081,43.5295,31.7934,73.1712,126.53,67.4792,72.9381
2013-10-07,134.5821,70.9399,89.4509,43.0796,31.5216,73.4688,127.64,67.4792,72.9381
2013-10-08,133.0146,69.5705,88.0048,42.7455,31.2196,73.4897,127.4,67.4233,72.9381
2013-10-09,133.1111,69.3542,87.6496,42.9296,31.4536,72.9013,126.11,67.4473,72.9222
2013-10-10,135.9807,70.8228,89.7638,43.7,32.1936,73.019,124.27,67.4473,72.9063
2013-10-11,136.8569,71.3814,91.0663,43.9318,32.337,72.9982,122.6,67.4473,72.8904
2013-10-14,137.4035,71.8859,91.5229,44.0817,32.5258,72.4098,122.83,67.4233,72.8904
2013-10-15,136.4067,71.6066,90.6265,43.8704,32.2087,72.3614,123.73,67.4473,72.8904
2013-10-16,138.3118,72.4174,91.7513,44.1976,32.4654,73.2681,123.54,67.4712,72.9063
2013-10-17,139.2361,72.8319,92.5547,44.7839,32.6692,73.9326,127.42,67.4952,72.9063
2013-10-18,140.1766,74.0121,93.6118,45.0498,32.6994,74.0918,126.85,67.4952,72.9222
2013-10-21,140.1846,74.1743,93.4258,45.118,32.6466,73.8565,126.98,67.4952,72.9222
2013-10-22,140.9965,74.2824,93.671,45.5679,32.9637,74.6802,129.34,67.5512,72.9222
2013-10-23,140.3213,73.8319,93.3581,45.1248,32.1936,74.9709,128.69,67.5272,72.9222
2013-10-24,140.7875,74.1563,93.8571,45.4384,32.1256,74.6802,129.9,67.5192,72.9063
2013-10-25,141.4305,74.6878,93.9416,45.3089,32.2766,74.957,130.46,67.5352,72.9222
2013-10-28,141.6556,74.7058,93.8993,45.2339,32.4654,74.7009,130.56,67.5512,72.9222
2013-10-29,142.4111,74.832,94.17,45.3293,32.5711,74.7979,129.77,67.5512,72.9063
2013-10-30,141.7039,74.7599,92.8845,45.1657,32.3899,74.3479,129.6,67.5512,72.9063
2013-10-31,141.302,74.5887,92.3433,44.9135,32.0577,74.5072,127.74,67.5592,72.9063
2013-11-01,141.6395,74.6067,91.9458,44.6953,32.0728,73.7007,126.95,67.5344,72.9063
2013-11-04,142.1379,74.7148,93.0029,44.9135,32.2691,73.7701,126.81,67.5504,72.9063
2013-11-05,141.6878,74.7959,92.6815,44.5249,31.6198,72.8887,126.56,67.5504,72.9063
2013-11-06,142.4111,74.7779,92.2841,44.9135,31.7179,72.9234,127.2,67.5664,72.9222
2013-11-07,140.6107,73.3725,90.728,44.2045,31.1441,73.541,126.16,67.5824,72.9063
2013-11-08,142.5077,74.3635,92.3771,44.4635,31.0762,71.7713,124.28,67.5344,72.9063
2013-11-11,142.5318,74.2463,92.504,44.559,30.9176,71.5005,123.87,67.5504,72.9222
2013-11-12,142.2424,74.3635,92.5801,44.409,30.7515,71.8337,122.45,67.5344,72.9222
2013-11-13,143.3838,75.2644,93.4681,44.5521,30.8044,72.0974,122.85,67.5344,72.9222
2013-11-14,144.0992,75.4987,93.375,44.7567,31.3027,72.5416,124.27,67.5743,72.9063
2013-11-15,144.7262,75.6428,93.7302,45.118,31.8991,72.6873,124.32,67.5743,72.9063
2013-11-18,144.2198,74.904,93.0706,45.118,32.186,73.1246,122.9,67.6064,72.9063
2013-11-19,143.9063,74.6878,92.4955,45.0021,31.9897,72.5694,122.95,67.5824,72.9063
2013-11-20,143.4562,74.5076,92.4617,44.6885,31.5518,71.334,120.12,67.5904,72.9063
2013-11-21,144.6137,75.2644,94.1277,44.968,31.5216,71.4519,119.94,67.6224,72.9222
2013-11-22,145.3371,75.6698,94.5928,45.0975,31.7481,72.1182,119.92,67.6064,72.9063
2013-11-25,145.1924,75.85,94.7113,44.9612,31.3404,72.3265,120.46,67.6064,72.9063
2013-11-26,145.2326,76.2464,95.4132,44.9612,31.4461,72.5971,119.82,67.6144,72.9063
2013-11-27,145.5863,76.778,95.946,45.0703,31.65,72.4722,119.46,67.6144,72.9222
2013-11-29,145.4898,77.2375,95.9967,45.1589,31.9746,72.493,120.7,67.6224,72.8904
2013-12-02,145.112,77.0122,95.0326,44.8248,31.3027,71.9292,117.58,67.5816,72.9063
2013-12-03,144.4851,76.9492,94.5759,44.5112,31.197,72.1937,117.96,67.5976,72.9222
2013-12-04,144.469,77.0212,94.3223,44.2726,31.1592,71.5046,119.96,67.5816,72.9222
2013-12-05,143.834,76.9221,94.3899,44.0204,30.978,71.3026,118.3,67.5895,72.9222
2013-12-06,145.4416,77.4807,95.1257,44.5658,31.6651,71.6438,118.55,67.5656,72.9222
2013-12-09,145.8113,77.7961,95.1003,44.5181,31.7104,71.8108,119.72,67.5656,72.9222
2013-12-10,145.2889,77.742,94.2377,44.4431,31.7255,72.326,121.82,67.5895,72.9063
2013-12-11,143.6571,76.742,92.69,44.0272,31.0233,71.7691,120.86,67.5656,72.9222
2013-12-12,143.1829,76.5437,92.893,43.7068,30.8421,71.4976,118.29,67.5416,72.9222
2013-12-13,143.1668,76.4446,93.1974,43.6795,30.9176,71.8457,119.38,67.5576,72.9222
2013-12-16,144.059,76.8681,94.3053,43.9931,31.1215,71.5811,119.69,67.5576,72.9063
2013-12-17,143.6009,76.7149,94.17,43.8022,30.8496,71.9013,118.65,67.5736,72.9063
2013-12-18,146.0525,77.6068,95.4639,44.4912,31.4637,71.5394,117.61,67.5736,72.9222
2013-12-19,145.8837,77.3906,94.7535,44.4912,30.8847,71.4698,114.82,67.5336,72.9222
2013-12-20,146.7323,78.1787,96.352,44.7457,30.839,72.5696,115.94,67.5096,72.9063
2013-12-23,147.5162,79.0012,97.4446,45.2064,31.0675,72.1589,115.57,67.5016,72.9063
2013-12-24,147.8394,79.0374,97.8181,45.2958,31.2504,71.5811,116.1,67.4776,72.9063
2013-12-26,148.5911,79.2995,97.8266,45.5434,30.9837,71.3053,116.74,67.4704,72.9063
2013-12-27,148.583,79.1006,97.7672,45.7771,31.4637,71.1028,117.12,67.5024,72.9222
2013-12-30,148.5587,78.9831,97.7077,45.9697,31.6008,71.5916,115.39,67.5184,72.9222
2013-12-31,149.2619,79.4983,97.937,46.1416,31.8446,71.1377,116.12,67.5024,72.8904
2014-01-02,147.8314,78.8747,96.8758,45.3233,30.6181,71.3541,118.0,67.5344,72.8904
2014-01-03,147.8071,78.3053,97.3682,45.3714,30.5647,71.3541,119.29,67.5104,72.9063
2014-01-06,147.3788,78.0161,96.5786,45.3164,30.2752,71.6545,119.5,67.5184,72.8904
2014-01-07,148.284,78.7391,97.3851,45.5709,30.4047,71.8361,118.82,67.5184,72.9063
2014-01-08,148.3163,78.9108,97.5125,45.5571,30.3057,71.6405,118.12,67.4544,72.9063
2014-01-09,148.4133,78.6487,97.5379,45.5227,30.1457,72.0595,118.46,67.4704,72.8904
2014-01-10,148.8173,78.9018,98.0728,45.9422,30.679,72.9185,120.26,67.5344,72.9063
2014-01-13,146.8373,77.7359,96.7314,45.5434,30.3133,73.2817,121.02,67.5504,72.9063
2014-01-14,148.4375,79.2181,97.92,45.9078,30.6409,72.9465,119.89,67.5344,72.9063
2014-01-15,149.2376,79.8689,98.6501,46.1004,30.6333,72.8697,119.66,67.5104,72.9063
2014-01-16,149.0436,79.8779,98.7689,46.0797,30.4657,73.3585,119.79,67.5264,72.9063
2014-01-17,148.4133,79.426,98.4209,45.9422,30.3133,73.6658,120.93,67.5264,72.8904
2014-01-21,148.8496,80.0315,99.0067,46.1622,30.2676,73.7216,119.7,67.5184,72.9063
2014-01-22,148.9466,80.2394,99.5075,46.1622,30.6714,73.5401,119.19,67.4864,72.9063
2014-01-23,147.7263,79.9683,98.8369,45.8528,29.9172,74.5807,121.79,67.5504,72.9063
2014-01-24,144.5744,78.3957,96.3154,44.5944,29.1325,75.0626,122.29,67.5744,72.8904
2014-01-27,143.8632,77.6365,94.9062,44.3881,29.0182,74.5388,120.96,67.5664,72.8904
2014-01-28,144.7199,77.5913,95.9079,44.7732,29.201,74.7204,120.95,67.5664,72.8904
2014-01-29,143.3299,76.7598,94.5241,44.2712,28.782,75.3349,122.47,67.6144,72.9063
2014-01-30,144.8492,78.1787,95.9334,44.4981,29.0487,75.1184,119.77,67.6064,72.9063
2014-01-31,144.0007,77.9709,95.2203,43.7417,29.0944,75.6213,120.09,67.6384,72.8904
2014-02-03,140.7599,76.1814,92.2404,42.8478,28.2716,76.5427,121.32,67.6569,72.8904
2014-02-04,141.7458,76.7417,92.9365,43.3429,28.843,75.7305,120.99,67.6648,72.9063
2014-02-05,141.568,76.5429,92.2404,43.4323,28.7363,75.0304,121.29,67.6328,72.8904
2014-02-06,143.4349,77.519,92.9705,44.2024,29.3382,74.7083,121.24,67.6408,72.8904
2014-02-07,145.2129,78.9018,94.0232,44.7801,29.5058,74.7713,122.17,67.6569,72.9063
2014-02-10,145.4796,79.3537,94.2694,44.6288,29.1782,74.9813,122.92,67.6408,72.8904
2014-02-11,147.0717,80.2575,95.1099,45.3371,29.8105,74.5472,124.36,67.6248,72.8904
2014-02-12,147.1445,80.4111,95.4835,45.4127,29.8181,74.1621,124.43,67.5928,72.9063
2014-02-13,147.9041,81.0076,96.6975,45.5502,29.8486,74.5822,125.49,67.6328,72.9063
2014-02-14,148.7204,81.1703,96.8333,45.7221,30.2143,74.6243,127.15,67.6328,72.9063
2014-02-18,148.8982,81.568,97.8436,46.1141,29.9324,74.7923,127.4,67.6569,72.8904
2014-02-19,147.9122,81.0076,96.8418,45.8047,29.7267,74.4772,126.27,67.6328,72.9063
2014-02-20,148.785,81.3873,97.886,45.9628,29.8334,74.2952,127.6,67.6408,72.9063
2014-02-21,148.6153,81.2788,98.1917,46.0522,30.0391,74.6872,127.58,67.6488,72.8904
2014-02-24,149.4396,81.7126,98.9133,46.4511,30.0391,74.4983,128.99,67.6488,72.9063
2014-02-25,149.383,81.6222,99.0152,46.341,29.6962,75.1634,129.21,67.6408,72.9063
2014-02-26,149.3912,81.5499,99.6264,46.1829,29.7191,75.5624,128.11,67.6728,72.9063
2014-02-27,150.175,82.079,100.1698,46.341,30.2828,75.9756,128.2,67.6648,72.8904
2014-02-28,150.5549,81.9883,99.7707,46.4235,30.0771,76.0176,127.62,67.6648,72.9063
2014-03-03,149.4963,81.3802,99.2359,45.4402,29.5439,76.525,130.29,67.7032,72.9063
2014-03-04,151.5975,82.4148,101.7318,46.341,30.0467,75.374,128.68,67.6472,72.8904
2014-03-05,151.7348,82.6417,101.6724,46.2998,30.0695,75.5354,128.89,67.6712,72.9063
2014-03-06,152.0824,82.5691,101.6554,46.7811,30.4962,74.7915,130.17,67.6312,72.9063
2014-03-07,152.147,82.1607,101.6215,46.5267,30.1076,74.3212,129.09,67.5832,72.8904
2014-03-10,152.0662,82.2333,101.2819,46.2379,29.9019,74.4265,129.13,67.5912,72.8904
2014-03-11,151.3146,81.8794,100.2292,45.9009,29.5667,74.623,129.86,67.5912,72.8904
2014-03-12,151.355,82.1879,100.5348,45.729,29.6277,75.1423,131.76,67.6152,72.8904
2014-03-13,149.6579,81.0263,99.3717,44.8763,29.0944,76.153,132.21,67.6552,72.8904
2014-03-14,149.2376,80.4726,99.7877,44.7801,29.2544,76.1671,133.1,67.6392,72.8904
2014-03-17,150.5873,81.1806,100.2292,45.3439,29.6124,75.5986,131.64,67.6152,72.8904
2014-03-18,151.6621,82.1607,101.6894,45.6259,30.0238,75.8723,130.62,67.6312,72.8904
2014-03-19,150.854,81.716,101.0272,45.0689,29.3839,75.2827,128.09,67.5191,72.9063
2014-03-20,151.7348,81.9429,101.163,44.897,29.5134,75.1493,127.86,67.5272,72.8904
2014-03-21,151.1464,80.9569,100.6961,44.8076,29.6962,75.9636,128.47,67.5351,72.9063
2014-03-24,150.5213,80.2474,99.55,44.9245,29.9857,76.504,126.18,67.5031,72.9063
2014-03-25,151.2357,80.5111,99.5262,45.4127,30.3286,76.2162,126.41,67.5111,72.9063
2014-03-26,150.1479,79.4742,97.6196,45.4058,30.3971,76.8128,125.41,67.5592,72.8904
2014-03-27,149.8313,79.0285,97.3727,45.6327,30.7933,77.1988,124.59,67.5511,72.8904
2014-03-28,150.57,79.1831,97.2791,45.9766,31.0371,76.7637,124.56,67.5511,72.8904
2014-03-31,151.8038,79.7471,99.024,46.2104,31.2428,76.5742,123.61,67.5912,72.8904
2014-04-01,152.8104,81.1479,100.3263,46.5061,31.6084,75.9197,123.39,67.5519,72.8904
2014-04-02,153.3218,81.3571,100.7774,46.5955,31.6694,75.4835,124.32,67.5279,72.8904
2014-04-03,153.1189,80.7113,99.756,46.4648,31.5475,75.8142,123.92,67.5439,72.9063
2014-04-04,151.3087,78.5645,97.4493,46.3204,31.4637,76.3209,125.57,67.6,72.8904
2014-04-07,149.6365,77.8187,96.0279,46.1004,31.6008,76.7782,124.91,67.608,72.8904
2014-04-08,150.2534,78.5373,96.7003,46.0728,31.9665,76.9612,126.09,67.616,72.8904
2014-04-09,151.8687,79.8835,98.0962,46.6642,32.2103,76.5812,126.32,67.648,72.8904
2014-04-10,148.6786,77.4093,95.2959,45.8391,31.8675,77.2919,127.01,67.6881,72.8904
2014-04-11,147.3392,76.5088,93.9766,45.564,31.8675,77.9182,126.93,67.68,72.8904
2014-04-14,148.5001,77.1091,94.2405,45.8253,31.7989,77.7141,127.85,67.672,72.8904
2014-04-15,149.5228,77.3638,94.6065,45.6327,31.3189,78.1997,125.49,67.672,72.8904
2014-04-16,151.0896,78.3917,95.6364,46.1966,31.7151,78.2982,125.54,67.648,72.8904
2014-04-17,151.3006,78.4099,96.113,46.4373,32.0046,77.4397,124.75,67.632,72.9063
2014-04-21,151.8282,78.9921,96.5641,46.4992,31.8065,77.3764,124.24,67.632,72.8904
2014-04-22,152.5182,79.6197,97.56,46.6917,31.7227,77.6367,123.78,67.6,72.8744
2014-04-23,152.161,78.9193,96.9472,46.5817,31.4942,78.08,123.76,67.632,72.8904
2014-04-24,152.4695,79.6743,96.7003,46.5748,31.5246,78.2278,124.56,67.616,72.8904
2014-04-25,151.2193,78.4008,94.998,46.3479,31.098,78.3404,125.43,67.624,72.8904
2014-04-28,151.6983,78.6555,94.4448,46.4923,31.2504,77.9604,124.88,67.624,72.8904
2014-04-29,152.4045,79.2831,94.6831,46.7949,31.5475,77.8549,124.86,67.616,72.8904
2014-04-30,152.8591,79.4923,95.3129,46.9806,31.4865,78.1785,124.22,67.664,72.8904
2014-05-01,152.8753,79.7289,95.2789,47.1112,31.5246,79.0172,123.8,67.6649,72.8744
2014-05-02,152.6561,79.5834,95.3555,47.0356,31.6999,79.504,125.06,67.6568,72.8904
2014-05-05,152.9485,80.0018,95.2363,47.0012,31.5246,79.0243,126.22,67.6649,72.8904
2014-05-06,151.6171,78.9648,93.6872,46.9187,31.6694,79.3417,125.98,67.6408,72.8744
2014-05-07,152.5101,78.7374,93.7468,46.9737,31.837,79.0596,124.17,67.6649,72.8744
2014-05-08,152.3477,78.6646,92.802,46.9806,31.7608,78.721,124.17,67.6808,72.8744
2014-05-09,152.575,78.9557,93.6532,46.9118,31.7075,78.4671,124.1,67.7049,72.8904
2014-05-12,154.0605,80.2564,95.781,47.2212,32.2408,78.1496,124.94,67.6888,72.8744
2014-05-13,154.1985,80.311,94.8448,47.29,32.3627,78.8268,124.6,67.7129,72.8904
2014-05-14,153.4679,79.8926,93.3042,47.2006,32.5912,79.6803,125.81,67.7369,72.8904
2014-05-15,152.1204,79.2649,92.6743,46.9943,32.2865,80.3152,124.77,67.7449,72.8904
2014-05-16,152.6481,79.7835,93.2617,47.0975,32.7131,80.0895,124.5,67.7529,72.8904
2014-05-19,153.2082,80.3383,94.266,47.0012,32.7131,79.4969,124.58,67.7689,72.8904
2014-05-20,152.2422,80.0472,92.8275,46.7055,32.4465,79.6733,124.69,67.7769,72.8904
2014-05-21,153.5248,80.8113,93.3042,47.07,32.6979,79.1865,124.39,67.7769,72.8744
2014-05-22,153.8982,81.1661,94.2745,47.1318,32.9264,79.0737,124.67,67.7609,72.8744
2014-05-23,154.5151,81.7573,95.3044,47.2556,32.8655,79.4969,124.51,67.7449,72.8904
2014-05-27,155.4648,82.7761,96.6748,47.5926,32.5836,79.9625,121.85,67.7609,72.8744
2014-05-28,155.3512,82.5214,96.1726,47.4344,32.774,80.9501,121.2,67.7769,72.8904
2014-05-29,156.1548,83.049,96.496,47.7232,32.8655,80.5197,120.94,67.7689,72.8744
2014-05-30,156.4064,83.0581,96.0619,47.7301,32.416,80.4844,120.43,67.7849,72.8904
2014-06-02,156.585,82.9762,95.5427,47.8264,32.515,79.8861,119.7,67.7393,72.8744
2014-06-03,156.5039,82.9398,95.3129,47.7095,32.6979,78.9032,120.01,67.7233,72.8744
2014-06-04,156.8204,83.2491,95.6874,47.6957,32.515,78.8819,119.76,67.7473,72.8744
2014-06-05,157.8432,83.9495,97.6962,48.0258,32.8578,78.9173,120.66,67.7553,72.8744
2014-06-06,158.5982,84.4316,98.6324,48.2871,33.1854,78.9173,120.61,67.7393,72.8744
2014-06-09,158.7605,84.368,99.5006,48.239,33.3073,78.8041,120.65,67.6912,72.8904
2014-06-10,158.7767,84.5135,99.3048,48.1358,33.4825,78.5142,121.39,67.6752,72.8904
2014-06-11,158.2248,84.4953,98.8197,47.8951,33.3683,78.6556,121.41,67.6992,72.8744
2014-06-12,157.1045,83.7312,98.2154,47.9089,33.2083,79.3558,122.64,67.7233,72.8904
2014-06-13,157.5835,83.9768,98.3856,47.9433,33.2235,79.3133,122.96,67.6832,72.8744
2014-06-16,157.7134,84.0496,98.8623,47.957,33.0712,79.5114,122.42,67.6672,72.8904
2014-06-17,158.1517,84.0951,99.5602,47.9226,33.0788,78.8819,122.28,67.6111,72.8744
2014-06-18,159.3124,84.5681,100.2326,48.3352,33.4444,79.4901,122.67,67.6672,72.8904
2014-06-19,159.491,84.5135,100.3178,48.5965,33.254,78.4718,126.94,67.6592,72.8904
2014-06-20,159.8148,84.6129,100.6497,48.514,33.1854,79.0658,126.5,67.6592,72.8904
2014-06-23,159.7659,84.6312,100.4539,48.3834,33.1169,78.8183,126.85,67.6592,72.8904
2014-06-24,158.8035,84.5491,99.3815,48.0808,33.1016,79.6174,126.98,67.6832,72.8904
2014-06-25,159.5212,85.0872,100.2241,48.0639,33.1715,79.8225,126.99,67.6912,72.8744
2014-06-26,159.407,85.1328,100.0539,48.0991,33.2099,80.2044,126.73,67.7073,72.8744
2014-06-27,159.717,85.5067,100.7263,48.1273,33.2867,80.0842,126.66,67.7233,72.8904
2014-06-30,159.6355,85.6527,101.1264,48.1696,33.1945,80.2822,128.04,67.7313,72.8744
2014-07-01,160.704,86.5921,102.1562,48.5923,33.5094,79.6101,127.7,67.7032,72.8904
2014-07-02,160.867,86.738,101.7624,48.6698,33.709,78.7592,127.7,67.6792,72.8904
2014-07-03,161.6582,87.2853,102.3776,48.7684,33.9086,78.4756,127.16,67.6712,72.8744
2014-07-07,161.0954,87.0208,100.626,48.388,33.8856,79.0499,127.02,67.6552,72.8904
2014-07-08,160.0596,85.9719,99.4041,47.8807,33.732,79.9362,127.07,67.6712,72.8904
2014-07-09,160.7773,86.6104,99.5323,48.0357,33.924,80.0,127.84,67.6792,72.8744
2014-07-10,160.1411,86.3368,98.4728,47.5073,33.7397,80.0213,128.54,67.7113,72.8744
2014-07-11,160.3613,86.8931,98.3447,47.5355,33.7013,80.5317,128.78,67.7273,72.8744
2014-07-14,161.1688,87.413,98.8488,47.8878,33.9624,80.1844,125.72,67.7192,72.8744
2014-07-15,160.867,87.112,97.8747,47.768,33.9394,80.0213,124.53,67.6872,72.8744
2014-07-16,161.4624,87.4586,97.6098,48.0639,34.0238,80.4467,124.97,67.6792,72.8744
2014-07-17,159.6273,86.3002,96.106,47.4509,33.3865,81.4606,127.09,67.7353,72.8744
2014-07-18,161.2585,87.6684,97.6013,47.8243,33.9086,81.1983,126.13,67.6792,72.8585
2014-07-21,160.9567,87.5589,97.2083,47.6482,34.0238,81.6024,126.34,67.6872,72.8744
2014-07-22,161.6582,88.1153,98.0285,47.8596,34.3387,81.7726,125.74,67.6872,72.8585
2014-07-23,162.017,88.6808,98.1481,47.9582,34.3694,81.6663,125.62,67.7113,72.8744
2014-07-24,162.0253,88.5804,97.9516,48.0709,34.5229,81.0564,124.35,67.6872,72.8744
2014-07-25,161.2667,88.2338,97.063,47.8737,34.3847,82.0136,125.79,67.6952,72.8744
2014-07-28,161.332,88.2612,96.576,47.8807,34.6228,81.9002,125.58,67.6631,72.8744
2014-07-29,160.6386,88.1061,96.8409,47.7821,34.4154,82.198,125.2,67.6792,72.8744
2014-07-30,160.6631,88.4528,97.2253,47.7116,34.2465,81.0564,124.83,67.6471,72.8744
2014-07-31,157.4903,86.6651,95.0038,46.9155,33.6476,80.8154,123.39,67.6792,72.8585
2014-08-01,157.0091,86.3459,94.5681,46.5914,33.8319,81.441,124.38,67.765,72.8744
2014-08-04,158.1428,86.9387,95.4054,46.8098,34.1467,81.2277,123.99,67.765,72.8744
2014-08-05,156.6094,86.2729,95.1662,46.2109,33.6245,81.4908,123.87,67.765,72.8585
2014-08-06,156.6584,86.209,95.4652,46.0982,33.3942,81.5405,125.67,67.781,72.8585
2014-08-07,155.8101,85.9354,95.0038,45.7248,33.2637,82.3012,126.18,67.813,72.8744
2014-08-08,157.6127,86.5556,95.9266,45.9925,33.5631,82.1234,126.19,67.7729,72.8585
2014-08-11,158.0694,87.0664,96.8409,46.1687,33.9931,82.1163,125.96,67.7729,72.8585
2014-08-12,157.8492,87.0299,96.1744,46.1334,34.0315,81.5832,125.99,67.7729,72.8585
2014-08-13,158.9177,87.9511,96.9263,46.3941,34.2158,82.1163,126.2,67.805,72.8744
2014-08-14,159.668,88.4071,97.0715,46.6407,34.2696,82.7775,126.31,67.821,72.8585
2014-08-15,159.6355,88.8358,96.8836,46.5914,34.1774,83.6803,125.48,67.821,72.8744
2014-08-18,160.973,89.5199,98.2934,46.8944,34.5076,82.8486,124.96,67.821,72.8585
2014-08-19,161.8132,90.0215,98.6351,47.0071,34.6688,82.5926,124.68,67.821,72.8744
2014-08-20,162.2454,90.0215,98.2165,46.8591,34.5997,82.4576,124.22,67.7569,72.8585
2014-08-21,162.7185,90.2039,98.4301,47.0564,34.4538,82.9197,122.88,67.7569,72.8744
2014-08-22,162.4657,90.3408,98.4386,46.8309,34.3617,83.3818,123.19,67.7409,72.8744
2014-08-25,163.2895,90.66,98.9,47.1339,34.6151,83.6946,122.74,67.7168,72.8744
2014-08-26,163.3955,90.7511,99.7972,47.1409,34.8224,83.4244,123.35,67.7409,72.8744
2014-08-27,163.3302,90.7694,99.5494,47.2325,34.999,84.1353,123.32,67.7569,72.8585
2014-08-28,163.2405,90.6691,99.0368,47.0212,34.6535,84.5761,124.0,67.7729,72.8744
2014-08-29,163.7054,91.0066,99.5921,47.0,34.5997,84.6329,123.86,67.805,72.8744
2014-09-02,163.6238,91.271,100.139,47.0916,34.546,83.173,121.65,67.7473,72.8585
2014-09-03,163.5342,90.7329,99.5067,47.4228,34.999,83.6361,122.15,67.7633,72.8744
2014-09-04,163.2976,90.6509,99.1222,47.1973,34.9069,82.6172,121.48,67.7553,72.8585
2014-09-05,164.0316,91.1068,99.4383,47.2043,35.2063,82.4605,122.06,67.7794,72.8744
2014-09-08,163.6076,91.2802,99.5921,46.7041,34.7917,82.4961,120.73,67.7393,72.8585
2014-09-09,162.5717,90.5231,98.413,46.5703,34.3617,82.4319,120.87,67.6992,72.8585
2014-09-10,163.1834,91.271,98.994,46.838,34.2158,81.9118,120.26,67.7072,72.8744
2014-09-11,163.371,91.1981,99.6348,46.5773,33.9854,81.6411,119.47,67.7153,72.8585
2014-09-12,162.4167,90.7329,98.5753,46.5139,33.6245,80.786,118.38,67.6992,72.8585
2014-09-15,162.2944,89.8573,97.4988,46.4153,33.4556,80.9072,118.64,67.7313,72.8585
2014-09-16,163.5178,90.6417,97.7722,46.6125,33.8933,80.5794,118.83,67.7714,72.8585
2014-09-17,163.738,90.7785,98.0285,46.2814,33.5785,80.3728,117.54,67.6992,72.8585
2014-09-18,164.6108,91.4626,98.6266,46.6407,33.6245,80.6292,117.78,67.7072,72.8744
2014-09-19,164.4624,91.4059,97.3791,46.4787,33.3712,81.6553,117.09,67.6992,72.8744
2014-09-22,163.1923,90.5556,96.0121,46.2744,32.8644,81.7551,116.85,67.7473,72.8744
2014-09-23,162.2582,90.3088,95.1149,45.8868,32.6801,82.261,117.6,67.7633,72.8744
2014-09-24,163.5283,91.2779,95.976,46.1194,33.1485,81.8049,117.05,67.7393,72.8744
2014-09-25,160.8897,89.358,94.3567,45.443,32.4267,82.774,117.39,67.7874,72.8744
2014-09-26,162.168,90.3088,95.2049,45.6332,32.5726,82.6528,117.06,67.7553,72.8744
2014-09-29,161.873,90.1899,95.1278,45.2105,31.9122,83.3155,117.03,67.7714,72.8585
2014-09-30,161.4469,90.3179,93.6884,45.1753,31.9122,82.8452,116.21,67.7553,72.8744
2014-10-01,159.259,88.8734,92.3604,44.6398,31.2595,84.4517,116.77,67.8275,72.8744
2014-10-02,159.2836,88.8734,93.2429,44.1607,31.4285,83.7159,116.74,67.8195,72.8744
2014-10-03,161.0372,89.7511,93.9454,44.1607,31.6972,84.0731,114.61,67.7553,72.8426
2014-10-06,160.8486,89.5591,93.1401,44.4425,32.1119,84.1231,116.03,67.8195,72.8426
2014-10-07,158.3658,88.2883,91.6064,43.6887,31.8278,85.2588,116.36,67.8596,72.8585
2014-10-08,161.1355,90.0071,93.3628,44.3791,32.3038,85.2803,117.47,67.9318,72.8585
2014-10-09,157.9397,88.5534,90.8439,43.1885,31.797,84.9088,117.64,67.9318,72.8585
2014-10-10,156.1369,86.341,89.7387,42.5403,31.106,85.7517,117.59,67.9639,72.8585
2014-10-13,153.572,84.9879,89.3788,42.4839,31.4208,86.2732,118.52,67.9879,72.8585
2014-10-14,153.8096,84.997,90.424,42.5896,31.6051,86.8375,118.59,68.028,72.8426
2014-10-15,152.769,84.4485,91.3322,42.336,31.2058,87.5232,118.99,68.1162,72.8426
2014-10-16,152.6379,83.9183,92.3604,41.9414,30.9217,86.966,119.22,68.0761,72.8585
2014-10-17,154.4407,85.0245,92.0862,42.7235,31.2672,86.4802,118.99,68.036,72.8585
2014-10-20,155.9403,86.2953,93.1658,42.9912,31.3594,86.7946,119.8,68.0761,72.8585
2014-10-21,159.0295,88.5626,94.6994,43.5055,31.4899,86.1017,120.02,68.0601,72.8426
2014-10-22,157.8987,88.1055,93.3457,43.1885,31.2826,86.1945,119.34,68.0441,72.8585
2014-10-23,159.7342,89.4312,94.9993,43.6041,31.2749,85.4302,118.52,68.0119,72.8426
2014-10-24,160.9635,90.1625,95.162,43.8437,31.4976,85.5161,118.35,68.028,72.8426
2014-10-27,160.7422,90.2265,95.1106,43.5971,31.2519,85.6731,118.06,68.028,72.8426
2014-10-28,162.586,91.5887,97.8181,44.2594,31.8815,85.1375,118.1,68.0119,72.8426
2014-10-29,162.3401,91.2505,97.5867,43.9212,31.9276,85.3302,116.41,67.9237,72.8585
2014-10-30,163.3808,91.4425,98.4178,44.2382,32.227,85.4017,115.19,67.9478,72.8426
2014-10-31,165.2491,92.7041,99.8657,45.0555,32.3653,85.1803,112.66,67.9318,72.8585
2014-11-03,165.3392,92.9784,99.6944,44.668,32.0965,85.1803,112.15,67.9229,72.8426
2014-11-04,164.7656,92.6675,99.2317,44.4144,32.1272,85.4452,112.22,67.9149,72.8585
2014-11-05,165.8063,92.6767,99.4117,44.4989,31.8431,85.3235,109.79,67.8989,72.8426
2014-11-06,166.4701,92.9693,99.84,44.2594,31.4515,84.7721,109.88,67.8828,72.8585
2014-11-07,166.6258,92.8869,99.9943,44.2805,31.6511,85.7459,112.97,67.931,72.8426
2014-11-10,167.1502,93.2161,100.4912,44.4778,31.7356,84.9583,110.46,67.8828,72.8585
2014-11-11,167.3141,93.5086,100.5597,44.7455,31.7049,85.0156,112.04,67.8747,72.8585
2014-11-12,167.1339,93.6732,101.0138,44.3651,31.6435,84.944,111.5,67.8989,72.8585
2014-11-13,167.3223,94.0755,100.157,44.5764,31.559,85.1445,111.67,67.9149,72.8426
2014-11-14,167.3633,94.368,99.9771,44.6398,31.8201,85.5598,114.47,67.947,72.8426
2014-11-17,167.4698,94.0846,99.146,44.4637,31.4822,85.345,114.05,67.939,72.8585
2014-11-18,168.4368,94.7886,99.7201,44.9498,31.6511,85.5813,115.05,67.931,72.8426
2014-11-19,168.1663,94.3589,98.6577,44.816,31.6358,85.0371,113.68,67.9229,72.8426
2014-11-20,168.4613,94.7794,99.7629,44.5482,31.582,85.481,114.86,67.939,72.8426
2014-11-21,169.3627,94.9623,99.8829,44.9357,32.5879,85.9966,115.39,67.955,72.8426
2014-11-24,169.838,95.7029,101.0738,45.1964,32.3192,86.0682,115.11,67.963,72.8585
2014-11-25,169.7151,95.8491,101.1509,45.2739,32.1119,86.7842,115.38,67.9711,72.8585
2014-11-26,170.1494,96.4708,101.485,45.45,32.5188,87.0205,115.16,67.9791,72.8426
2014-11-28,169.7888,96.9188,99.9771,45.0837,31.8661,87.7079,112.11,68.0032,72.8585
2014-12-01,168.6088,95.8217,98.4178,45.0414,31.321,87.1962,116.58,68.0024,72.8426
2014-12-02,169.6987,96.2057,99.6001,45.1682,31.3133,86.3494,115.14,67.9622,72.8426
2014-12-03,170.3543,96.3794,100.5597,45.1119,31.3977,86.6866,116.33,67.9301,72.8426
2014-12-04,170.1658,96.3337,100.0799,44.9639,31.4515,87.4115,115.88,67.9703,72.8426
2014-12-05,170.4444,96.3428,100.8339,45.0625,31.3901,86.902,114.43,67.8419,72.8585
2014-12-08,169.3053,95.6571,99.5744,44.668,30.9294,87.9641,115.78,67.8338,72.8585
2014-12-09,169.1906,95.9588,101.2451,44.4285,30.6376,88.4162,118.19,67.8579,72.8426
2014-12-10,166.4783,94.4503,99.0946,43.8648,30.1845,89.0621,117.96,67.9141,72.8426
2014-12-11,167.3223,94.8983,99.4888,43.8084,29.9311,89.4281,117.69,67.882,72.8426
2014-12-12,164.6182,93.8652,98.2807,42.963,29.4397,90.641,117.41,67.9462,72.8585
2014-12-15,163.4873,92.8961,97.2868,42.2514,29.0174,90.4544,114.39,67.898,72.8267
2014-12-16,162.1762,91.4059,97.1498,42.5544,28.9713,91.574,114.95,67.9381,72.8267
2014-12-17,165.3557,93.0698,100.1485,43.063,29.6373,90.7487,114.27,67.8739,72.8267
2014-12-18,169.4446,95.3097,101.6392,43.8314,30.0423,89.1339,115.15,67.8338,72.8426
2014-12-19,170.1656,95.7291,101.8706,43.8954,30.2526,90.3323,114.77,67.7856,72.8267
2014-12-22,170.9484,95.9677,102.5646,44.1088,30.6732,90.4544,112.55,67.8017,72.8267
2014-12-23,171.1791,95.6281,102.6931,43.9666,30.3928,88.6602,112.74,67.7295,72.8267
2014-12-24,171.1956,95.7107,102.9898,44.1658,30.4629,89.1428,112.77,67.764,72.8426
2014-12-26,171.7476,96.3897,103.6605,44.2796,30.7044,89.4736,114.83,67.7399,72.8267
2014-12-29,171.9783,96.3714,104.0992,43.9594,30.5174,90.1425,113.67,67.8042,72.8267
2014-12-30,171.0555,95.7291,103.4886,43.5539,30.5798,90.387,115.2,67.8282,72.8267
2014-12-31,169.3581,94.7472,102.8694,43.2836,30.6031,90.5596,113.58,67.8042,72.8426
2015-01-02,169.2676,94.4627,102.276,43.0986,30.1981,91.5664,114.08,67.8764,72.8267
2015-01-05,166.2106,93.0771,100.9087,42.0813,29.6606,93.0048,115.8,67.8764,72.8426
2015-01-06,164.6451,91.8291,99.1629,41.6046,29.536,94.6805,117.12,67.9086,72.8267
2015-01-07,166.6967,93.0128,100.3841,42.067,30.1747,94.4936,116.43,67.9406,72.8267
2015-01-08,169.6548,94.7931,102.0868,42.6362,30.6888,93.2421,115.94,67.9326,72.8267
2015-01-09,168.2952,94.1691,101.1065,42.4299,30.5875,94.2634,117.26,67.9888,72.8267
2015-01-12,166.9769,93.1872,100.7711,42.3303,30.3383,94.8028,118.56,68.029,72.8267
2015-01-13,166.5072,93.1596,100.8485,42.5437,30.6031,94.8028,118.16,68.0691,72.8267
2015-01-14,165.502,92.6458,100.4443,42.4228,30.4318,95.5219,117.97,68.1092,72.8267
2015-01-15,163.9859,91.4437,98.7501,42.6931,30.5019,97.025,120.94,68.2136,72.8267
2015-01-16,166.1365,92.5173,100.3583,43.248,30.7589,95.7881,122.52,68.1494,72.8267
2015-01-20,166.4908,93.2514,99.9369,43.3974,30.7122,97.061,124.2,68.1173,72.8267
2015-01-21,167.3312,93.7286,99.6187,43.7389,31.3898,95.939,124.23,68.1173,72.8426
2015-01-22,169.8196,95.4629,101.6482,43.9025,31.9896,95.5939,125.23,68.0932,72.8267
2015-01-23,168.8885,95.674,101.5795,43.6535,31.7481,96.9244,124.23,68.1253,72.8426
2015-01-26,169.284,95.5639,102.5598,44.2511,31.7637,96.6296,122.99,68.0851,72.8426
2015-01-27,167.0511,93.0863,102.0696,44.3152,31.5923,96.7805,124.4,68.1253,72.8426
2015-01-28,164.9088,92.6091,100.3497,43.6535,31.2496,98.3627,123.42,68.1735,72.8267
2015-01-29,166.4331,93.4992,101.7342,44.2511,31.2496,97.7154,120.76,68.1494,72.8267
2015-01-30,164.3402,92.7742,99.4983,43.5539,30.3928,99.4487,123.45,68.2297,72.8267
2015-02-02,166.3754,93.5818,100.4099,44.0804,30.938,99.0732,122.42,68.208,72.8267
2015-02-03,168.7814,94.4811,102.2072,44.7847,31.5222,96.9762,121.05,68.1518,72.8426
2015-02-04,168.1387,94.3985,101.8288,44.4148,31.3664,97.1419,121.58,68.1598,72.8267
2015-02-05,169.8361,95.2152,103.1446,45.0266,31.5534,96.0754,121.79,68.1357,72.8267
2015-02-06,169.3664,94.6371,103.0328,44.4646,31.0159,94.3747,118.64,67.9751,72.8267
2015-02-09,168.6084,94.3343,102.2158,44.2511,30.9692,94.2233,119.17,67.967,72.8107
2015-02-10,170.4046,95.8025,102.8694,44.6567,30.8913,93.4738,118.47,67.951,72.8267
2015-02-11,170.5034,96.1512,102.7232,44.4148,30.6654,93.6468,117.07,67.959,72.8107
2015-02-12,172.1432,97.2707,103.8928,45.1049,31.3197,93.337,117.34,67.983,72.8107
2015-02-13,172.8517,98.1058,104.5119,45.4037,31.678,92.3786,117.98,67.983,72.8267
2015-02-17,173.1237,98.1975,104.8387,45.5104,31.6079,90.9877,116.01,67.951,72.8267
2015-02-18,173.1402,98.3352,104.9505,45.7807,31.6001,91.5281,116.34,68.0313,72.8267
2015-02-19,173.0166,98.8215,104.9591,45.8376,31.4677,90.9229,115.94,67.9911,72.8267
2015-02-20,174.0548,99.4822,105.2429,46.2645,31.678,91.1895,115.28,67.983,72.8107
2015-02-23,174.03,99.5832,105.3461,46.1009,31.3587,92.2344,115.43,68.0152,72.8267
2015-02-24,174.5244,99.6566,105.4837,46.3854,31.8104,93.4451,115.26,68.0715,72.8107
2015-02-25,174.3762,99.4088,105.6041,46.421,31.7481,93.8486,115.7,68.0715,72.8267
2015-02-26,174.1702,99.9135,105.9911,46.2929,31.7559,92.5659,116.07,68.0072,72.8107
2015-02-27,173.5768,99.4731,105.4149,46.3143,31.7325,93.3442,116.16,68.0313,72.8267
2015-03-02,174.6728,100.3724,106.1803,46.3854,31.6858,91.6055,115.68,67.9758,72.8107
2015-03-03,173.9559,99.9044,105.5525,46.1009,31.4443,91.2734,115.47,67.9598,72.8267
2015-03-04,173.2226,99.519,105.2257,45.9159,31.1016,91.3023,115.11,67.9758,72.8267
2015-03-05,173.4121,99.6933,105.5353,46.0226,31.0549,91.1867,115.0,68.0,72.8267
2015-03-06,170.9731,98.5647,104.2023,45.3966,30.5798,89.1722,111.86,67.9276,72.8107
2015-03-09,171.6818,98.8491,104.6581,45.4677,30.4629,89.9954,111.97,67.9598,72.8267
2015-03-10,168.8968,97.0138,103.4542,44.4788,29.7853,91.1795,111.42,67.9758,72.8267
2015-03-11,168.5012,96.454,104.0905,44.5926,30.0112,91.8438,110.75,67.9758,72.8267
2015-03-12,170.6436,97.0872,105.8191,45.1475,30.1981,91.7788,110.72,67.9919,72.8107
2015-03-13,169.5971,96.6651,105.4407,44.8843,29.832,91.4972,110.88,68.0,72.8267
2015-03-16,171.863,97.9131,106.0599,45.3894,30.1903,92.3781,110.81,68.008,72.8267
2015-03-17,171.3522,98.0691,106.3436,45.2756,30.5408,93.1434,110.21,67.9919,72.8267
2015-03-18,173.4121,99.0326,107.195,46.2432,31.2886,94.9413,112.37,68.1526,72.8267
2015-03-19,172.6211,99.1794,107.4014,45.7025,30.7589,94.4576,112.29,68.0642,72.8267
2015-03-20,174.1447,99.8214,108.3474,46.7127,31.2184,94.9557,113.57,68.1125,72.8267
2015-03-23,173.8054,99.6283,108.2528,46.9475,31.3119,94.8403,114.29,68.1365,72.8107
2015-03-24,172.8289,99.2696,108.227,46.8479,31.4366,95.7572,114.57,68.1607,72.8267
2015-03-25,170.2962,96.9977,105.6418,46.6273,30.938,94.9485,114.73,68.1445,72.8107
2015-03-26,169.8907,96.6666,105.5124,46.2218,30.6498,93.4684,115.48,68.1125,72.8107
2015-03-27,170.2796,97.0529,106.1852,46.3428,30.7355,94.6308,115.06,68.1526,72.8107
2015-03-30,172.3571,98.1658,107.6258,46.3712,31.3275,94.1615,113.75,68.1445,72.7948
2015-03-31,170.8508,97.1266,107.2807,45.6527,31.2574,94.3637,113.66,68.2009,72.8267
2015-04-01,170.2465,96.6207,107.3239,45.9799,31.6468,95.6032,115.6,68.2305,72.7948
2015-04-02,170.859,96.6851,107.5223,46.3783,32.122,94.5902,115.28,68.2225,72.8107
2015-04-06,172.0094,97.476,107.9967,46.8479,32.5348,94.0619,116.69,68.2788,72.8107
2015-04-07,171.5542,97.3105,107.3066,46.7838,32.3712,94.8507,116.11,68.2305,72.8267
2015-04-08,172.1336,98.0831,108.2296,46.983,33.0489,94.8796,115.47,68.2305,72.8267
2015-04-09,172.8951,98.6993,107.8414,47.0471,33.376,93.6495,114.67,68.2065,72.8107
2015-04-10,173.8385,99.104,108.3589,47.1396,33.3994,93.787,115.97,68.1904,72.8107
2015-04-13,173.0522,98.8557,108.428,46.8407,33.2047,93.9173,115.14,68.2305,72.7948
2015-04-14,173.3833,98.5705,108.4021,47.1894,33.3526,94.5829,114.44,68.2628,72.8107
2015-04-15,174.1613,99.1868,109.1612,47.4028,33.5863,94.5033,115.43,68.2628,72.7948
2015-04-16,174.1117,99.0488,109.1008,47.5308,33.8512,94.033,115.03,68.2949,72.8107
2015-04-17,172.1087,97.5036,107.3325,46.9332,33.2592,95.1112,115.6,68.2628,72.7948
2015-04-20,173.6813,98.966,108.3848,46.983,33.228,94.2718,114.72,68.2547,72.7948
2015-04-21,173.4743,99.3891,108.2727,47.4028,33.4227,93.8449,115.38,68.2628,72.8107
2015-04-22,174.3268,99.9318,108.4366,47.4953,33.781,92.4123,113.83,68.2065,72.7948
2015-04-23,174.7655,100.3089,108.9283,47.6731,34.0303,92.8102,114.66,68.2386,72.7948
2015-04-24,175.1711,101.6701,108.566,47.9506,34.1549,93.3891,113.05,68.2628,72.7948
2015-04-27,174.4427,101.4126,107.367,48.1854,34.2873,93.3891,115.33,68.2547,72.8107
2015-04-28,174.9972,101.2103,107.9622,48.2423,34.3419,92.1011,116.33,68.2225,72.8107
2015-04-29,174.2772,100.5756,106.7891,47.8225,33.9135,90.9724,115.51,68.2305,72.8107
2015-04-30,172.5309,98.9936,104.5291,47.3174,33.3994,91.1316,113.47,68.2225,72.8107
2015-05-01,174.4013,100.2997,105.2105,47.8439,33.6019,89.9048,113.08,68.1943,72.7948
2015-05-04,174.898,100.4652,105.59,47.7941,33.7966,89.0565,114.1,68.1943,72.8107
2015-05-05,172.8951,98.8281,104.2444,47.0826,33.4305,88.9333,114.42,68.1783,72.8107
2015-05-06,172.1833,98.1475,104.6067,47.2036,33.0177,87.4106,114.36,68.1542,72.8107
2015-05-07,172.8702,98.7361,105.0035,47.0471,32.971,88.5852,113.42,68.1301,72.7948
2015-05-08,175.1462,99.9686,105.7884,48.1356,33.3916,88.8245,113.97,68.2266,72.8107
2015-05-11,174.3103,99.5823,105.8488,47.7158,33.0722,86.6639,113.53,68.1622,72.7948
2015-05-12,173.7889,99.1316,105.659,47.6874,32.9632,86.8887,114.5,68.1703,72.8107
2015-05-13,173.822,99.334,105.659,48.0431,33.0255,86.1926,116.55,68.2024,72.8107
2015-05-14,175.6346,100.7872,106.7804,48.6193,33.3526,86.4247,117.18,68.2668,72.7948
2015-05-15,175.8249,100.7872,106.6597,48.6762,33.6097,88.1574,117.53,68.2668,72.7948
2015-05-18,176.3711,101.2286,107.8673,48.5126,33.267,86.6784,117.52,68.2266,72.7948
2015-05-19,176.3132,101.1183,107.7206,48.3276,33.3215,85.9099,115.89,68.1864,72.7948
2015-05-20,176.1891,101.1826,107.919,48.4201,33.2981,86.0549,116.08,68.2105,72.7948
2015-05-21,176.7022,101.7069,107.7983,48.6762,33.1813,87.2584,115.69,68.2346,72.8107
2015-05-22,176.2801,101.6057,107.3325,48.3632,33.2903,87.2947,115.6,68.1864,72.8107
2015-05-26,174.3847,100.4377,106.306,47.4953,32.7607,88.7883,113.91,68.1943,72.8107
2015-05-27,176.0401,102.0564,107.6085,47.9577,32.7685,88.9912,113.89,68.2024,72.8107
2015-05-28,175.8415,101.8265,107.5136,47.8723,32.3401,88.7738,114.02,68.2346,72.7948
2015-05-29,174.7489,101.2195,106.8667,47.4099,32.0285,88.9695,114.1,68.2507,72.7948
2015-06-01,175.1049,101.5598,107.2031,47.2818,31.9039,88.0133,114.0,68.2081,72.7948
2015-06-02,174.9311,101.2379,107.4101,47.5024,32.0285,86.7854,114.46,68.2,72.8107
2015-06-03,175.3945,101.5414,108.4797,47.7656,31.8649,85.3903,113.64,68.1758,72.8107
2015-06-04,173.913,100.7688,107.3929,47.2534,31.382,86.502,112.84,68.1839,72.7948
2015-06-05,173.6151,100.5297,108.1692,46.6913,31.2418,85.4484,112.24,68.1195,72.7948
2015-06-08,172.5474,99.5087,107.6689,46.6273,31.234,85.3539,112.57,68.1598,72.7789
2015-06-09,172.5226,99.3431,107.3411,46.3712,31.0471,84.6782,112.82,68.1276,72.7789
2015-06-10,174.5917,100.7044,108.6781,47.3459,31.4989,83.9371,113.78,68.1115,72.7948
2015-06-11,175.1545,100.8516,108.9542,47.4739,31.3431,85.7028,113.26,68.1276,72.8107
2015-06-12,173.8137,100.0238,108.6264,47.0969,31.3431,85.7028,113.23,68.1115,72.7948
2015-06-15,173.0689,99.5271,108.2813,46.8123,30.9926,85.8408,113.73,68.1437,72.8107
2015-06-16,174.0123,100.0697,109.049,46.7981,31.0004,86.5165,113.32,68.1679,72.7789
2015-06-17,174.2937,100.3457,108.8852,46.6913,31.1873,85.8481,113.85,68.2161,72.8107
2015-06-18,176.1063,101.8081,110.3429,47.1111,31.4755,85.4266,115.32,68.2321,72.7789
2015-06-19,175.3245,101.3048,110.2912,46.9973,31.2029,86.5238,115.12,68.2482,72.7789
2015-06-22,176.2227,102.0515,111.0502,47.8866,31.6546,84.7581,113.64,68.2,72.7948
2015-06-23,176.3475,102.1344,111.2831,48.0146,31.9662,84.2495,112.89,68.1839,72.7789
2015-06-24,175.0667,101.609,110.3429,47.602,31.7403,84.9761,112.59,68.2161,72.7789
2015-06-25,174.5344,101.4062,110.2825,47.581,31.6312,84.6782,112.44,68.2,72.7948
2015-06-26,174.5012,100.7332,109.9806,47.5593,31.3331,83.7264,112.56,68.1598,72.7789
2015-06-29,170.8418,98.3548,107.2031,46.0979,30.6347,85.9425,113.07,68.2724,72.7948
2015-06-30,171.1994,98.705,107.7034,45.9316,31.0898,85.3467,112.37,68.2724,72.7948
2015-07-01,172.5717,99.4887,108.0226,46.2282,31.0663,84.1947,111.98,68.2144,72.7948
2015-07-02,172.4137,99.5163,107.2247,46.286,31.2154,84.4714,111.76,68.3191,72.7948
2015-07-06,171.923,99.2859,107.1901,45.3528,30.3443,86.037,112.06,68.3352,72.7948
2015-07-07,173.0042,99.5348,107.3113,45.3673,29.8892,86.8453,110.76,68.3271,72.7789
2015-07-08,170.1016,97.8016,105.6742,44.311,28.8612,87.5954,111.09,68.3996,72.7789
2015-07-09,170.4094,97.7463,106.0553,45.0417,29.4184,85.8695,111.36,68.3513,72.7789
2015-07-10,172.5551,99.2398,107.5279,46.5175,30.1639,84.5078,111.49,68.2869,72.7789
2015-07-13,174.4595,100.9821,108.7407,46.6912,30.3679,84.2457,110.99,68.2547,72.7789
2015-07-14,175.2164,101.6459,109.3471,47.0818,30.4228,84.5224,110.74,68.2869,72.7948
2015-07-15,175.1582,101.7565,108.7667,46.9082,30.0775,85.4181,110.16,68.311,72.7789
2015-07-16,176.5637,103.1946,109.4163,47.3133,30.4542,86.0079,109.76,68.2788,72.7789
2015-07-17,176.7135,104.7157,108.9399,47.2337,30.415,86.4521,108.65,68.2627,72.7948
2015-07-20,176.8048,105.0752,108.3509,47.3567,30.2188,86.088,105.7,68.2225,72.7789
2015-07-21,176.1063,105.0107,107.8398,47.2193,30.2266,86.5541,105.37,68.2305,72.7948
2015-07-22,175.7902,103.8215,108.2382,46.8576,29.7951,87.0929,104.8,68.2225,72.7789
2015-07-23,174.8006,103.4343,107.0428,46.7346,29.5047,88.1779,104.33,68.2305,72.7789
2015-07-24,172.9875,102.4202,105.319,46.2209,29.081,88.3964,105.35,68.2466,72.7948
2015-07-27,171.9813,101.5721,104.4441,45.8809,28.5317,88.8697,104.86,68.2949,72.7789
2015-07-28,174.0936,102.4479,105.3363,46.4597,28.822,88.2216,105.02,68.2788,72.7789
2015-07-29,175.2912,102.8351,105.6309,46.6261,29.1045,87.8939,105.17,68.2627,72.7948
2015-07-30,175.3329,103.3236,105.934,46.5899,28.8142,88.5712,104.27,68.2305,72.7948
2015-07-31,175.0667,103.2038,106.5144,46.8648,29.1281,89.2266,104.93,68.303,72.7948
2015-08-03,174.4762,102.8812,105.986,46.7418,28.6415,90.1658,104.1,68.3255,72.7948
2015-08-04,174.1352,102.6876,105.7348,46.778,28.7436,89.4506,104.31,68.2208,72.7789
2015-08-05,174.7091,103.4804,105.9773,47.0239,28.7514,88.7792,103.93,68.2289,72.7789
2015-08-06,173.2786,101.821,104.548,46.8286,28.5003,89.5674,104.39,68.245,72.7789
2015-08-07,172.9459,101.6919,103.8464,46.7418,28.4846,90.7423,104.65,68.2128,72.7789
2015-08-10,175.1249,102.8535,105.0418,47.3133,28.9633,89.6184,105.72,68.2128,72.7948
2015-08-11,173.5447,101.5352,104.1409,46.5899,28.3277,91.0416,106.26,68.3014,72.7789
2015-08-12,173.7527,101.8855,103.9416,46.2571,27.8882,90.5453,107.75,68.3014,72.7789
2015-08-13,173.5364,101.7196,103.5951,46.2282,27.8411,90.2534,106.86,68.245,72.7789
2015-08-14,174.1685,101.8763,104.2622,46.3005,27.8804,90.465,106.85,68.2128,72.763
2015-08-17,175.1415,102.7244,105.3623,46.2137,27.5743,90.8737,107.13,68.2531,72.763
2015-08-18,174.6342,102.199,104.522,45.8664,27.2762,90.1585,107.11,68.245,72.7789
2015-08-19,173.2536,101.526,103.4392,45.4613,26.9387,91.0489,108.55,68.3094,72.7948
2015-08-20,169.6359,98.7143,100.8231,44.3617,26.515,91.9683,110.44,68.2853,72.7789
2015-08-21,164.5294,94.3999,99.645,43.3488,25.6989,92.2457,111.13,68.3578,72.7789
2015-08-24,157.6016,90.7677,95.7556,41.8513,24.5768,92.2165,110.53,68.39,72.7789
2015-08-25,155.747,90.4267,95.0192,42.2492,24.8907,90.735,109.16,68.3578,72.7789
2015-08-26,161.7267,94.9807,97.4361,43.2476,25.7146,88.9836,107.67,68.3175,72.7948
2015-08-27,165.7271,97.3868,99.1772,43.7757,26.8524,89.0346,107.73,68.3255,72.7789
2015-08-28,165.7353,97.3684,100.1561,43.7106,26.5072,89.2973,108.7,68.2933,72.7948
2015-08-31,164.3963,96.1607,99.7923,43.385,26.5542,88.6113,108.82,68.2691,72.7948
2015-09-01,159.4895,93.1554,96.9336,41.9309,25.5263,89.2498,109.2,68.2933,72.7948
2015-09-02,162.5168,95.7827,98.6748,42.5531,25.8951,88.4818,108.62,68.3094,72.7789
2015-09-03,162.6332,95.3126,98.5189,42.6543,25.9971,88.9134,107.84,68.3094,72.7948
2015-09-04,160.1715,94.1787,97.7739,41.6777,25.2202,89.7252,107.49,68.3175,72.7789
2015-09-08,164.1967,96.8337,100.0088,42.9003,26.0206,88.4014,107.52,68.2933,72.7789
2015-09-09,162.0011,95.7459,98.8567,42.7267,25.8872,88.8256,106.13,68.2772,72.7789
2015-09-10,162.8827,96.7876,99.3072,43.0088,26.154,88.2259,106.38,68.3014,72.763
2015-09-11,163.6229,97.3222,99.775,43.0016,26.2561,88.7818,106.16,68.3256,72.7789
2015-09-14,163.0158,97.0273,99.3158,42.6761,26.2168,88.9207,106.22,68.3094,72.7789
2015-09-15,165.0534,98.1704,100.4333,42.9654,26.4679,87.2166,105.9,68.2128,72.763
2015-09-16,166.4839,98.7235,101.2996,43.6238,27.1114,86.8874,107.31,68.2047,72.763
2015-09-17,166.1096,98.7604,101.6461,43.6455,27.0486,87.948,108.41,68.3578,72.763
2015-09-18,163.3951,97.3557,100.2427,42.5531,26.5464,89.301,109.21,68.39,72.763
2015-09-21,164.2395,97.6607,100.0609,42.5313,26.4993,87.8456,108.53,68.3498,72.7789
2015-09-22,162.1077,96.2006,98.5449,41.5185,26.0049,89.067,107.79,68.39,72.7789
2015-09-23,161.8485,96.2745,98.2503,41.3232,25.5891,89.0597,108.22,68.3658,72.763
2015-09-24,161.2633,95.9233,98.0858,41.2075,25.4792,89.6667,110.49,68.4061,72.763
2015-09-25,161.2215,95.1101,96.7948,41.5692,25.4243,88.8914,109.81,68.3739,72.763
2015-09-28,157.1753,92.4025,94.0844,40.7517,24.8828,90.4127,108.42,68.4223,72.7789
2015-09-29,157.2673,91.9219,93.4155,40.6938,25.0005,90.6687,107.98,68.4545,72.7789
2015-09-30,160.2016,94.0381,94.8662,41.4679,25.7225,90.3542,106.86,68.4706,72.763
2015-10-01,160.6197,94.4632,94.7012,41.5981,25.8637,90.7397,106.73,68.4706,72.7789
2015-10-02,163.0189,96.1174,96.1085,42.3071,26.5542,91.2894,108.99,68.5673,72.7789
2015-10-05,165.9199,97.4944,98.402,43.1463,27.1271,90.0508,108.77,68.519,72.763
2015-10-06,165.3514,97.0323,97.7244,43.1969,27.08,90.4392,109.86,68.5109,72.763
2015-10-07,166.7057,97.6145,99.4532,43.7395,27.8019,90.1387,109.7,68.4948,72.763
2015-10-08,168.2105,98.0026,100.348,44.0868,28.1001,89.3839,109.14,68.4786,72.763
2015-10-09,168.3108,98.4462,100.5478,44.1664,28.2021,89.6184,110.87,68.4786,72.763
2015-10-12,168.4696,98.6865,100.4001,44.0795,27.9902,90.3,111.31,68.4625,72.763
2015-10-13,167.4079,98.0488,99.0275,43.5225,27.5351,90.4539,111.86,68.4867,72.763
2015-10-14,166.6054,97.8917,98.0545,43.6093,27.747,91.2454,113.81,68.5834,72.763
2015-10-15,169.1635,99.4997,100.4001,44.3544,28.4218,90.7983,113.29,68.5431,72.763
2015-10-16,169.9326,99.9155,100.2698,44.3183,28.4454,90.8277,112.49,68.5109,72.763
2015-10-19,170.0162,100.4885,100.4609,44.1664,28.155,90.5785,112.02,68.535,72.763
2015-10-20,169.7989,99.971,100.3219,43.9855,28.1472,90.0215,112.73,68.4948,72.747
2015-10-21,168.7455,99.3611,98.7929,43.9638,27.7391,90.9156,111.73,68.519,72.763
2015-10-22,171.5962,101.3849,99.6617,44.4557,28.312,91.0695,111.69,68.5431,72.763
2015-10-23,173.4772,104.2219,100.6433,44.897,28.4767,90.2926,111.5,68.4867,72.763
2015-10-26,173.0509,104.2866,99.957,44.7306,28.2178,90.8936,111.43,68.4867,72.747
2015-10-27,172.7165,104.4991,98.8624,44.34,27.8961,91.1208,111.68,68.5109,72.747
2015-10-28,174.681,105.3678,101.7467,44.6293,27.5743,90.7544,110.78,68.4222,72.747
2015-10-29,174.5808,105.2015,100.6607,44.3038,27.3154,89.3106,109.72,68.3739,72.747
2015-10-30,173.8283,104.7302,100.2003,44.2098,27.3625,89.9848,109.3,68.3739,72.747
2015-11-02,175.8849,105.9131,102.2852,44.6293,27.9039,89.5713,108.59,68.3344,72.747
2015-11-03,176.3948,106.2827,102.8152,44.6149,28.2727,88.8368,106.98,68.3263,72.763
2015-11-04,175.8598,106.2919,102.7631,44.3689,28.0452,88.9396,105.97,68.2537,72.747
2015-11-05,175.6842,106.0055,102.8412,44.2893,28.0922,88.7046,105.64,68.2537,72.747
2015-11-06,175.5923,106.0794,103.571,44.0868,27.6999,87.4045,104.1,68.1892,72.747
2015-11-09,173.9538,104.952,102.3548,43.631,27.0094,86.9125,104.4,68.1731,72.763
2015-11-10,174.3551,104.684,102.6588,43.6021,26.8917,87.1695,104.18,68.2053,72.747
2015-11-11,173.6695,104.5546,101.764,43.8263,26.9466,86.9859,103.83,68.1892,72.763
2015-11-12,171.2451,103.5381,99.818,43.2548,26.6876,87.4045,103.85,68.2134,72.763
2015-11-13,169.3223,101.505,99.097,42.8931,26.3188,87.904,103.56,68.2698,72.747
2015-11-16,171.8972,102.9651,99.9483,43.4357,26.8289,87.8232,103.71,68.2698,72.763
2015-11-17,171.7717,103.0298,99.5661,43.5514,26.7504,87.9701,102.34,68.2456,72.747
2015-11-18,174.4971,105.0074,101.2515,43.9493,27.0407,88.1538,102.43,68.2214,72.747
2015-11-19,174.3466,105.0814,100.8258,44.1736,27.284,88.7413,103.56,68.2053,72.763
2015-11-20,174.982,105.793,101.4773,44.0723,27.5587,88.4696,103.09,68.2053,72.747
2015-11-23,174.7814,105.488,101.9812,43.7974,27.2997,88.7413,102.26,68.1972,72.763
2015-11-24,175.0154,105.3956,102.7283,43.8046,27.441,88.734,102.94,68.1972,72.747
2015-11-25,174.9904,105.488,103.5275,43.9059,27.2291,88.9396,102.46,68.2053,72.747
2015-11-27,175.191,105.6358,103.9185,43.9131,26.6327,88.8515,101.25,68.2214,72.763
2015-11-30,174.4637,105.3678,103.4668,43.877,26.6719,89.2041,101.92,68.1972,72.763
2015-12-01,176.1273,106.4213,104.1531,44.34,26.876,90.409,102.28,68.2385,72.747
2015-12-02,174.33,105.7652,103.0324,43.8697,26.5542,90.4384,100.69,68.182,72.747
2015-12-03,171.8888,103.9724,101.2949,43.6599,26.4051,87.98,101.76,68.182,72.763
2015-12-04,175.2412,106.4028,102.32,44.0144,26.5856,88.7529,104.02,68.1981,72.763
2015-12-07,174.1795,105.9223,100.7824,43.7323,26.1462,89.6141,102.67,68.19,72.763
2015-12-08,173.009,105.9315,100.2263,43.0884,25.8559,89.6582,102.84,68.182,72.747
2015-12-09,171.6631,104.3236,99.1056,42.8931,25.644,89.5625,102.64,68.2061,72.7311
2015-12-10,172.1062,104.7949,99.4358,42.9003,25.4713,89.6803,102.55,68.1658,72.747
2015-12-11,168.7706,102.3829,97.2205,42.0828,24.7573,91.0935,103.11,68.2465,72.763
2015-12-14,169.6233,103.1592,96.5255,42.1479,25.1575,89.9158,101.79,68.1658,72.763
2015-12-15,171.4039,103.7876,97.9155,42.3577,25.542,89.3858,101.52,68.1577,72.747
2015-12-16,173.9119,105.3309,99.4097,43.2114,26.0442,89.1945,102.75,68.1012,72.763
2015-12-17,171.2618,103.7968,98.3499,42.6616,25.7068,90.2029,100.5,68.1012,72.747
2015-12-18,168.2108,101.8058,96.8469,42.213,25.6204,90.7034,102.04,68.19,72.763
2015-12-21,169.5984,102.9366,97.5767,42.4086,25.8205,90.6813,103.15,68.182,72.747
2015-12-22,171.1374,103.6133,98.4715,42.7297,26.0277,90.0262,102.61,68.1658,72.747
2015-12-23,173.2567,104.3826,99.7138,43.4449,26.3943,89.3491,102.31,68.1416,72.747
2015-12-24,172.9707,104.3641,99.9023,43.372,26.2986,89.8609,103.05,68.1683,72.763
2015-12-28,172.5755,104.3085,99.4398,43.2698,26.1153,90.1265,102.27,68.1278,72.747
2015-12-29,174.4172,105.9492,100.513,43.7004,26.1392,88.6292,102.2,68.1117,72.747
2015-12-30,173.1809,104.9944,99.5009,43.4376,25.7328,88.5406,101.42,68.1278,72.763
2015-12-31,171.4485,103.6875,98.2619,42.8538,25.6531,88.9389,101.46,68.0956,72.747
2016-01-04,169.0518,101.4999,95.9847,42.197,24.9518,89.5806,102.89,68.1844,72.763
2016-01-05,169.3377,101.3237,96.1941,42.1313,25.0076,89.2192,103.18,68.144,72.763
2016-01-06,167.2016,100.3504,94.7283,41.438,24.5294,90.4215,104.67,68.1844,72.7311
2016-01-07,163.1902,97.2082,92.198,40.5768,23.7724,90.5838,106.15,68.2086,72.747
2016-01-08,161.3989,96.411,90.61,40.0879,23.5174,90.9895,105.68,68.257,72.747
2016-01-11,161.5588,96.7076,90.2174,40.2557,23.5094,89.9938,104.74,68.2812,72.747
2016-01-12,162.8622,97.8292,90.4879,40.4455,23.5572,91.2919,104.21,68.2893,72.763
2016-01-13,158.8003,94.4551,87.5824,39.8178,23.3101,92.1917,104.72,68.3297,72.747
2016-01-14,161.4073,96.4666,88.7952,40.3287,23.613,91.3288,103.02,68.3458,72.7311
2016-01-15,157.9426,93.4726,87.3556,38.8691,22.6806,92.7523,104.08,68.4023,72.7311
2016-01-19,158.1528,93.6765,86.1777,39.2267,23.0153,92.4647,103.98,68.3942,72.747
2016-01-20,156.126,93.3892,86.5354,38.3363,22.5132,93.4383,105.37,68.4427,72.747
2016-01-21,157.0007,93.4818,86.3347,38.621,22.6009,92.8039,105.49,68.4346,72.763
2016-01-22,160.2216,96.1885,88.4462,39.7595,23.3739,92.4499,105.0,68.4104,72.7311
2016-01-25,157.7996,94.761,86.483,39.2267,22.9754,92.9515,106.08,68.4104,72.747
2016-01-26,159.9525,95.6138,88.2106,39.9273,23.3101,92.9957,107.29,68.4427,72.7311
2016-01-27,158.2117,93.2316,86.9978,39.6719,23.2305,92.9736,107.69,68.4589,72.747
2016-01-28,159.0358,94.5478,86.9804,39.7887,23.597,93.1064,106.54,68.4589,72.747
2016-01-29,162.9127,96.5222,89.8335,40.4893,24.3621,93.8956,106.95,68.5395,72.763
2016-02-01,162.8538,96.7818,89.4234,40.4455,24.131,93.6081,108.05,68.5032,72.7311
2016-02-02,159.9189,94.6869,87.4952,39.504,23.35,95.3447,108.09,68.592,72.7311
2016-02-03,160.8775,94.2327,87.6086,39.8324,24.0114,94.554,109.25,68.6082,72.747
2016-02-04,161.1298,94.2234,87.9489,39.8835,24.1947,95.0122,110.57,68.6243,72.763
2016-02-05,158.0603,90.9513,85.5408,39.2705,23.9158,95.123,112.32,68.6082,72.763
2016-02-08,155.9326,89.5609,84.136,38.5407,23.5891,97.1701,113.83,68.6889,72.747
2016-02-09,155.9411,89.2828,83.5689,38.0955,23.2623,97.2735,113.58,68.6647,72.763
2016-02-10,155.8065,89.6258,83.6125,38.0517,23.358,98.1307,114.46,68.6647,72.747
2016-02-11,153.7798,89.496,82.7051,37.4971,22.9675,98.818,119.06,68.7293,72.763
2016-02-12,156.9502,90.8586,84.2756,38.1539,23.3659,97.1774,118.36,68.6485,72.747
2016-02-16,159.5993,92.9072,86.2737,38.9275,23.8839,96.1503,114.77,68.6082,72.747
2016-02-17,162.2063,95.0113,87.6261,39.5989,24.3541,95.5591,115.48,68.6243,72.747
2016-02-18,161.5419,93.9268,87.2072,39.3946,24.2107,96.7341,118.29,68.6809,72.763
2016-02-19,161.4662,94.2048,87.6435,39.3508,24.0991,96.8153,117.58,68.6163,72.763
2016-02-22,163.8041,95.7343,88.6208,39.796,24.6968,96.7636,115.49,68.6243,72.763
2016-02-23,161.7354,94.1585,87.8093,39.1464,24.1708,97.1553,117.22,68.6324,72.747
2016-02-24,162.4754,95.0576,88.6556,39.0078,24.115,96.9631,117.61,68.6485,72.763
2016-02-25,164.4433,95.9938,89.4671,39.4748,24.1947,97.3105,117.92,68.6647,72.747
2016-02-26,164.0648,95.8734,90.0342,39.3727,23.9557,96.3719,117.11,68.5758,72.747
2016-02-29,162.7781,95.0113,89.6329,39.1391,24.1629,96.7931,118.64,68.6163,72.763
2016-03-01,166.6046,98.0609,91.561,40.1608,25.0235,95.0888,117.77,68.525,72.763
2016-03-02,167.353,98.098,92.5034,40.4382,25.3583,95.4812,118.68,68.5169,72.747
2016-03-03,168.009,97.9126,93.4719,40.8323,25.6451,95.8292,120.73,68.5411,72.763
2016-03-04,168.5556,97.9497,93.9866,41.1315,26.1552,95.2146,120.54,68.4926,72.763
2016-03-07,168.6902,97.3472,95.0075,41.0804,26.1153,95.185,121.14,68.4441,72.763
2016-03-08,166.8484,96.5407,92.7128,40.679,25.6691,96.2364,120.58,68.4926,72.747
2016-03-09,167.6726,97.1618,93.1839,40.8323,25.8284,95.6515,119.58,68.4684,72.763
2016-03-10,167.8071,97.0135,92.4249,40.7666,25.8683,95.2591,121.5,68.4604,72.763
2016-03-11,170.515,98.7098,94.4054,41.8321,26.4102,94.2966,119.41,68.3957,72.747
2016-03-14,170.2964,98.8766,94.1611,41.7445,26.2508,94.5927,117.87,68.3957,72.747
2016-03-15,170.0189,98.8395,92.6953,41.3504,25.8763,94.6815,117.96,68.4198,72.747
2016-03-16,171.0028,99.7201,93.3497,41.7153,26.3943,94.9629,120.59,68.5573,72.763
2016-03-17,172.0877,99.6645,94.7806,42.0364,26.976,95.3553,120.13,68.5492,72.747
2016-03-18,172.7639,99.8207,95.6357,41.9635,27.1195,95.5552,119.8,68.5653,72.747
2016-03-21,173.009,100.2112,95.4088,41.8978,27.1753,94.8223,118.96,68.5573,72.763
2016-03-22,172.9161,100.518,95.2954,41.8248,27.1115,94.8,119.31,68.5169,72.763
2016-03-23,171.7749,99.6906,93.5338,41.4015,26.6493,95.8736,116.61,68.5573,72.747
2016-03-24,171.6988,99.7184,93.8138,41.1242,26.5855,95.9106,116.33,68.525,72.763
2016-03-28,171.8002,99.579,93.9276,41.3723,26.6732,96.0365,116.6,68.5411,72.763
2016-03-29,173.3894,101.1781,96.5355,41.8175,27.0398,97.0434,118.76,68.6704,72.763
2016-03-30,174.1502,101.6708,96.5442,42.1313,27.3187,96.0217,117.1,68.6785,72.763
2016-03-31,173.7276,101.522,96.8155,41.7153,27.2948,96.7029,117.64,68.7108,72.763
2016-04-01,174.911,102.6005,97.2443,41.2701,27.2151,96.9551,116.93,68.6712,72.763
2016-04-04,174.3447,102.21,96.4304,41.1826,26.8884,97.0144,116.15,68.7197,72.763
2016-04-05,172.6033,101.2246,95.3365,40.3725,26.3624,98.0753,117.66,68.7439,72.7789
2016-04-06,174.4883,102.8887,96.4129,41.0293,26.6812,97.3632,116.94,68.7197,72.7789
2016-04-07,172.4004,101.4105,95.109,40.4309,26.1472,98.5651,118.61,68.7602,72.763
2016-04-08,172.8653,101.3361,95.4853,41.2045,26.6015,97.9418,118.43,68.7602,72.7789
2016-04-11,172.4596,100.9643,95.1878,41.2264,26.9441,97.8157,120.03,68.752,72.763
2016-04-12,174.0656,101.8102,96.2117,41.8394,27.3585,97.1406,120.05,68.7359,72.763
2016-04-13,175.8239,103.1118,98.2857,42.5035,27.8447,97.4819,118.77,68.7035,72.7789
2016-04-14,175.8324,103.1211,98.1632,42.6422,27.7092,97.0144,117.11,68.7035,72.7789
2016-04-15,175.6379,102.8608,98.4082,42.5473,27.5498,97.8454,117.92,68.752,72.763
2016-04-18,176.8721,103.4093,99.1521,42.9122,27.6773,97.4225,117.74,68.7439,72.7789
2016-04-19,177.43,102.7771,99.2308,43.6566,28.0997,97.1183,119.58,68.7197,72.7789
2016-04-20,177.5991,102.8608,99.3796,43.6931,27.9722,96.0499,118.97,68.6712,72.7789
2016-04-21,176.6439,102.8701,98.8808,43.4303,27.6933,95.4787,119.42,68.655,72.763
2016-04-22,176.6439,101.3175,99.8609,43.4522,27.5259,95.2338,117.89,68.655,72.7789
2016-04-25,176.3396,101.3175,99.1521,43.2333,27.3506,94.8405,118.23,68.6388,72.763
2016-04-26,176.6016,100.8248,100.1235,43.3866,27.6454,94.4103,118.7,68.6227,72.7789
2016-04-27,176.9651,100.0159,100.4735,43.4157,27.8128,95.3526,119.04,68.6712,72.7789
2016-04-28,175.3589,98.8073,99.3271,42.8246,27.5259,95.7457,121.29,68.7116,72.7789
2016-04-29,174.4123,98.2867,98.4345,42.6422,27.4064,95.9906,123.65,68.7359,72.7948
2016-05-02,175.7986,99.2164,99.3096,43.0436,27.3346,95.0241,123.24,68.7108,72.7789
2016-05-03,174.2686,98.2961,97.6819,42.3356,26.5616,96.2211,122.96,68.7836,72.7948
2016-05-04,173.2964,97.6638,96.8767,41.8467,26.1313,96.7489,122.21,68.7755,72.7789
2016-05-05,173.2627,97.6359,96.4917,41.7591,26.1233,97.3956,122.07,68.7998,72.7789
2016-05-06,173.8966,98.1566,97.0605,41.8759,26.1632,96.9793,123.18,68.7836,72.7948
2016-05-09,174.0403,98.4355,97.3406,41.7883,25.8284,97.2842,120.65,68.816,72.7948
2016-05-10,176.2043,99.7835,98.3207,42.3867,26.3225,97.2915,120.98,68.8322,72.7948
2016-05-11,174.5559,98.8817,97.1043,42.0218,26.2588,97.8417,122.12,68.8079,72.763
2016-05-12,174.6067,98.4448,96.588,42.0072,26.1871,97.3956,121.16,68.7674,72.763
2016-05-13,173.0851,98.0822,95.9491,41.5766,25.7169,98.3398,121.71,68.7755,72.763
2016-05-16,174.7926,99.3094,97.1656,42.0729,26.0277,97.4923,121.8,68.7431,72.763
2016-05-17,173.1612,98.0636,95.6253,41.7664,25.9081,97.6558,122.22,68.7189,72.763
2016-05-18,173.2119,98.4169,96.1242,41.781,25.6531,96.2656,120.1,68.5976,72.7789
2016-05-19,172.6117,97.9056,95.354,41.4818,25.414,96.682,119.87,68.6137,72.763
2016-05-20,173.7022,98.984,96.9555,41.8248,25.6691,96.7563,119.71,68.638,72.7789
2016-05-23,173.4655,98.8539,96.8417,41.6861,25.6212,96.9719,119.37,68.6299,72.7948
2016-05-24,175.714,100.8341,98.8371,42.2919,25.8842,96.5407,117.3,68.5813,72.763
2016-05-25,176.9059,101.5592,99.4146,42.737,26.195,96.1764,116.98,68.6218,72.7789
2016-05-26,176.9566,101.8567,99.3009,42.8538,26.3704,96.6745,116.58,68.6622,72.7789
2016-05-27,177.7174,102.3866,100.2897,42.81,26.3624,96.5333,115.62,68.6218,72.7948
2016-05-31,177.3793,102.5819,100.6398,42.6057,26.3943,96.7637,116.06,68.6542,72.7948
2016-06-01,177.7428,102.5912,101.3224,42.5692,26.3783,97.1563,115.94,68.6064,72.7948
2016-06-02,178.2838,102.805,102.1013,42.5692,26.5935,97.8566,115.67,68.6631,72.7789
2016-06-03,177.7513,102.3216,101.4887,42.8465,26.9999,99.2496,118.88,68.7764,72.7948
2016-06-06,178.6557,102.6935,102.5826,43.0873,27.2868,98.5121,118.92,68.7602,72.8107
2016-06-07,178.9346,102.4332,102.8801,43.4012,27.5339,98.7505,118.82,68.7764,72.8107
2016-06-08,179.5179,102.6098,103.6415,43.4887,27.7331,99.2795,120.58,68.7926,72.8107
2016-06-09,179.2728,102.4424,102.9764,42.956,27.4143,99.9201,121.25,68.8088,72.7789
2016-06-10,177.5737,101.2803,101.5762,41.708,26.721,100.4043,121.74,68.8493,72.7789
2016-06-13,176.2043,100.4343,100.4735,41.1023,26.3464,100.8513,122.64,68.8654,72.7789
2016-06-14,175.8578,100.4343,100.1847,40.4455,26.2588,100.7768,122.77,68.8736,72.7789
2016-06-15,175.6126,100.1461,100.2548,40.7155,26.5377,101.1642,123.68,68.9545,72.7789
2016-06-16,176.1367,100.4436,100.246,40.8031,26.4421,101.6559,122.38,68.914,72.7948
2016-06-17,175.4807,99.2663,99.8172,41.2045,26.5138,101.0226,123.95,68.9221,72.7789
2016-06-20,176.6108,99.8909,100.9023,42.2262,26.984,99.9424,123.21,68.8816,72.7948
2016-06-21,177.1122,100.2078,100.7098,42.5692,27.1912,99.4806,120.84,68.833,72.7948
2016-06-22,176.8233,99.9654,100.316,42.5431,27.2603,99.6445,120.9,68.8573,72.7948
2016-06-23,179.1259,101.3916,102.2325,43.7199,27.9189,98.5047,120.11,68.833,72.7948
2016-06-24,172.6937,97.2155,98.347,39.9661,26.2241,101.1493,126.0,68.995,72.7789
2016-06-27,169.6008,95.2859,95.1177,39.199,25.8868,103.6747,126.68,69.0354,72.7789
2016-06-28,172.6597,97.374,96.588,40.2268,26.6498,103.8907,125.32,69.0597,72.7789
2016-06-29,175.5997,99.0985,98.7845,40.9641,27.3245,103.0936,125.84,69.0354,72.7789
2016-06-30,177.9958,100.2451,100.6223,41.5749,27.5976,103.4735,126.47,69.0678,72.7789
2016-07-01,178.3697,100.7484,100.9811,41.5749,27.8627,104.9102,128.41,69.0921,72.8107
2016-07-05,177.0867,100.1332,99.4934,40.7705,27.2683,106.2237,129.47,69.1245,72.8107
2016-07-06,178.1488,100.9535,100.2158,40.696,27.196,106.3953,130.23,69.0921,72.7948
2016-07-07,178.0383,101.2518,100.427,40.5321,27.1237,106.3879,129.74,69.0597,72.8107
2016-07-08,180.6894,102.8179,102.7676,41.1503,27.7101,107.1714,130.52,69.0597,72.7948
2016-07-11,181.3267,103.4051,103.9556,41.7536,27.9751,106.2312,129.29,68.9868,72.8107
2016-07-12,182.6437,103.9271,105.3458,42.3197,28.3687,104.4848,127.15,68.9625,72.7789
2016-07-13,182.6182,103.6754,104.9323,42.275,28.3205,105.7162,128.32,68.9787,72.7948
2016-07-14,183.6379,104.3839,105.0379,42.6399,28.7301,104.1787,127.33,68.9382,72.8107
2016-07-15,183.3914,104.2161,105.3283,42.4239,28.6658,103.2832,126.84,68.9058,72.7948
2016-07-18,183.8843,104.9059,105.5043,42.5282,28.9229,103.1862,127.04,68.9463,72.7948
2016-07-19,183.6973,104.5237,104.9763,42.1931,28.6257,103.7683,127.21,68.9545,72.8107
2016-07-20,184.4621,105.7448,105.6626,42.5729,28.7703,103.2011,125.39,68.9221,72.8107
2016-07-21,183.7653,105.5025,105.161,42.4016,28.6819,103.4101,127.3,68.9706,72.8107
2016-07-22,184.5895,105.9406,105.9442,42.4835,28.8907,103.5892,126.35,68.9463,72.8107
2016-07-25,184.0882,105.9499,105.7858,42.4314,28.6016,103.5145,125.47,68.8977,72.7948
2016-07-26,184.1732,106.0711,106.2962,42.6101,28.8265,103.6788,126.0,68.9058,72.7948
2016-07-27,183.9778,106.8075,106.5953,42.7666,28.9229,104.9698,128.03,68.9545,72.8107
2016-07-28,184.1902,107.1803,106.3226,42.7219,28.9309,104.7759,127.66,68.9463,72.7948
2016-07-29,184.4875,107.4134,106.5338,43.2283,29.0835,105.649,128.98,69.0354,72.8107
2016-08-01,184.3347,107.982,106.6217,42.9453,29.0273,104.5035,129.22,69.0119,72.7948
2016-08-02,183.1535,107.1617,105.1347,42.7293,28.8185,103.4269,130.27,68.9876,72.8107
2016-08-03,183.6889,107.5159,105.9882,42.5804,28.9148,103.4867,129.65,68.9957,72.7948
2016-08-04,183.8843,107.8235,106.085,42.8261,29.0755,104.2643,129.87,69.0443,72.7948
2016-08-05,185.3882,108.8582,107.6161,43.0198,29.4128,103.1802,127.55,68.9471,72.7948
2016-08-08,185.2778,108.7371,107.5633,43.1092,29.6216,103.3746,127.44,68.9228,72.7948
2016-08-09,185.3882,108.9888,107.6777,43.4518,29.8224,104.3914,127.96,68.9633,72.7948
2016-08-10,184.9294,108.7091,106.9033,43.6007,29.8305,104.7952,128.56,68.9957,72.7948
2016-08-11,185.7876,109.1752,107.4137,43.9135,30.216,103.8606,127.67,68.9308,72.7948
2016-08-12,185.6262,109.2498,107.5193,43.8018,30.1035,104.7354,127.4,68.9795,72.7948
2016-08-15,186.1614,109.7158,108.584,43.9731,30.4168,103.7484,127.84,68.9633,72.7948
2016-08-16,185.2014,109.11,107.7041,43.9061,30.2803,103.4718,128.47,68.939,72.7948
2016-08-17,185.5497,109.3057,107.3873,43.8912,30.0875,104.0924,128.5,68.939,72.7948
2016-08-18,185.9661,109.3337,108.1792,44.1146,30.3686,104.2568,129.11,68.9876,72.8107
2016-08-19,185.6941,109.3057,108.1792,43.7869,30.1999,103.711,127.97,68.9228,72.7948
2016-08-22,185.6856,109.3896,108.4256,43.8316,29.7983,104.5858,127.78,68.9308,72.7948
2016-08-23,186.0596,109.5853,109.1824,44.0178,29.6779,104.698,127.76,68.939,72.7948
2016-08-24,185.1078,108.8769,108.2936,43.9135,29.7582,104.4512,126.34,68.9228,72.8107
2016-08-25,184.9804,108.6998,108.5048,43.7348,29.7823,104.055,126.23,68.8985,72.7948
2016-08-26,184.632,108.8582,108.2848,43.4741,29.5253,103.4494,126.05,68.8336,72.7948
2016-08-29,185.5412,109.0074,108.848,43.6082,29.7502,104.8326,126.3,68.8742,72.8107
2016-08-30,185.2353,108.6532,109.0504,43.5486,29.6698,104.4288,125.03,68.8822,72.8107
2016-08-31,184.7085,108.5413,108.4344,43.4592,29.3405,104.5784,124.78,68.8742,72.8107
2016-09-01,184.717,108.821,108.5136,43.7571,29.5654,104.6937,125.29,68.9066,72.8107
2016-09-02,185.5497,109.1752,109.5607,44.2636,30.0473,103.8398,126.57,68.9066,72.8267
2016-09-06,186.1105,109.8557,109.6663,44.5615,30.6899,104.5963,128.71,68.9552,72.8267
2016-09-07,186.0936,109.9209,110.3527,44.5839,30.5935,104.5214,128.27,68.9552,72.8107
2016-09-08,185.6686,109.2777,110.1327,44.4573,30.5132,103.2106,127.59,68.9066,72.8107
2016-09-09,181.2247,106.5278,106.6921,43.5933,29.4851,101.5103,126.75,68.8822,72.8267
2016-09-12,183.8248,108.4388,108.1792,43.9508,29.6859,101.5627,126.59,68.9066,72.7948
2016-09-13,181.1822,107.4694,106.1026,43.0645,28.9389,100.4092,125.75,68.8822,72.8107
2016-09-14,181.1143,107.982,106.1202,43.0049,29.0273,100.559,126.18,68.9228,72.8107
2016-09-15,182.9241,109.6599,107.3873,43.3773,29.5253,100.1245,125.37,68.9796,72.8107
2016-09-16,182.217,109.6076,107.2289,42.8187,29.3245,100.9335,125.06,68.9471,72.8107
2016-09-19,182.2511,109.131,107.9416,43.0421,29.5574,100.6039,125.32,68.9309,72.8107
2016-09-20,182.2596,109.3366,107.4841,43.3028,29.5734,100.956,125.44,68.9147,72.8107
2016-09-21,184.3093,110.4113,109.0416,44.0625,30.4007,101.7724,127.27,68.9309,72.8107
2016-09-22,185.4707,111.2897,110.6078,44.5094,30.6176,102.5814,127.57,68.9147,72.8267
2016-09-23,184.4545,110.5795,109.8247,44.137,30.224,102.484,127.65,68.9552,72.8267
2016-09-26,182.96,109.6543,108.7341,43.7274,29.7823,103.1357,127.55,68.9958,72.8267
2016-09-27,184.0958,110.7384,109.1753,43.9359,30.208,103.8922,126.62,69.0039,72.8107
2016-09-28,185.0095,110.9253,110.0135,44.2487,30.4811,103.6675,126.22,68.9958,72.8107
2016-09-29,183.3357,110.1216,108.4076,43.6976,29.951,103.9297,126.07,69.0201,72.8107
2016-09-30,184.7192,110.9439,109.5988,44.0402,30.0795,103.0008,125.64,68.9634,72.8267
2016-10-03,184.2751,110.7851,109.2547,43.921,30.2883,102.661,125.32,68.9545,72.8107
2016-10-04,183.3357,110.6169,108.7165,43.9135,29.951,101.4603,120.97,68.8976,72.8267
2016-10-05,184.147,111.0093,109.3694,44.0923,30.3847,100.9875,120.78,68.857,72.8267
2016-10-06,184.2751,110.9533,109.2547,43.854,30.4088,100.4248,119.66,68.857,72.8267
2016-10-07,183.6431,110.7103,108.3812,43.6305,30.2722,100.4923,119.74,68.8814,72.8267
2016-10-10,184.5996,111.4112,109.6783,43.7571,30.6015,99.8995,120.16,68.849,72.8267
2016-10-11,182.2683,109.8225,107.6752,43.139,29.8947,99.6744,119.55,68.8408,72.8107
2016-10-12,182.5073,109.7291,107.587,43.0421,29.8385,99.7719,119.74,68.8408,72.8267
2016-10-13,181.9095,109.3366,106.6958,42.8783,29.5734,100.1471,120.03,68.8652,72.8107
2016-10-14,182.0035,109.4674,106.2635,42.9528,29.6216,98.7439,119.36,68.849,72.8107
2016-10-17,181.3715,109.1684,106.14,42.8261,29.5895,99.3742,119.68,68.9057,72.8107
2016-10-18,182.5073,110.1403,106.7488,43.2507,30.1116,99.6968,120.42,68.9301,72.8107
2016-10-19,182.9941,110.1309,107.1988,43.3698,30.2963,99.7794,121.11,68.9301,72.8267
2016-10-20,182.6526,110.0001,106.8811,43.4369,30.208,99.8845,120.74,68.8976,72.8107
2016-10-21,182.7379,110.4113,106.8282,43.34,30.1999,100.0346,120.83,68.9138,72.8107
2016-10-24,183.515,111.7383,107.5076,43.3326,30.3284,99.5993,120.56,68.8895,72.8107
2016-10-25,182.9002,111.3831,106.7047,43.3028,30.3606,99.8619,121.47,68.8895,72.8107
2016-10-26,182.533,110.6262,105.6458,43.1092,30.0393,99.1866,120.79,68.8652,72.8267
2016-10-27,182.0462,110.1216,104.437,43.057,29.7823,98.1061,121.01,68.8814,72.8107
2016-10-28,181.5082,109.43,104.1458,43.0421,29.6618,97.8884,121.58,68.8814,72.8267
2016-10-31,181.5167,109.3272,104.5605,43.0645,29.8305,98.4888,121.94,68.9301,72.8426
2016-11-01,180.2016,108.5049,103.2811,42.8783,29.5895,98.4963,122.73,68.9309,72.8267
2016-11-02,179.117,107.6358,101.9663,42.5878,29.2361,98.9248,123.64,68.9715,72.8426
2016-11-03,178.2972,106.5798,101.4722,42.5431,29.1558,98.1655,124.3,68.9796,72.8267
2016-11-04,178.1008,106.206,102.1252,42.1335,28.8586,99.0451,124.39,69.004,72.8426
2016-11-07,182.0291,108.7292,104.6223,42.7144,29.9028,98.2031,122.15,68.9796,72.8267
2016-11-08,182.8489,109.4394,104.8958,42.8336,30.0955,97.8046,121.64,68.9065,72.8426
2016-11-09,184.7875,109.944,108.1253,42.8708,29.1156,93.6545,121.56,68.8172,72.8107
2016-11-10,185.2487,108.1685,109.8547,42.7517,28.2883,92.2712,119.75,68.7929,72.8107
2016-11-11,184.8217,108.2152,112.3783,42.491,27.7502,91.7524,117.1,68.7929,72.7789
2016-11-14,184.9669,107.1218,113.9577,42.2601,27.5494,91.2036,116.11,68.6873,72.8107
2016-11-15,186.4101,108.6077,114.3107,42.4463,28.1036,91.6547,117.12,68.7116,72.8267
2016-11-16,186.06,109.2525,114.3018,41.9994,27.8707,92.4817,116.77,68.7036,72.8267
2016-11-17,187.0165,110.0468,114.9725,42.3197,27.9108,91.1209,116.17,68.6955,72.8426
2016-11-18,186.598,109.6356,115.5813,41.8579,27.7823,90.8577,115.15,68.6549,72.8267
2016-11-21,188.0071,110.7757,116.1195,42.2154,28.0554,91.0834,115.58,68.6467,72.8107
2016-11-22,188.3743,111.1121,117.1784,42.3197,28.4811,91.0533,115.54,68.6305,72.8107
2016-11-23,188.4768,110.6636,117.9107,42.1707,28.1759,90.6999,113.25,68.5899,72.8107
2016-11-25,189.1771,111.0187,118.299,42.2973,28.3124,90.8352,112.61,68.5817,72.8267
2016-11-28,188.2889,110.7663,116.7636,42.0739,28.4249,91.5043,113.8,68.6224,72.8107
2016-11-29,188.6561,111.1495,116.7019,42.342,28.4651,91.8878,113.27,68.6305,72.8107
2016-11-30,188.2035,109.8038,116.1284,42.2973,28.5132,90.3991,111.75,68.6062,72.8107
2016-12-01,187.5117,107.9068,115.5636,42.1335,28.1759,89.4447,111.54,68.5736,72.8442
2016-12-02,187.6057,108.1217,115.5019,42.2377,28.208,90.1001,112.14,68.6468,72.8282
2016-12-05,188.733,108.9628,117.4872,42.6548,28.441,90.0022,111.54,68.6468,72.8282
2016-12-06,189.3308,109.2244,118.7578,42.9453,28.5936,89.9343,111.43,68.6305,72.8442
2016-12-07,191.8074,110.6075,119.9137,43.5858,29.0755,90.7028,111.83,68.6549,72.8442
2016-12-08,192.2771,110.8037,121.8019,43.5486,29.204,89.633,111.57,68.6468,72.8442
2016-12-09,193.4385,111.6728,122.0402,43.7348,29.0514,88.518,110.4,68.6386,72.8442
2016-12-12,193.2165,111.1682,120.752,43.5411,28.8586,88.6838,110.82,68.6143,72.8282
2016-12-13,194.506,112.57,120.7608,44.0104,29.1799,89.0002,110.45,68.6062,72.8442
2016-12-14,192.9005,112.3363,119.2519,43.3624,28.3124,88.0058,108.83,68.4762,72.8442
2016-12-15,193.6947,112.5139,120.1431,43.2656,28.3606,88.4502,107.34,68.4437,72.8442
2016-12-16,193.3159,112.0968,119.9226,43.2954,28.2321,88.2469,108.05,68.4762,72.8282
2016-12-19,193.7368,112.5561,120.7078,43.2283,28.0394,89.1961,108.59,68.5087,72.8442
2016-12-20,194.4841,112.9872,121.7314,43.3773,28.1357,88.7516,107.79,68.5168,72.8282
2016-12-21,193.943,112.9028,120.9372,43.3893,28.0188,89.1433,107.85,68.5492,72.8442
2016-12-22,193.6079,112.5842,119.8944,43.2915,27.6857,88.9839,107.59,68.5663,72.8282
2016-12-23,193.8914,112.6592,120.5324,43.4044,27.8482,89.1652,107.93,68.5663,72.8282
2016-12-27,194.3725,113.2403,121.0728,43.3517,27.97,88.8782,108.56,68.5338,72.8442
2016-12-28,192.7661,112.3592,119.8324,43.1862,28.1812,89.5278,108.86,68.5582,72.8426
2016-12-29,192.7232,112.1999,119.9387,43.2915,28.6443,89.845,110.29,68.6313,72.8585
2016-12-30,192.0188,111.0471,119.478,43.442,28.4412,89.981,109.61,68.6558,72.8267
2017-01-03,193.4877,112.0406,120.0716,43.7129,28.7824,90.3662,110.47,68.5989,72.8585
2017-01-04,194.6387,112.6498,122.074,44.2096,29.0017,90.7136,110.86,68.6151,72.8585
2017-01-05,194.4841,113.2871,120.6652,44.5858,29.3186,92.1336,112.58,68.6639,72.8426
2017-01-06,195.18,114.2806,120.2222,44.4353,29.1967,91.2877,111.75,68.607,72.8585
2017-01-09,194.5357,114.6555,119.4337,44.3676,29.1723,92.0203,112.67,68.6639,72.8585
2017-01-10,194.5357,114.9086,120.5767,44.3751,29.3429,91.9599,113.15,68.6395,72.8426
2017-01-11,195.0855,115.2179,120.7893,44.6084,29.6922,92.2696,113.5,68.672,72.8585
2017-01-12,194.5958,115.0398,119.859,44.6761,29.8222,92.0656,113.91,68.6964,72.8585
2017-01-13,195.0425,115.4335,120.7272,44.8417,29.7979,91.6276,114.21,68.6639,72.8585
2017-01-17,194.3553,115.0867,119.0882,44.6761,29.7816,92.5869,115.85,68.7127,72.8585
2017-01-18,194.7849,115.321,119.478,44.5482,29.6191,91.401,114.87,68.6476,72.8426
2017-01-19,194.0633,115.2648,118.5034,44.4353,29.5298,90.7741,114.77,68.6232,72.8426
2017-01-20,194.7763,115.5178,119.1147,44.6912,29.5866,90.5928,115.05,68.6639,72.8585
2017-01-23,194.2694,115.6115,118.6186,44.804,30.0253,91.4992,115.79,68.7289,72.8426
2017-01-24,195.515,116.3895,120.4349,44.9169,30.2122,90.8722,115.27,68.6882,72.8426
2017-01-25,197.2073,117.561,121.569,45.3835,30.5452,89.7317,114.32,68.672,72.8585
2017-01-26,197.0011,117.6829,121.0817,45.2029,30.4153,90.0338,113.26,68.6801,72.8745
2017-01-27,196.6918,117.9079,120.6652,45.1276,30.4396,90.3586,113.49,68.7127,72.8426
2017-01-30,195.4721,116.9893,118.9818,44.804,30.2772,90.0867,113.97,68.7127,72.8745
2017-01-31,195.4549,116.755,119.8147,44.8718,30.334,90.7136,115.55,68.7289,72.8585
2017-02-01,195.5321,117.561,119.7438,45.0524,30.3503,90.1527,115.2,68.7053,72.8633
2017-02-02,195.661,117.458,119.4426,45.0749,30.4803,90.1149,115.84,68.7297,72.8633
2017-02-03,197.0097,117.7954,121.2677,45.2555,30.6671,90.077,116.13,68.7053,72.8474
2017-02-06,196.6574,117.936,120.3552,44.932,30.594,90.6221,117.7,68.7786,72.8793
2017-02-07,196.6661,118.3671,119.8235,44.8868,30.4396,91.2882,117.46,68.7622,72.8793
2017-02-08,196.9238,118.5639,119.6109,44.9621,30.6265,92.5295,118.19,68.8274,72.8793
2017-02-09,198.0921,118.9951,121.2943,45.1502,30.7646,91.4622,117.29,68.7704,72.8793
2017-02-10,198.8737,119.3887,122.2158,45.2555,31.0489,91.4093,117.6,68.7622,72.8633
2017-02-13,199.9562,120.0635,122.5347,45.4361,31.1464,91.1216,116.8,68.746,72.8633
2017-02-14,200.7551,120.4665,122.9423,45.3684,31.1789,90.4631,116.93,68.6972,72.8793
2017-02-15,201.8031,121.1789,123.6777,45.5415,31.4307,90.0468,117.45,68.6728,72.8633
2017-02-16,201.6313,121.1414,123.3321,45.6468,31.317,90.5388,118.08,68.7053,72.8633
2017-02-17,201.9491,121.6662,123.2524,45.5264,31.187,91.0762,117.68,68.7541,72.8793
2017-02-21,203.1518,122.2661,124.2181,45.6769,31.5282,90.9173,117.75,68.7622,72.8633
2017-02-22,202.9714,122.313,123.6688,45.6769,31.6257,91.0686,117.91,68.7786,72.8633
2017-02-23,203.1089,121.8538,122.9334,45.7748,31.6338,91.3411,118.94,68.8111,72.8633
2017-02-24,203.3665,122.0881,122.8448,45.4437,31.2601,92.3555,119.7,68.8437,72.8633
2017-02-27,203.6844,122.238,124.0409,45.4738,31.1626,91.8104,119.12,68.7867,72.8633
2017-02-28,203.1346,121.8631,122.1272,45.406,30.8621,92.1511,119.23,68.7541,72.8952
2017-03-01,205.978,123.194,124.3599,45.8801,31.3414,90.607,119.06,68.7004,72.8665
2017-03-02,204.6808,122.5754,122.9334,45.5791,30.789,90.2809,117.58,68.6271,72.8665
2017-03-03,204.8096,122.8004,122.8448,45.85,31.0245,90.5159,117.51,68.6434,72.8824
2017-03-06,204.1998,122.5285,122.0031,45.707,31.0408,90.0837,116.72,68.6597,72.8984
2017-03-07,203.5899,122.3224,121.2057,45.549,31.0733,89.8106,115.78,68.6353,72.8665
2017-03-08,203.2118,122.5379,120.4083,45.3835,30.7808,89.3253,115.06,68.5783,72.8665
2017-03-09,203.4696,122.6317,119.9298,45.5565,30.5371,88.6123,114.47,68.5702,72.8665
2017-03-10,204.1826,123.1471,120.4615,45.9403,30.8783,88.9233,114.72,68.6109,72.8824
2017-03-13,204.2857,123.3534,120.745,46.1811,31.3089,88.3621,114.74,68.5783,72.8665
2017-03-14,203.504,123.0534,120.1691,45.8274,31.1301,88.7868,114.12,68.5702,72.8665
2017-03-15,205.265,123.8126,122.0297,46.4821,31.9425,89.8713,116.25,68.7004,72.8824
2017-03-16,204.8612,123.7283,122.1891,46.7079,32.1375,89.4163,116.73,68.6516,72.8984
2017-03-17,204.5014,123.6851,122.6765,46.8283,32.0806,89.9775,116.99,68.6842,72.8984
2017-03-20,204.2772,123.7978,122.1449,46.7304,32.4543,90.3643,117.51,68.7248,72.8824
2017-03-21,201.6543,121.9193,118.6983,46.5197,32.0969,91.1151,118.54,68.7574,72.8984
2017-03-22,202.1288,122.7458,118.7249,46.5273,32.2512,91.4791,118.83,68.7736,72.8984
2017-03-23,201.9131,122.4359,119.416,46.6326,32.2594,91.3502,118.67,68.7736,72.8824
2017-03-24,201.7665,122.6895,119.5022,46.7606,32.3406,91.6763,118.86,68.7736,72.8984
2017-03-27,201.5594,122.8867,119.7243,46.8809,32.2512,92.0935,119.53,68.7981,72.8984
2017-03-28,203.0261,123.6381,120.6573,47.1067,32.3406,91.4791,119.04,68.7655,72.8984
2017-03-29,203.2159,124.211,121.0483,47.1067,32.3975,92.0252,119.33,68.8062,72.8984
2017-03-30,203.863,124.4176,121.9634,46.9412,32.2268,91.282,118.47,68.79,72.8984
2017-03-31,203.3885,124.3331,122.159,46.8734,31.9994,91.5474,118.72,68.7981,72.8824
2017-04-03,203.0347,124.258,120.8705,46.8057,32.1781,92.4708,119.35,68.8616,72.8888
2017-04-04,203.1642,124.4552,120.7284,46.7906,32.1944,91.9692,119.62,68.8372,72.8888
2017-04-05,202.5602,123.948,119.36,46.5423,32.0969,92.2504,119.62,68.8372,72.8888
2017-04-06,203.1297,124.0137,120.4707,46.5499,32.04,92.1136,119.18,68.8534,72.8888
2017-04-07,202.9226,123.948,120.4174,46.5197,31.9831,91.7412,119.46,68.7639,72.8888
2017-04-10,203.0434,123.995,120.6839,46.4671,31.8532,92.1668,119.46,68.7965,72.8888
2017-04-11,202.8018,123.4596,121.6436,46.6853,31.7801,93.0408,121.19,68.8616,72.9048
2017-04-12,201.9131,122.9618,119.9909,46.6477,31.9344,93.55,122.02,68.9105,72.8888
2017-04-13,200.6017,122.4735,118.818,46.3467,31.7963,93.8388,122.6,68.9431,72.9048
2017-04-17,202.379,123.4878,120.213,46.6326,32.1294,93.55,122.24,68.935,72.9048
2017-04-18,201.7751,123.3,120.2397,46.4219,31.7232,94.7736,122.82,68.992,72.9207
2017-04-19,201.4041,123.4972,120.6573,46.2338,31.5282,94.2569,121.73,68.9594,72.9207
2017-04-20,203.0434,124.5303,122.1945,46.6025,31.9182,93.892,121.96,68.9512,72.9207
2017-04-21,202.3963,124.5022,121.919,46.6326,31.9182,93.892,122.31,68.9838,72.9207
2017-04-24,204.6222,126.0049,123.4385,47.8141,32.3731,93.4285,121.48,68.9105,72.9048
2017-04-25,205.8129,126.916,124.6381,48.1527,32.6574,92.3036,120.25,68.8453,72.9048
2017-04-26,205.6834,126.7375,125.2778,48.0172,32.5355,92.8128,120.84,68.8698,72.9207
2017-04-27,205.856,127.4983,125.2422,48.0624,32.4949,92.7824,120.39,68.8942,72.9048
2017-04-28,205.4073,127.7237,123.5629,48.0097,32.5437,92.9876,120.77,68.9268,72.9367
2017-05-01,205.925,128.8601,124.2737,48.2054,32.7305,92.2146,119.67,68.8795,72.9319
2017-05-02,206.0027,129.0761,123.6428,48.4537,32.9661,92.6868,119.65,68.9039,72.9159
2017-05-03,205.7525,128.6629,122.8787,48.3559,32.7468,92.7477,117.98,68.855,72.9159
2017-05-04,205.994,128.7099,122.7098,48.8149,32.3812,92.2908,116.79,68.8469,72.9319
2017-05-05,206.8051,129.1795,123.5006,49.3567,32.6493,92.3745,117.01,68.8713,72.9159
2017-05-08,206.7705,129.4612,122.9853,48.9879,32.6412,91.8719,116.75,68.8388,72.9319
2017-05-09,206.5807,129.912,122.932,48.8676,33.0555,91.8642,116.05,68.8061,72.9319
2017-05-10,206.9517,129.9872,123.6962,48.9428,33.2748,91.7576,116.04,68.8224,72.9478
2017-05-11,206.5289,129.8838,122.8343,48.8224,33.3479,91.7576,116.5,68.8306,72.9478
2017-05-12,206.1838,130.1751,122.1856,49.0933,33.486,92.4507,116.83,68.9121,72.9319
2017-05-15,207.3226,130.5883,123.1364,49.3416,33.8272,92.1993,117.14,68.9039,72.9478
2017-05-16,207.1329,131.133,123.1808,49.6577,33.8597,92.5421,117.65,68.9039,72.9478
2017-05-17,203.4575,127.7988,119.8576,49.0933,33.2829,93.8901,119.79,68.9773,72.9638
2017-05-18,204.2772,128.9165,120.293,49.1761,32.7305,93.9967,118.81,68.9447,72.9638
2017-05-19,205.6058,129.4612,120.8705,49.748,33.4292,94.2176,119.4,68.961,72.9478
2017-05-22,206.6497,130.5507,121.688,49.8082,33.4617,93.9587,119.9,68.9366,72.9638
2017-05-23,207.107,130.6822,122.0878,49.8157,33.4942,93.3265,119.14,68.9121,72.9638
2017-05-24,207.5901,131.2833,122.1679,49.8458,33.6241,93.852,119.61,68.9529,72.9478
2017-05-25,208.5823,132.401,122.2478,49.8458,33.7866,93.8825,119.48,68.9529,72.9638
2017-05-26,208.5392,132.6357,122.2123,49.7028,33.9085,94.0424,120.54,68.9447,72.9797
2017-05-30,208.358,132.7484,121.2526,49.6502,33.7297,94.507,120.14,68.9692,72.9478
2017-05-31,208.3062,132.7015,121.1282,49.7104,33.4698,94.7431,120.62,68.9773,72.9478
2017-06-01,209.9627,133.218,123.4651,50.0339,33.7541,94.753,120.72,68.9643,72.975
2017-06-02,210.6616,134.7396,124.2648,50.5833,33.9247,95.875,121.61,69.0132,72.959
2017-06-05,210.5063,134.7114,123.4918,50.3048,33.8841,95.2796,121.73,68.9561,72.975
2017-06-06,209.8333,134.1761,123.3763,50.1619,33.9003,95.7986,123.1,68.9806,72.959
2017-06-07,210.2216,134.702,123.4918,50.1769,33.8597,95.3407,122.45,68.9561,72.9909
2017-06-08,210.3251,134.8429,125.1801,50.0866,34.0628,95.0889,121.65,68.9398,72.975
2017-06-09,210.0059,131.4712,125.8287,49.8985,33.8029,94.9438,120.54,68.9153,72.9909
2017-06-12,209.9627,130.7667,125.6244,49.7104,33.6241,94.9133,120.36,68.9072,72.975
2017-06-13,210.9895,131.828,126.2641,50.0941,33.7866,94.9286,120.48,68.9072,72.9909
2017-06-14,210.722,131.2551,125.5177,50.0565,33.7785,96.3939,119.82,68.9398,72.975
2017-06-15,210.3165,130.6728,124.878,49.5373,33.4292,96.2413,119.32,68.9153,72.975
2017-06-16,210.3624,130.1059,124.5669,49.9587,33.486,96.4321,119.34,68.948,73.0069
2017-06-19,212.1137,132.2814,125.4911,50.1619,33.8191,96.2947,118.43,68.9072,72.9909
2017-06-20,210.6832,131.2454,124.2204,49.7581,33.4453,97.1571,118.18,68.9153,72.9909
2017-06-21,210.6312,132.5451,123.9094,49.6969,33.5188,97.3556,118.52,68.9235,73.0069
2017-06-22,210.5358,132.5074,124.3804,49.6893,33.6902,97.5693,118.92,68.9317,73.0229
2017-06-23,210.7873,133.016,125.2067,49.8116,33.8697,97.5235,119.43,68.9725,73.0069
2017-06-26,210.926,132.3944,125.3578,49.8958,34.1962,97.8898,118.36,68.9725,72.9909
2017-06-27,209.2267,129.9929,124.2559,49.8881,33.7963,96.8442,118.81,68.9317,72.9909
2017-06-28,211.0994,131.867,126.1575,50.324,34.0574,96.5237,118.9,68.9643,73.0229
2017-06-29,209.2441,129.5784,125.4111,49.8269,33.6249,95.7147,118.32,68.9235,73.0069
2017-06-30,209.6342,129.6256,125.2156,49.8575,33.7799,95.4934,118.02,68.9235,73.0229
2017-07-03,209.9896,128.26,126.2641,49.7963,33.9758,95.1859,116.09,68.872,73.0308
2017-07-05,210.4751,129.522,125.8109,49.7963,33.9105,95.2089,116.52,68.8966,73.0149
2017-07-06,208.5504,128.3541,124.168,49.5746,33.5024,94.4211,116.47,68.9129,73.0308
2017-07-07,209.903,129.7386,125.3728,49.5822,33.5677,93.8551,115.28,68.9047,73.0308
2017-07-10,210.1284,130.5862,124.8284,49.7046,33.886,93.9928,115.47,68.9374,73.0308
2017-07-11,209.9723,130.9534,125.1943,49.8193,34.1635,94.1534,115.62,68.9618,73.0308
2017-07-12,211.5502,132.5074,126.1581,50.2169,34.8246,94.8035,116.03,68.9945,73.0149
2017-07-13,211.9056,132.7993,126.2652,50.3622,34.996,94.207,115.82,68.9618,73.0149
2017-07-14,212.894,133.8447,126.4793,50.714,35.4367,94.3217,116.77,68.9945,73.0468
2017-07-17,212.868,133.9106,126.7738,50.6146,35.2735,94.5817,117.29,69.0027,73.0308
2017-07-18,212.9808,134.8053,126.4436,50.6604,35.3796,95.4077,118.11,69.019,73.0308
2017-07-19,214.1338,135.5964,127.7019,50.8822,35.6734,95.4459,118.08,69.019,73.0308
2017-07-20,214.2292,135.7753,127.7912,51.0887,35.6326,95.7213,118.24,69.019,73.0308
2017-07-21,214.0384,135.7188,127.2111,50.8898,35.6081,96.1266,119.26,69.0517,73.0308
2017-07-24,213.9864,136.3404,127.3895,50.7522,35.7142,95.7518,119.31,69.0272,73.0308
2017-07-25,214.5065,135.9919,128.5497,50.821,35.6244,94.5052,118.92,68.9864,73.0308
2017-07-26,214.5152,136.4345,127.8358,51.1345,35.9182,94.6582,119.88,69.0353,73.0468
2017-07-27,214.3159,135.5775,127.0237,51.0198,35.7223,94.1917,119.79,69.019,73.0628
2017-07-28,214.0644,135.4645,126.6846,51.0734,35.706,94.75,120.69,69.0598,73.0468
2017-07-31,213.943,134.8901,126.283,51.1804,35.7468,94.8646,120.75,69.0517,73.0468
2017-08-01,214.4199,135.2009,126.5239,51.4634,35.8529,95.5307,120.65,69.077,73.066
2017-08-02,214.5239,135.5681,125.1407,51.4863,35.8856,95.5844,120.4,69.0443,73.082
2017-08-03,214.1078,135.0407,124.5161,51.5169,35.7387,96.5731,120.59,69.0688,73.082
2017-08-04,214.4979,135.2856,125.1229,51.5857,35.8692,95.7531,119.65,69.0443,73.082
2017-08-07,214.8967,136.1426,125.3281,51.6086,36.1141,95.8603,119.51,69.0688,73.082
2017-08-08,214.3678,135.9072,124.9355,51.3334,36.1222,95.5154,119.86,69.0688,73.082
2017-08-09,214.3592,135.7282,123.8557,51.2493,35.7958,96.0366,121.31,69.0607,73.082
2017-08-10,211.3335,132.8181,121.6068,50.5228,34.947,96.8567,122.21,69.0852,73.082
2017-08-11,211.6456,133.8259,121.7854,50.431,35.0286,96.9026,122.79,69.1751,73.098
2017-08-14,213.7436,135.5492,123.6326,50.7981,35.3877,96.4045,121.92,69.1179,73.082
2017-08-15,213.7176,135.6435,122.6152,50.7598,35.4285,95.9983,120.98,69.0852,73.098
2017-08-16,214.0904,135.879,122.6509,51.0504,35.7958,96.3508,121.87,69.126,73.082
2017-08-17,210.7526,133.1007,120.411,50.4769,35.3388,97.0713,122.49,69.1424,73.098
2017-08-18,210.4231,133.0065,120.4021,50.6146,35.6407,97.0483,122.3,69.1342,73.082
2017-08-21,210.5878,132.837,120.3218,50.5993,35.7713,97.2859,122.76,69.1505,73.098
2017-08-22,212.7899,134.8618,121.6247,50.844,36.1712,96.9104,122.21,69.1424,73.114
2017-08-23,212.0271,134.3815,121.4284,50.8516,36.3426,97.5695,122.67,69.2077,73.114
2017-08-24,211.5329,133.986,121.8032,50.7369,36.4569,97.2093,122.29,69.1424,73.114
2017-08-25,212.0271,133.7034,122.1512,51.0428,36.6691,97.5848,122.74,69.1669,73.098
2017-08-28,212.0357,134.1178,122.6688,51.0428,36.5385,97.5235,124.69,69.1424,73.114
2017-08-29,212.2785,134.6452,122.6956,50.8363,36.4732,97.8377,124.42,69.1751,73.114
2017-08-30,213.2842,136.2273,123.4809,50.7675,36.5303,97.8071,124.36,69.1914,73.114
2017-08-31,214.5672,137.6871,124.6945,51.1575,36.5874,98.0984,125.82,69.1914,73.1299
2017-09-01,214.8707,137.4988,125.3995,51.2263,36.8568,97.3479,126.06,69.1767,73.1347
2017-09-05,213.3275,136.2651,124.1948,50.8822,36.3752,98.8917,127.46,69.2421,73.1027
2017-09-06,214.0558,136.6794,124.4536,51.1957,36.6119,98.285,126.81,69.2339,73.1347
2017-09-07,214.0298,136.9996,124.1413,51.6163,36.8813,99.2911,128.13,69.2748,73.1347
2017-09-08,213.7783,135.813,124.2394,51.6239,36.6364,99.076,127.97,69.2584,73.1188
2017-09-11,216.0585,137.3763,125.5424,52.0292,37.1261,97.8933,126.19,69.193,73.1188
2017-09-12,216.7867,137.706,126.3098,52.1898,37.0853,97.3787,126.56,69.1603,73.1508
2017-09-13,216.8908,137.8943,126.6846,51.9069,36.8894,96.9947,125.61,69.144,73.1508
2017-09-14,216.8214,137.0844,126.5686,51.9986,36.9874,97.3941,126.16,69.1521,73.1347
2017-09-15,217.1133,137.5553,127.0861,52.0445,37.2077,97.4325,125.53,69.144,73.1347
2017-09-18,217.575,137.375,127.9518,52.1133,37.3383,96.8718,124.36,69.1031,73.1347
2017-09-19,217.7929,137.6109,127.9518,52.358,37.4199,96.6338,124.62,69.1112,73.1667
2017-09-20,217.8713,137.1862,128.3623,52.2433,37.2485,96.7028,123.62,69.054,73.1667
2017-09-21,217.2876,136.3463,128.2284,52.1363,37.2485,96.6491,122.68,69.0376,73.1667
2017-09-22,217.3311,136.2141,128.7728,52.2969,37.0363,96.9256,123.24,69.054,73.1667
2017-09-25,216.8868,134.7795,128.9513,51.9986,36.4079,97.5323,124.53,69.0949,73.1667
2017-09-26,217.0174,135.1287,129.3618,51.8839,36.31,97.3557,123.14,69.0785,73.1667
2017-09-27,217.8626,136.3463,131.8935,51.9222,36.1794,95.8888,121.98,69.0703,73.1667
2017-09-28,218.1239,136.299,132.2423,52.0598,36.1549,95.6046,122.21,69.0785,73.1508
2017-09-29,218.8907,137.2806,132.5554,52.3657,36.5711,95.8196,121.58,69.0622,73.1827
2017-10-02,219.8404,137.4034,134.1835,52.3198,36.5793,95.6441,120.77,69.1138,73.1859
2017-10-03,220.3109,137.6959,134.4788,52.4957,37.1587,95.7365,120.83,69.0728,73.1859
2017-10-04,220.5723,137.828,134.0494,52.3963,37.1506,95.7442,121.17,69.2038,73.1699
2017-10-05,221.8792,139.1777,134.4161,52.3657,37.4281,95.3825,120.52,69.0565,73.1859
2017-10-06,221.6264,139.3665,134.2282,52.3274,37.2404,95.1131,121.09,69.0319,73.1699
2017-10-09,221.2606,139.2061,133.6736,52.3427,37.2159,95.4133,122.08,69.0319,73.1699
2017-10-10,221.8443,139.3099,134.0583,52.8398,37.5831,95.5671,122.4,69.0483,73.1699
2017-10-11,222.1929,139.7252,133.9599,52.9698,37.7545,95.7519,122.79,69.0401,73.1699
2017-10-12,221.8617,139.4703,133.8615,52.9239,37.7382,96.1597,122.89,69.0319,73.202
2017-10-13,222.1318,140.0083,133.62,53.1992,38.081,96.8524,123.82,69.0728,73.202
2017-10-16,222.4281,140.4897,133.5037,53.161,38.0565,96.7831,122.97,69.0073,73.1859
2017-10-17,222.5849,140.669,133.119,53.0233,37.8606,96.9063,122.13,69.0155,73.202
2017-10-18,222.8027,140.4991,133.7541,53.1763,37.9504,96.2675,121.67,68.991,73.202
2017-10-19,222.8637,139.98,133.5484,53.0921,37.6158,96.4369,122.39,69.0319,73.202
2017-10-20,224.0137,140.3575,134.1656,53.0233,37.7545,95.4133,121.61,68.991,73.2179
2017-10-23,223.1425,139.442,133.1637,52.9086,37.4526,95.5826,121.8,68.991,73.202
2017-10-24,223.5346,139.678,133.4411,52.9927,37.4526,94.9899,121.33,68.9746,73.234
2017-10-25,222.4281,139.1494,132.797,52.7863,37.3709,94.5359,121.35,68.9582,73.234
2017-10-26,222.7156,138.7058,133.0743,52.7786,37.1179,94.2204,120.33,68.9582,73.234
2017-10-27,224.5365,142.7454,133.9957,52.901,37.6566,94.8438,120.9,69.0073,73.234
2017-10-30,223.7001,143.0663,132.5823,53.0233,37.4199,95.7519,121.13,69.0401,73.2179
2017-10-31,224.0486,143.6043,133.5215,53.2451,37.7708,95.7827,120.67,68.9992,73.234
2017-11-01,224.3449,143.5572,132.6359,53.2986,37.9667,96.2092,121.11,68.9893,73.242
2017-11-02,224.432,143.2834,133.0296,53.4592,38.0157,96.6333,121.19,69.0057,73.2259
2017-11-03,225.1813,144.6613,132.9401,53.3751,37.8198,96.8955,120.62,68.9647,73.2259
2017-11-06,225.5298,145.1522,133.0922,53.4515,38.2442,97.258,121.65,69.0057,73.242
2017-11-07,225.373,145.2372,131.4999,53.2527,37.9994,97.6667,121.21,68.9729,73.242
2017-11-08,225.7563,145.8223,131.6788,53.4286,38.1789,97.4508,121.63,68.9647,73.242
2017-11-09,224.9374,145.0578,131.2136,53.1227,37.9422,97.1732,122.13,68.9566,73.2259
2017-11-10,224.8677,145.0483,131.1152,52.9774,37.779,95.7079,121.13,68.932,73.242
2017-11-13,225.0767,145.2277,131.151,52.7557,37.6974,95.9084,121.31,68.9238,73.242
2017-11-14,224.554,144.6992,130.7931,52.7175,37.4444,96.5562,121.56,68.9402,73.242
2017-11-15,223.4301,144.0196,130.2743,52.4651,37.2485,97.6051,121.41,68.9156,73.242
2017-11-16,225.3294,145.8601,132.1886,52.8857,38.0238,96.7567,121.4,68.9238,73.258
2017-11-17,224.6673,145.3032,132.797,52.6945,38.2116,97.474,122.86,68.8828,73.242
2017-11-20,225.0506,145.1899,133.7631,52.8092,38.4074,97.4354,121.31,68.8583,73.258
2017-11-21,226.523,146.7661,135.1586,53.2068,38.9216,97.7439,121.51,68.8419,73.274
2017-11-22,226.3227,146.9455,134.9796,53.3521,39.0195,98.0601,122.63,68.8992,73.274
2017-11-24,226.8454,147.4834,135.0334,53.788,38.9379,97.7902,122.32,68.8992,73.258
2017-11-27,226.7322,147.4174,134.6219,53.4668,38.3666,97.6513,122.83,68.8992,73.258
2017-11-28,229.0323,147.795,136.7419,53.7727,38.6523,97.7824,122.81,68.9074,73.29
2017-11-29,228.8929,145.2183,137.1982,53.5586,38.0402,96.8184,122.04,68.891,73.274
2017-11-30,230.8969,146.4358,137.4486,53.6121,37.6239,96.4945,121.1,68.8501,73.274
2017-12-01,230.4177,145.8129,136.8851,53.398,37.4117,97.7967,121.59,68.8656,73.2788
2017-12-04,230.1389,144.1329,136.3752,53.2068,37.4852,97.843,121.18,68.8246,73.2868
2017-12-05,229.3111,144.2272,135.0155,53.0921,37.4607,98.3299,120.32,68.8164,73.2948
2017-12-06,229.3547,144.8785,134.3803,52.9851,36.9547,98.6699,120.07,68.8492,73.2868
2017-12-07,230.0779,145.3693,135.3196,53.1227,37.0608,97.8971,118.49,68.8574,73.2948
2017-12-08,231.3325,146.0111,135.4448,53.4057,37.4934,97.9049,118.48,68.8574,73.3029
2017-12-11,232.0295,147.1437,135.3912,53.5433,37.6811,97.7039,118.01,68.8246,73.2948
2017-12-12,232.439,146.9455,134.9707,53.6121,37.4281,97.6653,118.15,68.8246,73.3029
2017-12-13,232.4129,147.2286,135.7758,53.8186,37.8769,98.3994,119.17,68.8984,73.2948
2017-12-14,231.4632,147.1248,134.273,53.5204,37.5995,98.8167,118.93,68.8738,73.3029
2017-12-15,233.3906,148.7954,136.1873,53.5051,37.6811,99.1877,119.18,68.8411,73.3109
2017-12-18,234.8707,150.043,138.0301,54.1398,38.1055,98.2835,119.73,68.8411,73.3189
2017-12-19,233.9686,149.1538,136.9388,53.9411,37.9041,97.0084,119.82,68.8082,73.3205
2017-12-20,233.846,148.993,137.2072,53.8484,37.9538,95.9342,120.14,68.8164,73.3205
2017-12-21,234.3277,149.012,137.8079,54.0416,38.2024,96.4933,120.31,68.8115,73.3205
2017-12-22,234.2664,148.8417,137.5564,54.1807,38.5255,96.625,120.94,68.7869,73.3366
2017-12-26,233.9861,148.0378,137.6373,54.1653,38.4924,96.9115,121.77,68.7786,73.3285
2017-12-27,234.1001,148.0567,137.5026,54.2657,38.5918,98.1739,122.23,68.8115,73.3445
2017-12-28,234.5816,148.2364,138.0413,54.2966,38.8569,98.0887,122.85,68.8197,73.3445
2017-12-29,233.6972,147.319,136.9009,54.3353,39.0392,98.2436,123.65,68.8361,73.3285
2018-01-02,235.3698,149.9011,138.1939,54.7371,39.7766,97.1826,125.15,68.8115,73.3366
2018-01-03,236.8585,151.3576,138.3377,54.9999,40.1577,97.6472,124.82,68.8115,73.3526
2018-01-04,237.8569,151.6224,138.7058,55.6027,40.3565,97.6318,125.46,68.7786,73.3606
2018-01-05,239.442,153.1451,138.9931,55.9118,40.7045,97.353,125.33,68.7786,73.3606
2018-01-08,239.8798,153.741,139.2086,55.8963,40.7045,97.291,125.31,68.7786,73.3687
2018-01-09,240.4227,153.7505,139.0201,55.9581,40.6382,95.99,124.73,68.754,73.3687
2018-01-10,240.055,153.3911,139.038,55.85,40.3814,95.8738,125.03,68.7786,73.3687
2018-01-11,241.8065,154.4409,141.4266,56.2363,40.6299,96.2688,125.44,68.754,73.3606
2018-01-12,243.3828,155.5759,142.0192,56.8005,41.0193,96.4314,126.96,68.7458,73.3847
2018-01-16,242.5509,155.1313,140.2054,56.7464,40.8619,96.8341,127.17,68.7376,73.3687
2018-01-17,244.8628,156.8054,141.5343,57.0401,41.4004,96.7025,126.14,68.713,73.3847
2018-01-18,244.4511,156.8338,140.5646,56.9705,41.4501,95.8041,125.86,68.6966,73.3847
2018-01-19,245.5633,157.3256,142.4143,57.2874,41.7898,95.3008,126.42,68.7212,73.3927
2018-01-22,247.5599,159.0092,143.1776,57.581,42.0301,95.3937,126.65,68.6883,73.4007
2018-01-23,248.0854,160.3238,143.6355,57.7665,42.2289,95.8041,127.28,68.7294,73.4007
2018-01-24,247.989,159.2835,142.7466,57.867,42.5852,95.2853,128.83,68.713,73.4087
2018-01-25,248.0941,159.2267,142.8005,57.6428,42.5603,96.0675,127.97,68.6966,73.4087
2018-01-26,250.9665,161.6668,143.3122,58.1529,43.1486,95.7112,128.07,68.6555,73.4248
2018-01-29,249.3027,160.8819,142.5042,57.6196,42.4941,95.0452,127.35,68.6309,73.4087
2018-01-30,246.7455,159.5578,141.1392,57.1405,41.9141,94.4876,126.8,68.6391,73.4168
2018-01-31,246.8682,160.2198,140.403,57.0632,42.2786,95.0452,127.65,68.6391,73.4248
2018-02-01,246.588,158.8578,140.8429,57.2255,41.707,93.6677,128.07,68.6112,73.4216
2018-02-02,241.2197,155.6894,138.1311,56.0663,40.6382,92.7985,126.39,68.6194,73.4296
2018-02-05,231.1313,149.5511,132.8242,53.717,39.2132,93.6755,126.71,68.7427,73.4216
2018-02-06,235.6851,153.514,134.4136,54.7758,40.4891,93.0934,125.38,68.6933,73.4296
2018-02-07,234.4065,151.5278,134.5483,54.1962,39.2132,92.2088,124.79,68.6441,73.4376
2018-02-08,225.6142,145.1341,130.5973,52.782,37.8544,92.1079,124.98,68.6522,73.4296
2018-02-09,229.0033,147.6406,131.7916,53.0061,38.4592,91.5259,124.77,68.7097,73.4457
2018-02-12,232.3661,150.2604,133.0397,53.8175,39.064,91.9294,125.37,68.6769,73.4457
2018-02-13,232.944,151.036,133.3271,53.6552,39.3623,92.3407,126.08,68.6769,73.4457
2018-02-14,236.0879,153.864,135.7246,54.6057,40.3482,91.3163,128.23,68.5783,73.4457
2018-02-15,239.1004,156.7203,137.2063,54.9458,41.1767,91.6268,128.38,68.5536,73.4537
2018-02-16,239.1705,156.0204,137.6912,55.1931,41.0442,92.1234,127.96,68.57,73.4618
2018-02-20,237.673,156.3325,136.5597,54.6753,40.4808,91.7199,126.24,68.5618,73.4618
2018-02-21,236.4907,155.888,136.7034,54.4125,40.4476,90.5946,125.66,68.57,73.4537
2018-02-22,236.7973,155.8691,136.4879,54.6985,40.4725,90.8662,126.3,68.5783,73.4618
2018-02-23,240.5717,159.0565,138.2658,55.1313,41.1933,91.6733,126.14,68.5947,73.4778
2018-02-26,243.3652,161.1656,139.1727,55.649,41.5744,91.7043,126.45,68.603,73.4618
2018-02-27,240.3265,159.17,137.1703,54.8221,40.3648,91.5724,125.13,68.5536,73.4778
2018-02-28,237.892,158.1485,135.0063,54.3044,39.7848,92.1544,125.0,68.57,73.4859
2018-03-01,234.4328,155.5664,134.6471,53.3925,39.7103,92.7835,124.72,68.6655,73.4931
2018-03-02,235.6413,156.9946,136.8022,53.6475,39.876,92.0292,125.39,68.6326,73.5011
2018-03-05,238.3648,158.7348,138.0233,53.9334,39.934,91.7804,125.18,68.6326,73.5011
2018-03-06,238.9691,159.4064,139.514,54.2503,40.3068,91.866,126.53,68.6161,73.5011
2018-03-07,238.8814,159.7753,140.7442,54.2348,40.3482,91.7649,125.72,68.6161,73.5011
2018-03-08,240.0374,160.6548,140.4568,54.3507,40.3565,92.2936,125.42,68.6326,73.4931
2018-03-09,244.2146,163.776,142.7017,54.6985,41.2182,91.6871,125.54,68.5997,73.5091
2018-03-12,243.9082,164.6462,142.9531,54.7603,41.3176,92.2159,125.54,68.6326,73.5172
2018-03-13,242.3319,162.4046,142.2887,54.3971,40.9447,92.6825,125.78,68.649,73.5172
2018-03-14,241.0883,162.3762,141.6151,54.5285,41.011,93.4989,125.7,68.6408,73.5172
2018-03-15,240.8257,162.2344,140.9058,54.4976,40.8619,93.4989,124.9,68.649,73.5091
2018-03-16,241.0867,161.752,141.696,54.4589,40.7708,93.1645,124.6,68.6161,73.5252
2018-03-19,237.8247,158.3009,140.3311,54.0184,40.3316,92.8691,124.87,68.6161,73.5252
2018-03-20,238.2292,158.8219,140.2952,54.0107,40.7791,92.4958,124.31,68.5915,73.5172
2018-03-21,237.772,158.1303,141.1123,54.0957,41.0193,92.5969,126.48,68.6408,73.5332
2018-03-22,231.8284,154.2273,138.018,53.0911,39.6523,93.5145,125.98,68.6737,73.5413
2018-03-23,226.8871,150.1632,135.048,52.5037,38.8486,93.4445,127.61,68.6902,73.5493
2018-03-26,233.0945,155.743,138.0001,53.4466,40.108,93.0868,128.28,68.6573,73.5413
2018-03-27,229.1291,150.7032,135.327,53.0524,39.3789,94.0822,127.49,68.7066,73.5574
2018-03-28,228.4521,148.9695,135.282,53.3616,39.18,94.331,125.73,68.7149,73.5654
2018-03-29,231.3712,151.6979,136.65,53.8484,40.0002,94.7898,125.79,68.7395,73.5815
2018-04-02,226.3771,147.3212,133.3199,53.1065,39.2795,94.9767,127.26,68.7593,73.5774
2018-04-03,229.2786,148.979,135.228,53.4466,39.6689,94.2443,126.3,68.7263,73.5694
2018-04-04,231.7316,151.3284,136.947,53.632,39.6854,94.0495,126.45,68.6852,73.5855
2018-04-05,233.5605,152.1905,138.081,53.9875,39.7848,93.3481,125.8,68.7016,73.5936
2018-04-06,228.3554,148.3822,135.327,53.632,39.006,94.3689,126.39,68.7593,73.5936
2018-04-09,229.4809,149.4243,135.489,54.0725,39.0475,94.5248,126.82,68.7511,73.6016
2018-04-10,233.1297,152.721,138.045,54.6521,39.8097,94.3533,127.12,68.7181,73.5936
2018-04-11,231.9075,151.84,138.342,54.4435,39.8263,94.6884,128.11,68.7181,73.6096
2018-04-12,233.8154,153.6684,139.2871,54.6521,39.8097,93.9949,126.62,68.677,73.6096
2018-04-13,233.1297,152.8726,138.5581,54.7062,39.412,94.2131,127.45,68.6605,73.6096
2018-04-16,235.0464,154.0379,139.8361,54.7912,39.4617,94.2443,127.63,68.6522,73.6257
2018-04-17,237.5611,157.3535,141.3571,55.0385,39.5446,94.5014,127.75,68.6522,73.6257
2018-04-18,237.7369,157.6756,141.7351,55.3244,39.8843,93.7455,127.85,68.5946,73.6177
2018-04-19,236.418,156.2262,140.7541,55.1158,39.6523,92.9819,127.6,68.5946,73.6338
2018-04-20,234.4133,153.7536,139.9981,54.9071,39.1552,92.3117,126.63,68.5699,73.6338
2018-04-23,234.3782,153.3652,139.7911,54.8376,38.8404,92.335,125.62,68.5617,73.6338
2018-04-24,231.2217,150.1158,138.99,54.6135,38.6581,91.9142,126.23,68.5781,73.6418
2018-04-25,231.7932,150.2958,138.7831,54.5208,38.3598,91.2986,125.41,68.5699,73.6498
2018-04-26,234.1496,153.4599,139.4221,54.7912,38.9149,91.9376,124.97,68.5864,73.6579
2018-04-27,234.3694,153.5547,139.224,54.8453,39.1552,92.6468,125.5,68.6028,73.6659
2018-04-30,232.5669,152.4652,137.991,54.6676,38.8735,92.8104,124.59,68.5781,73.6579
2018-05-01,232.9802,154.2083,138.666,54.4744,38.6829,92.4762,123.71,68.5476,73.6636
2018-05-02,231.4152,153.2989,139.1881,54.4512,38.3764,92.3746,123.65,68.5723,73.6716
2018-05-03,230.9052,153.2799,138.4321,54.6212,38.2935,92.7885,124.28,68.6218,73.6716
2018-05-04,233.8946,156.1883,140.1601,54.8144,38.4675,92.9292,124.54,68.5971,73.6877
2018-05-07,234.6859,157.4861,141.3481,54.8221,38.2438,92.7807,124.57,68.5971,73.6877
2018-05-08,234.6859,157.3251,142.0501,54.8299,38.4592,92.6948,124.59,68.6053,73.6958
2018-05-09,236.9543,159.0398,142.8151,54.9612,38.5338,92.1404,124.33,68.5723,73.6958
2018-05-10,239.17,160.6881,143.5802,55.3167,39.3374,92.8823,125.18,68.5723,73.6958
2018-05-11,239.8998,160.5365,143.8592,55.4635,39.2712,93.1165,125.0,68.5723,73.6958
2018-05-14,240.0142,160.8113,143.3102,55.564,39.3209,92.6245,124.49,68.5723,73.6958
2018-05-15,238.3611,159.0303,143.3371,55.1622,38.5089,91.5702,122.48,68.5311,73.7119
2018-05-16,239.3635,160.0819,144.8312,55.2395,39.0889,91.2188,122.29,68.5311,73.72
2018-05-17,239.1613,159.4661,145.4972,55.3244,38.4924,90.758,122.36,68.5476,73.72
2018-05-18,238.5633,158.6419,145.6862,55.1235,38.1693,91.539,122.41,68.5806,73.728
2018-05-21,240.357,159.5324,146.6492,55.4713,38.4012,91.5858,122.48,68.5806,73.728
2018-05-22,239.6887,159.3239,145.5872,55.4017,38.5338,91.4453,122.41,68.5806,73.728
2018-05-23,240.3482,160.6692,145.7763,54.7912,38.5172,92.1091,122.54,68.6383,73.736
2018-05-24,239.8558,160.6218,145.8302,54.6212,38.3101,92.8433,123.59,68.6795,73.7521
2018-05-25,239.2843,160.7829,145.5692,54.2657,38.4675,93.4211,123.21,68.7372,73.7602
2018-05-29,236.5323,160.0724,145.3712,53.1606,37.5727,95.4673,123.19,68.9351,73.7602
2018-05-30,239.6887,161.2187,147.6753,53.9721,37.871,94.8269,123.37,68.8527,73.7521
2018-05-31,238.2205,161.1145,146.4962,53.632,37.8544,94.6707,123.1,68.8197,73.7683
2018-06-01,240.5592,163.6439,147.4592,54.0957,38.3847,94.1704,122.49,68.7669,73.7731
2018-06-04,241.7022,165.1217,148.2423,54.258,38.7741,93.4895,122.37,68.7091,73.7812
2018-06-05,241.8781,165.6332,149.1603,54.173,38.4758,93.7087,122.85,68.7503,73.7812
2018-06-06,243.9003,166.5996,150.2403,54.6599,39.0558,92.9494,122.92,68.7256,73.7731
2018-06-07,243.8739,165.2449,149.4213,54.3507,38.4592,93.8495,122.86,68.7916,73.7812
2018-06-08,244.5949,165.2543,149.8713,54.4125,38.3847,93.5678,123.01,68.7751,73.7973
2018-06-11,244.9202,165.6996,150.0963,54.7603,38.3847,93.3955,123.23,68.7503,73.8054
2018-06-12,245.2368,166.5712,150.7803,54.4125,38.2852,93.419,122.82,68.7173,73.8054
2018-06-13,244.4542,166.5617,150.1863,54.4898,38.0284,93.372,123.19,68.6843,73.7973
2018-06-14,245.0696,168.2479,150.9873,54.3739,37.7716,94.147,123.38,68.7091,73.8216
2018-06-15,244.7571,167.6606,151.0323,54.0957,37.4733,94.2331,121.34,68.7421,73.8216
2018-06-18,244.2536,167.5637,151.7434,53.7093,37.0176,94.147,121.11,68.7586,73.8134
2018-06-19,243.3174,167.089,151.7523,53.2159,36.609,94.695,120.8,68.7834,73.8296
2018-06-20,243.7326,168.2758,152.9764,53.2553,36.7675,93.8652,120.26,68.7503,73.8216
2018-06-21,242.2046,166.8137,151.5453,52.877,36.2504,94.3584,120.05,68.7916,73.8296
2018-06-22,242.6463,166.4435,151.0414,53.4366,36.6257,94.3506,120.34,68.7999,73.8376
2018-06-25,239.3432,162.6935,148.5753,52.6957,36.1337,94.5619,119.89,68.8247,73.8538
2018-06-26,239.8731,163.358,149.4393,52.7903,35.9919,94.695,119.26,68.8247,73.8457
2018-06-27,237.8859,161.1365,147.0452,52.2938,35.2998,95.5874,118.58,68.866,73.8618
2018-06-28,239.246,162.5226,147.4952,52.4908,35.6,95.6108,118.22,68.866,73.8618
2018-06-29,239.5904,162.9593,147.3962,52.7825,36.1337,95.2821,118.65,68.8495,73.878
2018-07-02,240.1027,164.0511,148.4133,52.3017,35.7751,95.2075,117.46,68.8412,73.8675
2018-07-03,239.2547,162.1524,149.0049,52.4593,35.8001,95.7175,118.65,68.866,73.8836
2018-07-05,241.2067,164.165,150.7031,52.9795,35.7084,95.9921,119.05,68.8577,73.8836
2018-07-06,243.2469,166.7188,151.9767,53.2632,36.2004,96.3059,118.86,68.8743,73.8998
2018-07-09,245.4371,168.2189,152.9342,53.7755,36.8508,95.6861,119.15,68.8329,73.8998
2018-07-10,246.3204,168.3422,152.2387,53.7519,36.7675,95.6783,118.93,68.8246,73.9079
2018-07-11,244.5186,167.4878,150.9469,52.8534,36.0503,96.047,117.64,68.8494,73.9079
2018-07-12,246.7354,170.3739,151.6786,53.2632,36.5423,96.0392,118.13,68.8412,73.9079
2018-07-13,246.9297,170.5163,151.227,53.4287,36.5673,96.2824,117.61,68.8577,73.916
2018-07-16,246.709,170.108,150.6399,53.4051,36.3672,95.8823,117.55,68.8412,73.924
2018-07-17,247.7069,171.1428,151.3083,53.4997,36.634,95.7018,116.28,68.8329,73.924
2018-07-18,248.228,170.8201,151.7328,53.5075,36.5923,95.3174,116.31,68.8246,73.9321
2018-07-19,247.2918,169.9656,152.8077,53.3972,36.142,95.9215,115.81,68.8577,73.9402
2018-07-20,247.0091,169.9277,152.1844,53.6494,36.659,94.7446,116.56,68.8577,73.9483
2018-07-23,247.4685,170.4688,152.3742,53.6494,36.4172,93.5756,116.0,68.8164,73.9402
2018-07-24,248.7137,171.1714,150.7482,53.9647,36.9509,93.8973,116.04,68.8246,73.9564
2018-07-25,250.8334,173.5638,151.2992,54.3666,37.5513,93.7482,116.68,68.7998,73.9483
2018-07-26,250.2416,170.934,152.1122,54.1223,37.1344,93.5678,115.77,68.7998,73.9564
2018-07-27,248.546,168.627,149.2759,54.2248,37.2678,93.7247,115.83,68.8081,73.9725
2018-07-30,247.2477,166.244,148.3184,54.2169,37.2094,93.403,115.65,68.8081,73.9644
2018-07-31,248.4664,167.5163,149.8269,54.2878,37.4096,93.913,115.99,68.8081,73.9806
2018-08-01,248.0513,168.1524,149.7275,54.012,37.076,93.1479,115.14,68.8147,73.9846
2018-08-02,249.4025,170.4403,150.8205,53.6573,36.584,93.2816,114.52,68.8561,73.9927
2018-08-03,250.4713,170.9625,150.2966,53.6888,36.8675,93.7455,114.92,68.8644,73.9927
2018-08-06,251.3898,171.9688,151.1366,53.4603,36.584,93.8005,114.33,68.881,74.0008
2018-08-07,252.2199,172.5954,151.498,53.878,36.9593,93.313,114.59,68.8561,74.0089
2018-08-08,252.114,172.8043,151.3625,53.8307,36.9092,93.4074,114.91,68.8644,74.0008
2018-08-09,251.7697,172.6999,151.7509,53.6731,36.8008,94.1937,114.74,68.9059,74.0089
2018-08-10,250.0827,171.3802,151.3263,52.6012,36.0169,94.8778,114.69,68.9721,74.0251
2018-08-13,249.1465,171.1904,150.4411,52.412,35.4249,94.6812,112.96,68.9556,74.0332
2018-08-14,250.7362,172.2631,151.9315,52.4041,35.6417,94.4689,113.07,68.9556,74.017
2018-08-15,248.8639,170.1555,150.0256,51.6475,34.6159,95.0193,111.19,68.9887,74.0332
2018-08-16,250.8774,170.7157,151.4167,52.0101,34.8328,95.0115,111.1,68.9721,74.0332
2018-08-17,251.7607,170.7536,152.067,52.3174,35.1997,95.1294,112.13,68.997,74.0412
2018-08-20,252.2995,170.6017,152.4916,52.6012,35.3581,95.7664,112.69,69.0384,74.0412
2018-08-21,252.8913,171.2283,154.2439,52.9243,35.8085,95.444,113.02,69.0218,74.0493
2018-08-22,252.741,171.8929,154.6233,53.1292,36.092,95.8214,113.27,69.0384,74.0493
2018-08-23,252.4055,171.646,154.1536,52.7509,35.5082,95.9708,112.2,69.0301,74.0736
2018-08-24,253.9245,173.2409,154.9937,53.0583,36.167,96.1595,114.16,69.0384,74.0736
2018-08-27,255.9293,175.0069,155.2195,53.7676,36.6841,95.6091,114.59,69.0136,74.0817
2018-08-28,256.0531,175.2631,155.364,53.7204,36.5506,95.0351,113.68,68.9887,74.0817
2018-08-29,257.4308,177.2853,155.8156,54.012,36.7758,95.1609,114.2,68.9804,74.0736
2018-08-30,256.3886,176.972,155.6892,53.4997,35.8168,95.3654,113.64,69.0301,74.106
2018-08-31,256.3975,177.1999,156.2854,53.0741,36.0002,95.1452,113.51,69.0467,74.0979
2018-09-04,255.9558,176.4404,155.5898,52.6248,35.2998,94.5951,112.93,69.0309,74.1043
2018-09-05,255.267,174.1618,155.1743,52.144,34.7911,94.3429,113.32,69.0309,74.0963
2018-09-06,254.4986,172.6049,154.1266,51.9864,34.8244,94.6896,113.54,69.0558,74.1125
2018-09-07,254.004,171.9404,154.0452,51.5687,34.6493,93.8858,113.23,68.9811,74.1287
2018-09-10,254.4456,172.5195,154.2349,51.884,34.3074,94.2326,113.15,68.9895,74.1287
2018-09-11,255.2845,173.8486,154.4878,51.9312,34.3825,93.5154,113.22,68.9479,74.1368
2018-09-12,255.3465,173.3359,154.1175,52.1519,34.5576,93.736,114.17,68.9479,74.1368
2018-09-13,256.8566,175.1872,154.1536,52.5381,35.0246,93.8779,113.76,68.9562,74.1368
2018-09-14,256.9008,174.6745,154.804,52.6169,34.9912,93.4287,113.02,68.9314,74.1449
2018-09-17,255.5407,172.1586,153.16,52.6642,34.6743,93.4287,113.61,68.9148,74.1611
2018-09-18,256.9273,173.5828,153.8013,53.2159,35.0079,92.4514,113.44,68.9065,74.1611
2018-09-19,257.201,173.4498,153.2413,53.4051,35.4916,91.8998,113.88,68.8899,74.1611
2018-09-20,259.2854,175.3676,154.6594,54.0671,35.8835,92.3254,114.27,68.9148,74.1773
2018-09-21,259.0486,174.4087,153.9187,54.0908,36.0503,92.2859,113.49,68.8982,74.1773
2018-09-24,258.188,174.8937,153.3497,53.8464,35.6417,92.0495,113.47,68.8982,74.1854
2018-09-25,257.9484,175.1315,153.5845,54.1144,35.7834,91.9549,113.65,68.9065,74.1854
2018-09-26,257.1766,175.2551,152.1807,54.1381,35.8585,92.6012,113.05,68.9148,74.1854
2018-09-27,257.8953,176.7388,152.1898,54.0277,36.0336,92.6643,112.05,68.9148,74.2016
2018-09-28,257.9219,176.7008,152.6517,53.5864,35.7918,92.4199,112.76,68.9479,74.2016
2018-10-01,258.8179,177.0622,150.6411,53.6494,35.8001,91.7414,112.57,68.9289,74.2065
2018-10-02,258.667,176.6627,149.0108,53.3736,35.3498,92.3023,113.87,68.9538,74.2146
2018-10-03,258.8091,176.853,150.315,53.279,35.0579,90.6988,113.42,68.9205,74.2146
2018-10-04,256.7863,173.4576,148.2048,52.6563,34.1823,90.0591,113.48,68.9039,74.2309
2018-10-05,255.349,171.3367,146.8644,52.3411,34.0572,89.285,113.8,68.8956,74.2389
2018-10-08,255.349,170.2905,146.5565,52.0889,34.1073,88.9849,112.54,68.8789,74.2389
2018-10-09,254.9764,170.8421,145.986,51.9549,33.9822,89.8853,112.6,68.9039,74.2309
2018-10-10,246.9031,163.3286,141.7926,50.8515,32.9731,89.6404,112.88,68.9205,74.2471
2018-10-11,241.4646,161.3028,139.0847,50.1421,32.6396,90.7305,115.78,68.9455,74.2551
2018-10-12,244.8182,165.792,139.1118,50.3234,33.5986,90.4145,115.23,68.9455,74.2551
2018-10-15,243.443,163.7852,139.6281,50.2052,33.24,90.375,116.0,68.9704,74.2633
2018-10-16,248.7661,168.5501,143.6764,51.0643,34.0739,90.5804,115.8,68.9455,74.2714
2018-10-17,248.8105,168.6166,143.0606,50.7727,33.6569,90.0433,115.79,68.9455,74.2714
2018-10-18,245.2174,164.7077,140.3798,49.953,32.773,90.0117,115.92,68.987,74.2714
2018-10-19,245.0843,164.5555,138.8945,50.2367,33.0815,89.8142,116.01,68.9455,74.2795
2018-10-22,243.9842,165.402,138.5956,50.016,33.4401,89.6957,115.71,68.9289,74.2958
2018-10-23,242.7421,164.7934,137.3548,49.5431,33.0732,89.9801,116.39,68.9704,74.2958
2018-10-24,235.3874,157.2512,132.1834,48.1402,32.0058,90.6594,116.66,69.0784,74.3038
2018-10-25,239.6104,162.6915,135.0453,48.7471,32.6229,90.2802,116.4,69.0535,74.312
2018-10-26,235.3962,158.5067,133.5691,48.4161,32.2476,90.8252,116.77,69.0951,74.3201
2018-10-29,234.0921,155.2445,132.8355,48.2821,31.6889,90.6199,116.31,69.12,74.3201
2018-10-30,237.561,157.8029,135.6069,48.8653,32.306,90.1696,115.8,69.0868,74.3201
2018-10-31,240.0984,161.5121,135.8786,49.2279,32.6562,89.7115,115.15,69.0535,74.3282
2018-11-01,242.6534,163.6425,139.0122,49.8584,33.8237,89.7947,116.63,69.0919,74.3444
2018-11-02,241.2162,161.0936,139.4741,49.9293,34.0405,88.6783,116.65,69.0085,74.3444
2018-11-05,242.547,160.6941,139.3654,49.9293,34.1323,89.0266,116.37,69.0335,74.3526
2018-11-06,244.0818,161.9115,140.0538,50.1343,34.0739,88.9712,116.04,69.0169,74.3526
2018-11-07,249.3073,166.9903,142.5624,50.8042,34.716,89.09,116.03,68.9919,74.3607
2018-11-08,248.8547,165.9251,142.1821,50.3077,33.8154,89.0821,115.78,68.9836,74.3689
2018-11-09,246.4239,163.1289,139.5466,49.9766,33.1899,89.7472,114.48,69.0169,74.3851
2018-11-12,241.8195,158.1928,136.7842,49.1569,32.723,90.3331,113.66,69.0669,74.377
2018-11-13,241.3671,158.326,136.3495,49.3698,33.0982,90.2777,113.7,69.0752,74.3851
2018-11-14,239.7169,157.1181,135.3533,49.4092,33.2984,90.3331,114.64,69.1251,74.377
2018-11-15,242.2187,159.8667,137.2824,49.5668,34.0405,90.2935,114.77,69.1584,74.4014
2018-11-16,242.8486,159.3056,137.6084,49.622,34.1073,90.816,115.62,69.2084,74.4095
2018-11-19,238.741,154.1317,134.819,49.1885,33.6486,91.0694,115.67,69.2667,74.4014
2018-11-20,234.3228,151.3736,132.2196,48.3373,32.9231,91.1011,115.67,69.25,74.4176
2018-11-21,235.1212,152.5244,134.0672,49.0151,33.5319,91.0694,115.86,69.25,74.4339
2018-11-23,233.5509,151.4211,133.9404,48.6919,33.1399,91.1644,115.77,69.2334,74.4339
2018-11-26,237.3215,154.9211,135.6793,49.4249,33.5485,90.9586,115.64,69.2417,74.442
2018-11-27,238.1199,155.4442,134.5563,49.2358,33.782,91.0615,114.95,69.25,74.442
2018-11-28,243.6027,160.4469,137.8801,49.9372,34.5909,90.6181,115.38,69.275,74.4501
2018-11-29,243.0704,159.9238,137.5087,49.685,34.2907,90.9744,115.74,69.2917,74.4582
2018-11-30,244.552,161.0841,138.2242,49.4722,34.2574,91.3149,115.54,69.3166,74.4664
2018-12-03,247.7902,163.8993,139.5466,50.1264,34.9495,91.9632,116.41,69.2599,74.464
2018-12-04,239.7612,157.6126,133.6053,48.8259,34.2073,93.5029,117.12,69.3099,74.4721
2018-12-06,239.3975,158.7254,133.3155,48.3688,33.8904,93.7965,117.14,69.3767,74.4884
2018-12-07,233.8348,153.485,130.4355,47.8802,33.2567,93.9711,118.09,69.4518,74.4965
2018-12-10,234.2784,155.0923,130.0551,47.5097,32.9064,94.3599,117.68,69.4518,74.5047
2018-12-11,234.3316,155.6059,129.9192,47.6595,33.1566,94.3441,117.54,69.385,74.4965
2018-12-12,235.5116,156.9754,131.16,48.3609,33.6986,93.9234,117.79,69.3767,74.5128
2018-12-13,235.4317,157.0229,129.3034,48.2742,33.6903,93.7012,117.53,69.4434,74.521
2018-12-14,231.0846,153.1997,127.3471,47.6516,33.215,94.0266,117.06,69.4851,74.5291
2018-12-17,226.5511,149.7282,124.511,47.2733,32.9064,94.5742,117.87,69.5518,74.5373
2018-12-18,226.3026,150.6698,124.3566,47.3115,33.1299,95.1406,118.15,69.5927,74.5373
2018-12-19,222.9136,146.9701,121.7667,46.8574,32.5797,96.3974,117.43,69.6095,74.5291
2018-12-20,219.285,144.8396,119.7585,46.6662,32.8336,96.0475,119.24,69.6011,74.5454
2018-12-21,214.792,140.3506,116.6507,45.8537,32.6051,96.0315,118.72,69.6512,74.5617
2018-12-24,209.1165,136.8702,114.388,45.32,32.3004,96.5089,120.02,69.7097,74.5699
2018-12-26,219.6821,145.4162,119.8857,46.3715,32.9437,95.4747,119.66,69.6429,74.5617
2018-12-27,221.3687,145.979,120.3855,46.5069,32.9013,95.4906,120.57,69.718,74.5862
2018-12-28,221.0831,145.9027,120.7308,46.7539,33.2145,96.294,121.06,69.8183,74.5943
2018-12-31,223.0195,147.1331,121.6759,46.8256,33.0622,96.66,121.25,69.8433,74.6025
2019-01-02,223.2516,147.7244,122.3665,46.73,33.1468,97.1691,121.33,69.8517,74.5943
2019-01-03,217.9242,142.8982,120.1765,46.3078,32.5458,98.2748,122.43,69.9937,74.6188
2019-01-04,225.2237,149.012,124.6655,47.7258,33.5954,97.1373,121.44,69.8433,74.6269
2019-01-07,226.9996,150.7861,126.8465,47.909,33.6716,96.8509,121.86,69.7932,74.6269
2019-01-08,229.1322,152.1501,128.7911,48.2197,33.7986,96.5964,121.53,69.7514,74.6269
2019-01-09,230.2031,153.39,129.8542,48.7614,34.3995,96.4452,122.31,69.7849,74.6269
2019-01-10,231.0151,153.8287,130.5267,48.9526,34.645,95.8247,121.59,69.7932,74.6351
2019-01-11,231.1044,153.266,130.563,48.618,34.4757,96.1986,121.8,69.835,74.6514
2019-01-14,229.6944,151.9116,129.2636,48.3949,34.1879,95.8406,122.09,69.835,74.6433
2019-01-15,232.3269,154.8779,130.354,48.6498,34.4249,95.4906,121.88,69.86,74.6596
2019-01-16,232.8891,154.8493,131.3263,48.7853,34.8482,95.5861,122.27,69.8433,74.6678
2019-01-17,234.656,156.0702,132.5167,48.9605,35.0005,95.61,122.11,69.835,74.684
2019-01-18,237.7792,157.6153,133.8798,49.4544,35.1698,95.1088,121.02,69.7765,74.684
2019-01-22,234.5667,154.4582,131.7625,48.6897,34.5604,95.7532,121.45,69.835,74.6922
2019-01-23,235.0576,154.6585,131.399,48.9127,34.9159,95.7134,121.28,69.8183,74.6922
2019-01-24,235.1825,155.66,132.1896,48.9685,35.2545,96.3418,121.09,69.8767,74.7167
2019-01-25,237.1724,157.5199,133.8889,49.5261,35.72,95.8804,122.86,69.8266,74.7085
2019-01-28,235.3698,155.5742,133.171,49.2553,35.3476,95.785,123.29,69.835,74.7167
2019-01-29,235.0576,154.1053,132.853,49.3668,35.4068,96.2702,123.98,69.8684,74.7167
2019-01-30,238.7787,158.0255,134.3069,49.9085,36.1771,96.1986,124.69,69.9603,74.733
2019-01-31,240.8758,160.3909,135.4518,49.9324,36.4818,97.0259,124.75,70.0187,74.733
2019-02-01,240.9918,159.7137,135.561,49.9165,36.194,96.4399,124.5,69.9367,74.7403
2019-02-04,242.6873,161.6976,137.1784,50.0997,36.2533,96.0094,123.96,69.9367,74.7485
2019-02-05,243.7047,163.1282,137.3238,50.49,36.7527,96.4479,124.28,69.9367,74.7485
2019-02-06,243.3833,162.6418,137.1511,50.2351,36.2533,96.4957,123.44,69.9702,74.7649
2019-02-07,241.0632,160.4576,136.0243,49.566,35.8893,97.1335,123.74,70.0204,74.7649
2019-02-08,241.3577,160.7724,136.1697,49.4066,35.6861,97.5481,124.21,70.0455,74.7812
2019-02-11,241.4916,160.6198,137.3056,49.3588,35.5676,97.1654,123.6,70.0204,74.773
2019-02-12,244.5969,162.9948,139.0231,49.9324,35.8639,96.9183,123.86,70.0121,74.7894
2019-02-13,245.3911,163.1092,139.4138,49.9404,35.61,96.5515,123.37,69.9618,74.7894
2019-02-14,244.8467,163.3095,139.7319,49.9563,35.6777,97.1017,124.06,70.0539,74.8057
2019-02-15,247.515,163.9962,141.9581,50.6812,35.6269,97.2531,124.8,70.0204,74.8057
2019-02-19,247.9433,164.3205,142.3489,50.8724,35.9062,97.5003,126.7,70.0706,74.8221
2019-02-20,248.443,164.2919,143.0213,51.0158,36.1094,97.2212,126.48,70.0622,74.8221
2019-02-21,247.5596,163.691,142.4762,50.9123,36.0332,96.3522,125.05,70.0371,74.8302
2019-02-22,249.0945,164.9023,143.712,51.0795,36.431,96.9262,125.5,70.0873,74.8466
2019-02-25,249.4336,165.5032,143.7484,51.2309,36.8373,96.6392,125.37,70.079,74.8384
2019-02-26,249.2551,165.6749,142.7579,51.4779,36.7103,97.1176,125.58,70.1124,74.8466
2019-02-27,249.148,165.57,142.9578,51.2707,36.3972,96.0173,124.69,70.0957,74.8548
2019-02-28,248.6839,165.1884,142.467,51.199,35.9231,95.6905,123.99,70.079,74.8711
2019-03-01,250.2366,166.333,143.7938,51.4779,35.9655,94.806,121.88,70.032,74.8793
2019-03-04,249.3265,166.3617,142.4943,51.2867,36.0163,95.5491,121.56,70.0488,74.8711
2019-03-05,248.9874,166.4856,141.831,51.3345,36.3718,95.7487,121.72,70.0572,74.8793
2019-03-06,247.4793,165.5414,139.0503,51.207,36.1686,96.1003,121.61,70.1075,74.8875
2019-03-07,245.409,163.5098,137.8327,50.5538,35.4999,96.7235,121.51,70.1662,74.9039
2019-03-08,244.9182,163.2618,137.7964,50.5617,35.246,97.131,122.84,70.1913,74.9121
2019-03-11,248.4698,166.6573,140.2044,50.9999,35.9062,96.8434,122.24,70.1746,74.9121
2019-03-12,249.4068,167.573,140.2771,50.968,36.0924,97.5225,122.98,70.1997,74.9202
2019-03-13,251.0576,168.832,140.8314,51.4062,36.1348,97.3387,123.84,70.2081,74.9284
2019-03-14,250.897,168.5459,140.2589,51.3982,35.9401,96.6356,122.41,70.2248,74.9284
2019-03-15,252.1366,170.1101,140.6315,51.9558,36.4649,97.2748,122.97,70.25,74.9366
2019-03-18,253.0508,170.5152,141.5311,52.1391,36.8712,97.2189,123.04,70.2332,74.9448
2019-03-19,253.1136,171.0885,140.8132,52.2426,36.8881,97.0032,123.38,70.2248,74.9448
2019-03-20,252.3517,171.7669,139.6397,52.2665,36.9473,98.0178,124.18,70.3255,74.9448
2019-03-21,255.2019,174.452,141.4711,52.2346,36.9981,98.2335,123.68,70.3255,74.9694
2019-03-22,250.2902,170.6203,136.3231,51.2309,35.9147,99.7596,123.97,70.4428,74.9694
2019-03-25,250.102,170.2955,136.9245,51.3026,35.9993,99.9194,124.92,70.5182,74.9694
2019-03-26,251.9663,171.0885,138.3641,51.5575,36.1094,99.8475,124.3,70.5099,74.9775
2019-03-27,250.6488,169.9897,137.8265,51.5814,35.72,100.7663,123.65,70.5686,74.9857
2019-03-28,251.5988,170.3814,139.0565,51.454,35.957,101.1179,121.9,70.5602,75.0021
2019-03-29,253.1853,171.6714,139.4848,51.669,36.3294,101.022,122.01,70.5182,75.0021
2019-04-01,256.1878,173.9456,141.0064,52.3302,36.9304,99.5871,121.53,70.446,75.0153
2019-04-02,256.3133,174.6049,140.6419,52.3462,36.8119,99.7712,121.98,70.4796,75.007
2019-04-03,256.7166,175.6082,141.3708,52.7525,37.0659,98.9065,121.8,70.446,75.0153
2019-04-04,257.3978,175.5413,142.0633,52.6409,37.2944,99.1867,122.11,70.4628,75.0399
2019-04-05,258.6437,176.4491,143.3936,52.7764,37.5822,99.3149,121.98,70.4544,75.0399
2019-04-08,258.8409,176.8982,143.1566,52.8082,37.5822,98.9625,122.51,70.4377,75.0399
2019-04-09,257.5143,176.2771,141.4073,52.4736,37.506,99.2748,123.15,70.446,75.048
2019-04-10,258.3927,177.2231,143.3298,52.6728,37.6838,99.515,123.53,70.5048,75.048
2019-04-11,258.321,176.8026,143.1476,52.5613,37.2775,98.9305,121.95,70.4628,75.0727
2019-04-12,260.0688,177.567,143.6668,52.9277,37.5483,98.2258,121.83,70.4208,75.0727
2019-04-15,259.8985,177.5957,143.2022,52.9516,37.3536,98.4741,121.6,70.4292,75.0809
2019-04-16,260.0688,178.2073,143.5393,52.9914,37.633,97.8575,120.51,70.4208,75.0809
2019-04-17,259.4325,178.8284,142.2273,53.1428,37.743,97.8975,120.28,70.446,75.0973
2019-04-18,259.9434,179.0577,141.8082,53.1109,37.7176,98.41,120.37,70.4628,75.1055
2019-04-22,260.1674,179.5642,141.4346,53.0233,37.4721,97.9376,120.37,70.4712,75.1055
2019-04-23,262.5067,181.8479,143.5667,53.1269,37.5568,98.1458,120.12,70.5048,75.1055
2019-04-24,261.9242,181.2746,144.0131,52.7604,37.0489,98.9465,120.47,70.5468,75.1219
2019-04-25,261.7628,182.0103,142.8195,52.7206,36.9981,98.8024,120.57,70.5468,75.1383
2019-04-26,262.9818,182.1728,144.2045,52.9357,37.142,99.1387,121.37,70.6224,75.1301
2019-04-29,263.3941,182.5263,144.8969,53.1508,37.2182,98.5061,120.83,70.5972,75.1383
2019-04-30,263.5285,181.1121,144.2227,53.1826,37.1843,99.0106,121.2,70.6476,75.1465
2019-05-01,261.5477,180.5292,142.856,52.8799,36.905,99.419,120.4,70.5853,75.1498
2019-05-02,260.983,179.7457,143.5211,52.8003,36.9897,98.9456,119.94,70.5517,75.158
2019-05-03,263.5374,182.6123,146.2636,53.3658,37.4298,99.2264,120.65,70.5769,75.1662
2019-05-06,262.4529,181.4943,146.4276,52.7604,36.6595,99.4992,120.81,70.619,75.1744
2019-05-07,258.07,177.9588,143.5302,51.8363,35.9401,100.2615,121.21,70.6527,75.1827
2019-05-08,257.7115,177.5098,142.8286,51.9001,35.8893,99.8282,120.91,70.6442,75.1827
2019-05-09,256.9319,176.5542,142.3093,51.6611,35.3222,100.2374,121.2,70.6863,75.1909
2019-05-10,258.2224,176.774,142.701,52.0435,35.5338,100.101,121.43,70.7031,75.2073
2019-05-13,251.7333,170.6395,138.1545,50.8326,34.3488,100.8874,122.67,70.7873,75.1991
2019-05-14,254.0098,172.5123,139.8948,51.3424,34.8312,100.5905,122.46,70.7873,75.2073
2019-05-15,255.4975,174.9489,140.3503,51.5257,34.899,101.2084,122.39,70.8378,75.2155
2019-05-16,257.8639,176.7071,141.2251,51.9399,34.7297,100.8713,121.51,70.7957,75.2238
2019-05-17,256.1968,174.9011,139.257,51.5973,34.1033,101.096,120.65,70.8125,75.232
2019-05-20,254.5028,171.9485,138.2912,51.3902,33.9594,100.8874,120.64,70.7788,75.2402
2019-05-21,256.7973,173.7449,140.1499,51.7328,34.3911,100.7269,120.36,70.7452,75.2402
2019-05-22,256.0086,172.9709,138.9746,51.5257,34.2218,101.3047,120.24,70.7788,75.2566
2019-05-23,252.8805,170.3241,136.1136,51.0556,33.7816,102.4441,121.17,70.9051,75.2731
2019-05-24,253.4542,170.2381,137.3892,51.6053,33.8155,102.5323,121.3,70.8799,75.2731
2019-05-28,251.0968,169.5979,136.2959,51.1034,33.934,103.2706,120.83,70.9388,75.2813
2019-05-29,249.4119,168.2028,135.1569,50.7768,34.1541,103.5835,120.87,70.9472,75.2813
2019-05-30,250.093,168.9099,134.7833,50.968,34.3403,104.4742,121.69,71.0061,75.306
2019-05-31,246.723,166.2153,132.8973,50.506,34.4588,105.7821,123.33,71.1575,75.306
2019-06-03,246.0956,162.5556,133.362,50.8007,34.772,106.4897,125.11,71.2916,75.3027
2019-06-04,251.4375,167.1326,136.8152,51.3823,34.8482,105.2756,125.15,71.241,75.3191
2019-06-05,253.6154,168.3748,136.8425,51.3663,34.5688,104.6805,125.47,71.2747,75.3191
2019-06-06,255.2647,169.7126,136.4872,51.5735,34.5858,105.0183,125.88,71.2326,75.3438
2019-06-07,257.8191,172.9901,137.453,52.2267,34.8566,105.9268,126.59,71.3084,75.3356
2019-06-10,259.0022,175.0062,138.2639,52.3701,35.2206,104.9298,125.33,71.241,75.3521
2019-06-11,258.9395,175.2451,137.8539,52.633,35.6184,104.9941,125.18,71.2157,75.3438
2019-06-12,258.4824,174.2322,138.0088,52.2426,35.2375,105.0745,125.83,71.2747,75.3521
2019-06-13,259.5489,175.2642,139.4666,52.2904,35.1783,105.4364,126.6,71.3507,75.3768
2019-06-14,259.2621,174.5188,138.2457,51.908,34.7889,105.7017,126.56,71.3253,75.3851
2019-06-17,259.3607,175.57,139.1994,51.9455,34.9262,105.8866,126.48,71.2916,75.3851
2019-06-18,262.0765,178.1212,140.8177,52.6372,35.7706,106.4173,127.12,71.3,75.3851
2019-06-19,262.6681,178.7902,141.3206,52.9627,36.0691,106.5701,127.89,71.4518,75.4015
2019-06-20,265.1776,180.4528,141.988,53.4266,36.5979,106.8515,131.11,71.4855,75.4097
2019-06-21,264.7922,180.1853,140.7628,53.1987,36.4785,105.6776,131.98,71.4518,75.4097
2019-06-24,264.468,180.1909,139.053,53.3127,36.4273,106.4656,133.94,71.494,75.4179
2019-06-25,261.8741,177.0977,138.2027,52.9953,36.0521,106.7952,134.2,71.5108,75.4179
2019-06-26,261.6129,177.9214,137.8827,53.0604,36.3932,106.1118,132.97,71.4265,75.4345
2019-06-27,262.5406,178.6013,140.4702,53.1906,36.6491,106.8596,132.84,71.4855,75.4345
2019-06-28,263.8914,178.8311,142.1801,53.4917,36.5979,106.7872,133.2,71.4855,75.4427
2019-07-01,266.2873,181.2444,142.7287,53.744,37.0329,106.5374,130.62,71.4399,75.4386
2019-07-02,266.9807,181.9626,141.86,53.8986,36.9391,107.3592,133.41,71.4822,75.4468
2019-07-03,269.1154,183.3321,142.8749,54.2648,36.8708,108.1246,133.63,71.4991,75.4716
2019-07-05,268.8091,182.9586,143.259,53.8498,36.615,106.6905,132.14,71.3555,75.4633
2019-07-08,267.3322,181.6754,141.8966,53.5405,36.3932,106.8355,131.29,71.3217,75.4633
2019-07-09,267.6653,182.5851,142.0886,53.3127,36.2823,106.7953,131.75,71.2963,75.4716
2019-07-10,268.9441,184.4046,142.3355,53.4998,36.5894,106.2071,133.83,71.4231,75.4798
2019-07-11,269.5747,184.2706,141.6406,53.4836,36.5211,104.7893,132.7,71.3893,75.4963
2019-07-12,270.7815,185.3335,142.7378,53.5487,36.5467,104.9101,133.53,71.3977,75.5045
2019-07-15,270.8716,185.9273,141.988,53.5975,36.6832,105.5143,133.53,71.4146,75.5045
2019-07-16,269.998,184.9697,141.9423,53.3778,36.632,105.2,132.4,71.3893,75.5128
2019-07-17,268.1606,184.0599,140.9275,53.3045,36.5211,106.336,134.58,71.4568,75.5128
2019-07-18,269.1424,184.2706,141.4577,53.4673,36.7429,106.3441,136.48,71.5413,75.5376
2019-07-19,267.6473,182.9202,140.644,53.3127,36.5553,106.0943,134.47,71.4653,75.5376
2019-07-22,268.3047,184.3759,140.516,53.3696,36.5638,106.2957,134.45,71.4737,75.5376
2019-07-23,270.2232,185.5825,141.4486,53.7033,36.6064,105.7157,133.69,71.4568,75.5293
2019-07-24,271.4931,186.8849,143.7893,53.744,36.6661,106.1749,134.37,71.4737,75.5458
2019-07-25,270.1961,185.1133,142.052,53.1987,36.342,105.6673,133.42,71.4315,75.5623
2019-07-26,272.0064,187.019,143.7344,53.3045,36.4188,105.9171,133.64,71.4399,75.5541
2019-07-29,271.511,186.3773,142.7744,53.4185,36.3506,105.9493,134.53,71.4399,75.5706
2019-07-30,270.8445,185.573,144.3196,52.8,36.0691,106.2071,134.98,71.4484,75.5706
2019-07-31,267.8815,183.0065,143.1493,52.45,35.6256,107.0611,133.21,71.4399,75.5788
2019-08-01,265.5487,182.0967,141.0737,52.3035,34.9262,109.1874,136.41,71.643,75.5994
2019-08-02,263.5493,179.4153,139.5102,51.8397,34.5851,110.1964,135.89,71.66,75.5994
2019-08-05,255.6236,173.0757,135.3225,50.5457,33.3057,112.1015,137.79,71.8038,75.5912
2019-08-06,259.2081,175.4985,136.5661,50.8875,33.7833,112.9975,138.91,71.8377,75.5994
2019-08-07,259.3613,176.4466,136.5295,51.0828,33.9369,113.038,141.02,71.8462,75.616
2019-08-08,264.45,180.2868,139.4736,51.5793,34.3548,113.2801,141.73,71.8208,75.6243
2019-08-09,262.6486,178.5917,137.7181,51.2212,34.0051,113.0541,141.26,71.7784,75.616
2019-08-12,259.4513,176.5423,135.9351,50.8143,33.5957,115.4112,142.63,71.8546,75.6325
2019-08-13,263.4862,180.4113,137.3981,51.2944,34.0222,115.0157,141.78,71.77,75.6408
2019-08-14,255.6957,175.0197,133.5578,49.8865,33.0413,117.6069,142.75,71.863,75.6325
2019-08-15,256.371,174.8186,133.0275,50.0574,33.2631,118.9146,143.7,72.0154,75.6656
2019-08-16,260.1539,177.6245,135.8985,50.6597,33.7236,117.9621,142.78,72.0069,75.6573
2019-08-19,263.2881,180.4495,137.2701,50.9689,33.8601,116.275,141.11,71.9307,75.6573
2019-08-20,261.2707,179.0514,136.374,50.798,33.9283,117.4778,142.21,71.9815,75.6656
2019-08-21,263.3962,180.6411,137.4986,51.1561,34.2524,116.6947,141.76,71.9138,75.6573
2019-08-22,263.3151,180.0569,137.1786,51.0584,33.8089,115.9198,141.4,71.88,75.6821
2019-08-23,256.5512,174.3589,132.9726,50.4236,33.3057,117.8248,144.17,71.9985,75.6739
2019-08-26,259.3883,176.9924,134.4356,50.8387,33.4848,117.3486,144.19,71.9646,75.6821
2019-08-27,258.3705,176.619,132.4423,50.798,33.5445,119.1568,145.57,71.99,75.6904
2019-08-28,260.1899,177.251,133.9876,50.798,33.6383,119.3102,145.16,72.0069,75.6821
2019-08-29,263.5133,179.9612,136.3374,51.2375,34.0136,118.8581,144.12,71.9731,75.6986
2019-08-30,263.3962,179.5302,136.0905,51.4409,34.278,118.8904,143.75,71.9985,75.7069
2019-09-03,261.8561,177.7873,134.0973,51.3433,34.0648,119.044,145.75,72.0544,75.7218
2019-09-04,264.8283,180.3538,135.1763,52.0675,34.6362,119.222,146.66,72.1137,75.7135
2019-09-05,268.2327,183.6576,137.6906,52.3442,35.0286,117.0629,143.14,71.9526,75.7218
2019-09-06,268.4399,183.4757,137.0597,52.5151,35.1821,117.8958,141.92,71.9612,75.7301
2019-09-09,268.575,183.0927,138.8976,52.6698,35.293,115.8013,141.39,71.8849,75.7301
2019-09-10,268.5119,182.566,140.6714,52.7593,35.3186,113.7716,140.18,71.7662,75.7466
2019-09-11,270.4213,184.2801,143.5516,53.0523,35.5659,113.5694,141.03,71.7662,75.7384
2019-09-12,271.3579,185.0462,143.5882,53.3615,35.8218,112.8254,141.32,71.7492,75.7549
2019-09-13,271.1778,184.3855,143.835,53.6626,36.0265,110.4156,140.15,71.6306,75.7549
2019-09-16,270.3401,183.5619,144.3745,53.1825,35.745,111.8227,141.32,71.6899,75.7549
2019-09-17,271.0248,184.4429,143.9996,53.3615,35.745,112.4291,141.6,71.7238,75.7632
2019-09-18,271.1869,184.3663,143.1127,53.2964,35.6,112.9063,140.71,71.6814,75.7798
2019-09-19,271.1687,184.6728,142.4178,53.4754,35.455,113.246,141.28,71.6899,75.7798
2019-09-20,269.8876,182.7192,142.1161,53.3534,35.4891,114.7419,142.95,71.7662,75.788
2019-09-23,269.8244,182.7998,142.0063,53.215,35.5232,114.7177,143.75,71.8086,75.8046
2019-09-24,267.707,180.3721,139.863,53.0116,35.148,116.1005,144.51,71.8849,75.8046
2019-09-25,269.2905,182.3967,141.3953,52.8569,35.1224,114.4023,141.83,71.7916,75.8046
2019-09-26,268.7295,181.725,139.8171,53.0523,35.1139,115.1382,141.79,71.8255,75.8211
2019-09-27,267.2818,179.47,138.6976,52.8732,34.6618,115.4212,141.06,71.8679,75.8211
2019-09-30,268.5214,181.1781,138.8628,53.0685,34.858,115.7043,138.87,71.9018,75.8295
2019-10-01,265.3274,179.7003,136.1376,52.5477,34.6106,116.0526,139.63,71.9825,75.8269
2019-10-02,260.6404,176.6105,135.11,51.4735,34.3463,116.3362,141.26,72.0589,75.8269
2019-10-03,262.7758,178.5488,135.5597,51.8153,34.7898,117.3973,141.9,72.2117,75.8518
2019-10-04,266.3317,181.1781,136.8442,52.2222,34.9433,118.2642,141.9,72.2033,75.8518
2019-10-07,265.1826,180.6311,136.6057,52.1571,34.6533,117.2839,140.69,72.1268,75.8601
2019-10-08,261.0657,177.9251,134.3852,51.6688,34.406,117.5999,141.92,72.1693,75.8601
2019-10-09,263.545,179.6619,134.9999,52.0431,34.6704,116.9356,142.05,72.1268,75.8601
2019-10-10,265.3274,181.0533,135.5413,52.4093,35.0286,115.1939,140.81,72.0419,75.8767
2019-10-11,268.0779,183.3851,137.8352,53.3452,35.5915,113.7682,140.03,71.974,75.885
2019-10-14,267.7794,183.3659,137.3305,53.1255,35.438,114.5945,140.59,71.9825,75.8767
2019-10-15,270.4306,185.6977,138.9087,53.744,35.7535,113.2092,139.61,71.9655,75.885
2019-10-16,269.9962,185.2371,139.0555,53.8254,35.8559,113.3469,140.41,71.9995,75.8933
2019-10-17,270.7924,185.7265,140.6979,53.9556,35.9924,113.0715,140.61,71.9995,75.9016
2019-10-18,269.6071,183.9417,140.0281,53.9312,35.8047,113.0715,140.46,72.0249,75.9016
2019-10-21,271.4348,185.573,141.3402,54.2241,36.1288,112.2209,139.79,71.991,75.9099
2019-10-22,270.5481,184.0952,141.4961,54.0939,36.1544,112.877,140.2,72.0164,75.9099
2019-10-23,271.3353,184.4503,141.6705,54.3869,36.1629,112.9905,140.53,72.0079,75.9099
2019-10-24,271.7787,186.2446,141.4686,54.4845,36.1629,112.7637,141.53,72.0079,75.9265
2019-10-25,272.8916,187.732,142.221,54.5415,36.4188,112.2128,141.86,71.9655,75.9265
2019-10-28,274.4297,189.584,143.4505,54.7857,36.632,111.1921,140.64,71.94,75.9182
2019-10-29,274.3483,188.1158,143.9185,54.7694,36.4444,111.265,140.25,71.957,75.9347
2019-10-30,275.1898,189.0275,143.4414,54.9973,36.6064,112.8933,141.02,71.9995,75.943
2019-10-31,274.4569,189.1138,142.6339,54.867,36.3165,114.4162,142.43,72.1268,75.9513
2019-11-01,276.9995,190.8314,145.0655,55.3553,36.8623,114.064,142.56,72.0843,75.9505
2019-11-04,278.1124,192.0117,145.8454,55.6402,37.2291,112.5628,142.15,72.0333,75.9588
2019-11-05,277.8048,192.1173,146.0289,55.5344,37.4423,111.2968,139.85,71.9822,75.9505
2019-11-06,277.8681,191.6855,145.1848,55.51,37.3229,111.9703,140.45,72.0247,75.9588
2019-11-07,278.8453,192.3284,145.5701,55.6808,37.5958,109.9416,138.27,71.9397,75.9754
2019-11-08,279.533,193.096,145.9647,55.6483,37.2546,109.4791,137.39,71.9482,75.9754
2019-11-11,278.999,192.837,145.6894,55.5751,36.9902,109.5521,137.06,71.9652,75.9754
2019-11-12,279.5871,193.3935,145.7353,55.5995,36.7514,110.0552,137.43,71.9737,75.9837
2019-11-13,279.6777,193.4415,145.1113,55.4042,36.47,110.7693,137.98,72.0077,75.9837
2019-11-14,280.0848,193.288,145.0655,55.2495,36.4956,111.9136,138.56,72.0758,75.992
2019-11-15,282.1117,194.7082,145.8179,55.5995,36.7855,111.7919,138.21,72.0503,75.9837
2019-11-18,282.3196,194.8617,145.4509,55.6646,36.7258,111.9947,138.62,72.0843,76.0003
2019-11-19,282.2383,195.1495,145.9922,55.5913,36.8026,112.928,138.69,72.0758,75.992
2019-11-20,281.1887,193.9789,145.4417,55.2414,36.6406,114.0965,138.76,72.1098,76.0003
2019-11-21,280.7363,193.5471,144.726,55.1682,36.5638,113.3824,138.0,72.0758,76.0003
2019-11-22,281.3606,193.6718,145.1756,55.3228,36.5638,113.5285,137.74,72.0673,76.0086
2019-11-25,283.5412,195.9652,148.2585,55.7622,36.9305,113.8612,137.08,72.0758,76.0086
2019-11-26,284.1836,196.3394,148.3595,55.7297,36.8197,114.5266,137.74,72.1098,76.0169
2019-11-27,285.4503,197.7116,149.4055,55.8762,36.8623,114.1939,137.01,72.0673,76.0336
2019-11-29,284.3918,196.8096,148.4329,55.4855,36.2823,113.9504,137.86,72.0928,76.0336
2019-12-02,281.9759,194.7945,146.9832,55.2007,36.2738,112.4311,137.79,72.0706,76.0393
2019-12-03,280.0848,193.2688,146.5152,54.9973,36.0862,114.7885,139.11,72.1728,76.031
2019-12-04,281.813,194.2475,147.5245,55.5018,36.3591,113.6423,138.92,72.1388,76.0393
2019-12-05,282.3196,194.6314,147.6713,55.396,36.5211,113.0896,139.0,72.1048,76.056
2019-12-06,284.8984,196.7137,149.3964,55.9006,36.7344,112.4636,137.62,72.0792,76.056
2019-12-09,284.0027,195.8213,149.1118,55.6076,36.5894,112.7075,137.58,72.0792,76.0643
2019-12-10,283.686,195.6581,149.2036,55.632,36.7173,112.7156,137.97,72.0451,76.0643
2019-12-11,284.4913,196.6945,149.1577,55.925,37.2546,113.6017,138.92,72.1048,76.0643
2019-12-12,286.9434,198.1626,150.4423,56.2994,37.9028,111.732,138.43,72.0366,76.0809
2019-12-13,287.1152,198.8152,149.8643,56.69,37.8858,113.0245,139.05,72.1217,76.0643
2019-12-16,289.0877,200.8111,150.9205,57.2957,38.2072,112.0084,139.04,72.0792,76.0809
2019-12-17,289.1511,200.9262,151.6758,56.9665,38.5557,111.8539,139.01,72.0962,76.0726
2019-12-18,289.1691,201.0798,151.9704,56.8924,38.7647,110.9354,139.02,72.1048,76.0892
2019-12-19,290.3545,202.3368,152.6243,56.8924,38.7822,111.1129,139.38,72.1193,76.0975
2019-12-20,291.6274,203.1525,152.8453,56.9336,38.8606,111.2594,139.52,72.1193,76.1017
2019-12-23,292.073,203.689,153.1492,57.0241,38.9128,111.0966,139.95,72.1022,76.1017
2019-12-24,292.0821,203.7948,153.4991,56.9665,38.8257,111.4141,141.27,72.1106,76.11
2019-12-26,293.6369,205.5931,153.4991,57.2134,39.1045,111.6828,142.38,72.1363,76.1183
2019-12-27,293.5641,205.42,152.744,57.3121,39.2613,111.805,142.33,72.1875,76.11
2019-12-30,291.9457,204.0738,152.3573,56.8842,39.0,111.3979,142.63,72.2131,76.1183
2019-12-31,292.6548,204.4584,152.569,57.1476,39.0871,110.3068,142.9,72.2045,76.1183
2020-01-02,295.3918,207.8723,152.6703,57.7236,39.8798,111.5525,143.95,72.2386,76.1433
2020-01-03,293.1549,205.9682,152.0718,57.0076,39.1393,113.2705,145.86,72.2984,76.1433
2020-01-06,294.2734,207.2953,152.2743,57.2299,39.0435,112.6273,147.39,72.2728,76.135
2020-01-07,293.446,207.2664,151.7678,57.0735,39.0174,112.0737,147.97,72.2728,76.135
2020-01-08,295.01,208.8243,152.2375,57.2381,39.2439,111.3328,146.86,72.2386,76.1517
2020-01-09,297.0103,210.5937,152.4217,57.3697,39.5052,111.7235,146.03,72.2472,76.16
2020-01-10,296.1556,210.0552,151.8507,57.1558,39.7143,112.7169,146.91,72.2643,76.16
2020-01-13,298.1923,212.4786,152.8361,57.452,40.3328,112.3749,145.82,72.2557,76.16
2020-01-14,297.7377,211.642,153.3979,57.5097,40.1063,112.953,145.69,72.2643,76.16
2020-01-15,298.4106,211.7285,154.1346,57.5097,39.7927,113.702,146.54,72.2984,76.1683
2020-01-16,300.8929,213.7576,156.1238,57.7483,40.0453,113.3438,146.31,72.2984,76.185
2020-01-17,301.8294,214.8154,155.7002,57.9211,40.2718,112.3749,146.58,72.324,76.1766
2020-01-21,301.2383,214.7193,154.4109,57.4603,39.2526,113.5555,146.74,72.3411,76.185
2020-01-22,301.2746,215.2866,154.3096,57.5755,39.5749,113.9544,146.79,72.3581,76.185
2020-01-23,301.6202,215.9791,154.2083,57.4356,39.1655,114.7524,147.12,72.3837,76.1933
2020-01-24,298.9379,214.1615,152.3112,57.1887,38.8519,115.6805,147.98,72.4093,76.1933
2020-01-27,294.146,209.7379,150.5799,56.0036,37.5103,117.4799,148.99,72.4861,76.2016
2020-01-28,297.2285,212.9594,151.8322,56.5303,37.8239,116.5598,147.66,72.4519,76.2016
2020-01-29,296.983,213.3056,150.9667,56.5385,38.0069,117.6997,148.46,72.5202,76.21
2020-01-30,297.9468,214.0653,150.9667,56.4892,37.4407,117.716,148.47,72.5288,76.21
2020-01-31,292.5367,210.6707,147.8355,55.5345,36.6828,118.7907,149.33,72.6226,76.21
2020-02-03,294.7098,213.8538,149.4839,55.6662,37.0922,118.6945,148.36,72.6012,76.2166
2020-02-04,299.2015,218.7486,151.7402,56.5962,38.0504,117.0961,146.43,72.5243,76.2166
2020-02-05,302.6568,219.4699,154.0793,57.1393,38.2682,115.8156,146.61,72.473,76.2333
2020-02-06,303.6751,221.3643,153.7294,57.2957,38.3031,116.3376,147.4,72.4902,76.2416
2020-02-07,302.0567,220.4123,151.8415,56.7525,37.7717,117.7892,147.79,72.5329,76.2416
2020-02-10,304.3116,223.0761,152.698,56.8677,37.9807,118.1155,148.17,72.567,76.2333
2020-02-11,304.8389,223.1145,153.757,57.2545,38.4773,117.5201,147.66,72.5329,76.2416
2020-02-12,306.8031,225.288,154.8161,57.452,39.0,116.9248,147.54,72.4987,76.2499
2020-02-13,306.4756,224.9994,155.2213,57.0488,38.486,117.3733,148.38,72.5158,76.2583
2020-02-14,306.9668,225.6437,154.6227,56.95,38.5034,117.8872,149.0,72.55,76.2583
2020-02-18,306.1756,225.7303,154.2912,56.5879,38.2508,118.6945,150.91,72.5756,76.2666
2020-02-19,307.6395,227.894,155.0832,56.7772,38.5295,118.6863,151.79,72.5842,76.2666
2020-02-20,306.3757,225.7784,155.4607,56.4398,37.9285,119.6161,152.41,72.6012,76.2666
2020-02-21,303.2206,221.4413,153.886,56.1764,37.7107,120.7334,154.7,72.6611,76.2833
2020-02-24,293.164,212.9018,149.2537,53.9297,36.2995,122.5357,156.09,72.7807,76.275
2020-02-25,284.2806,207.1125,143.9492,53.0409,36.012,123.1881,153.3,72.8577,76.275
2020-02-26,283.235,208.18,142.2824,53.1067,36.2995,122.5357,153.97,72.9088,76.2916
2020-02-27,270.5144,197.7556,137.2725,51.5348,35.4284,123.8651,154.0,72.9943,76.3083
2020-02-28,269.3778,197.9095,134.7584,51.2221,35.2977,126.6624,148.38,73.2592,76.3
2020-03-02,281.0436,208.1223,139.0867,51.8805,36.0643,125.7305,149.2,73.2293,76.3225
2020-03-03,272.9967,201.4484,136.2503,51.4608,35.8204,127.6825,153.89,73.5203,76.3392
2020-03-04,284.4716,209.8533,140.1274,52.9997,36.4563,126.3267,154.16,73.5288,76.3726
2020-03-05,275.0153,203.4775,135.6701,51.5924,35.6897,129.4713,157.49,73.6829,76.3892
2020-03-06,270.4689,200.0443,132.981,50.8189,34.958,136.2094,157.55,73.7684,76.3892
2020-03-09,249.3469,186.1483,120.0513,46.8768,32.5711,139.901,157.81,74.1707,76.4226
2020-03-10,262.2492,196.2843,123.7994,48.605,34.2262,132.73,154.48,73.8455,76.406
2020-03-11,249.465,187.7351,115.9256,46.1279,32.6321,127.8459,153.93,73.7599,76.4226
2020-03-12,225.5969,170.5215,103.1156,41.0583,29.3654,128.638,147.79,73.7428,76.431
2020-03-13,244.8824,184.9655,110.0225,43.5437,31.4822,125.7305,143.28,73.8369,76.4476
2020-03-16,218.0864,162.8089,95.4259,39.0503,27.5535,133.8735,141.64,73.9567,76.456
2020-03-17,229.8613,175.1566,99.8002,40.9514,29.4525,124.9464,143.56,73.7855,76.456
2020-03-18,218.2228,169.829,92.0645,38.6059,26.9088,117.8978,140.7,73.6914,76.4727
2020-03-19,218.6865,170.8484,95.6561,39.2066,27.1179,121.1077,138.04,73.8198,76.456
2020-03-20,209.2623,164.1552,93.3814,38.7211,27.3183,130.2144,140.11,74.0166,76.4811
2020-03-23,203.9119,164.2738,92.0,38.2684,26.6649,135.5804,146.3,74.1022,76.4644
2020-03-24,222.3869,176.9947,100.4172,41.511,28.6685,133.0568,153.4,73.9995,76.4644
2020-03-25,225.7161,175.6841,101.6653,42.8607,29.679,132.7545,151.3,74.0851,76.4644
2020-03-26,238.8957,184.9357,107.9888,44.7782,30.8027,133.408,153.24,74.1707,76.4644
2020-03-27,231.78,178.5752,104.0597,43.5026,29.0518,136.9689,152.25,74.1535,76.4476
2020-03-30,239.3073,185.0706,106.3524,44.3832,29.5309,135.8419,152.92,74.1878,76.4476
2020-03-31,235.7402,183.4901,105.8162,43.9964,29.7313,134.7393,148.05,74.1707,76.456
2020-04-01,225.1308,175.6937,98.6053,42.0459,28.4594,136.627,149.45,74.2186,76.4493
2020-04-02,230.3258,179.2594,99.539,42.8689,29.4177,137.494,151.9,74.2358,76.4577
2020-04-03,226.9966,176.7152,96.7193,41.8895,28.8601,137.8211,152.65,74.2186,76.4326
2020-04-06,242.2431,189.3494,104.1244,44.1116,30.4369,137.4613,156.88,74.1672,76.441
2020-04-07,242.4901,189.2724,104.3925,44.3585,30.5937,136.0218,156.04,74.1501,76.4243
2020-04-08,250.6301,193.2911,109.1536,44.7206,30.9073,135.032,154.65,74.1929,76.4326
2020-04-09,254.444,193.5705,114.3769,45.7329,30.794,135.2774,158.69,74.2186,76.4159
2020-04-13,252.1209,195.6618,111.2799,45.2967,30.8376,134.0423,161.41,74.2272,76.4326
2020-04-14,259.5567,204.1713,113.5357,46.1032,31.5432,134.0096,162.68,74.2272,76.441
2020-04-15,254.0416,201.8295,108.904,44.663,30.733,137.5595,161.85,74.2529,76.4326
2020-04-16,255.2671,205.5109,108.0812,44.6877,30.8986,139.1217,161.71,74.27,76.4243
2020-04-17,262.1632,207.4768,112.8423,45.8728,31.5867,137.2568,158.57,74.2444,76.441
2020-04-20,257.5445,205.0194,111.511,45.1897,31.186,138.361,159.7,74.2444,76.4326
2020-04-21,249.7246,197.4542,108.8485,44.3091,30.3236,140.1032,158.61,74.2615,76.4326
2020-04-22,255.2671,203.3136,110.1705,45.058,31.1512,138.6718,161.73,74.2358,76.4326
2020-04-23,255.2489,202.8799,111.2522,44.9181,31.0379,139.408,163.34,74.2272,76.441
2020-04-24,258.8066,206.0794,113.1659,45.4366,30.9944,139.7351,162.64,74.2272,76.4326
2020-04-27,262.5383,207.737,117.6496,46.0374,31.6216,137.1341,161.56,74.2272,76.4326
2020-04-28,261.331,203.8244,119.3599,46.383,31.6826,138.7127,160.84,74.2529,76.4326
2020-04-29,268.1723,211.0521,125.2304,47.5434,32.6059,137.993,161.73,74.2444,76.4243
2020-04-30,265.6755,210.9655,120.4693,46.5558,31.9178,136.3816,158.8,74.3728,76.441
2020-05-01,258.642,205.0194,115.6897,45.5436,30.7679,137.5495,159.78,74.2631,76.4276
2020-05-04,259.3554,207.4094,116.1889,45.5271,31.0989,136.9025,160.34,74.2631,76.4276
2020-05-05,261.7517,209.7608,117.0857,45.6094,31.2731,136.0263,161.02,74.2545,76.4276
2020-05-06,259.9774,211.0521,116.2259,45.3131,31.1773,133.8313,158.95,74.2802,76.436
2020-05-07,263.1144,213.7699,117.816,45.9962,31.4299,136.0671,161.39,74.3317,76.4276
2020-05-08,267.468,216.6995,122.3645,46.778,32.092,134.2981,160.42,74.3146,76.4276
2020-05-11,267.5229,218.6366,121.7543,46.7369,31.8829,133.2498,159.42,74.2888,76.436
2020-05-12,262.1907,214.0589,117.3815,46.1443,31.761,134.6176,160.04,74.306,76.436
2020-05-13,257.5537,211.3799,113.4525,45.7905,31.7,135.5594,161.58,74.306,76.436
2020-05-14,260.6359,213.7795,113.8223,45.3543,31.8219,136.8861,163.01,74.2888,76.4443
2020-05-15,261.8341,215.1672,115.6342,45.3954,31.3864,136.534,163.93,74.3317,76.4276
2020-05-18,269.8094,219.1762,122.6603,47.2307,32.6146,133.5365,162.69,74.2717,76.4276
2020-05-19,267.0381,218.6269,120.2381,46.5805,32.3533,134.036,164.26,74.3146,76.4276
2020-05-20,271.5746,222.9925,123.8806,47.5516,32.7802,134.4373,164.65,74.3146,76.4276
2020-05-21,269.6996,220.564,124.1025,47.0002,32.4056,134.7731,162.25,74.2974,76.436
2020-05-22,270.2119,221.3253,124.7034,46.8686,31.7348,135.584,163.21,74.2974,76.4276
2020-05-26,273.541,220.7278,128.2996,48.21,32.4317,133.7658,160.89,74.2974,76.436
2020-05-27,277.6111,221.9325,132.2841,48.7943,32.5363,133.5201,161.18,74.2802,76.4276
2020-05-28,277.0988,221.6433,129.1502,49.2552,32.3098,133.0286,161.72,74.3146,76.4276
2020-05-29,278.3336,224.891,128.4106,49.0824,32.8673,133.9787,162.91,74.3146,76.4276
2020-06-01,279.4585,225.5656,129.6402,50.1769,33.6251,133.0767,163.66,74.306,76.436
2020-06-02,281.7725,227.0787,130.7125,50.646,34.4266,132.5928,162.6,74.306,76.436
2020-06-03,285.5225,228.1001,133.865,51.8558,35.228,130.8297,159.6,74.2459,76.436
2020-06-04,284.7724,226.5004,133.6709,51.6336,34.7315,128.9354,161.28,74.2631,76.436
2020-06-05,292.071,230.9913,138.8388,52.5224,35.6461,128.017,158.01,74.2373,76.4193
2020-06-08,295.6013,232.7838,141.529,53.2055,35.8639,128.5091,159.72,74.2202,76.4276
2020-06-09,293.3972,234.4703,138.9127,52.5142,35.62,129.9686,161.26,74.2459,76.4276
2020-06-10,291.7601,237.2843,135.1408,52.399,35.8813,131.8958,163.57,74.2888,76.436
2020-06-11,274.9403,225.5271,124.8328,49.5926,34.0084,134.3888,162.39,74.2545,76.4193
2020-06-12,278.233,227.3196,127.8282,50.4485,34.7315,133.0931,162.62,74.2802,76.436
2020-06-15,280.8304,230.0854,130.7835,50.6555,34.416,133.1669,162.33,74.2631,76.436
2020-06-16,286.2358,234.0366,133.9281,51.2815,34.6351,131.125,162.25,74.2545,76.436
2020-06-17,285.0468,234.7787,131.507,51.4735,34.968,131.6662,162.56,74.2802,76.436
2020-06-18,285.1566,235.4147,131.4607,51.198,34.9856,133.0603,162.24,74.2716,76.4276
2020-06-19,283.5269,235.3762,130.7835,50.9476,34.9768,133.1669,164.03,74.2888,76.4276
2020-06-22,285.3458,238.199,132.0914,51.5569,35.4061,133.1832,165.09,74.2716,76.4276
2020-06-23,286.6594,240.2263,132.648,51.8407,35.7478,132.2731,166.48,74.2888,76.4276
2020-06-24,279.3471,235.2739,128.3439,50.5136,35.2747,133.6917,165.9,74.2974,76.4276
2020-06-25,282.3418,237.5136,130.2826,51.2314,35.4236,134.0771,165.8,74.2974,76.436
2020-06-26,275.6359,231.9047,126.7762,50.4886,34.9943,135.5122,166.54,74.3231,76.4276
2020-06-29,279.687,234.4339,130.9227,50.8976,35.152,135.0858,166.63,74.3403,76.4276
2020-06-30,283.2697,239.0292,132.815,50.8058,35.0381,134.4298,167.37,74.3317,76.4276
2020-07-01,285.2539,241.8192,131.5534,50.9977,35.4324,134.1686,166.62,74.3068,76.4276
2020-07-02,286.8249,243.4603,132.0914,51.5569,36.2385,134.3082,166.98,74.3412,76.436
2020-07-06,291.2526,249.4457,133.0469,52.4,37.7981,133.7582,167.98,74.3154,76.4276
2020-07-07,288.2487,247.7273,130.6908,51.6321,37.1672,135.6383,169.04,74.3325,76.4276
2020-07-08,290.4534,250.9903,131.6647,52.0661,38.131,135.0964,170.09,74.3325,76.4276
2020-07-09,288.7999,253.1045,129.0025,51.4735,38.131,137.2475,169.63,74.3498,76.4276
2020-07-10,291.7487,254.8325,131.0804,52.0244,37.8857,136.5578,169.19,74.324,76.436
2020-07-13,289.2224,249.5905,129.4199,51.6905,37.6316,137.0093,169.4,74.324,76.436
2020-07-14,292.9704,251.3572,131.5627,52.45,37.6842,137.2064,170.19,74.3325,76.436
2020-07-15,295.6621,251.8687,136.3862,53.0426,37.7981,136.566,170.34,74.3412,76.436
2020-07-16,294.6882,250.1505,135.5793,52.7004,37.2636,137.2145,168.73,74.3412,76.4276
2020-07-17,295.5425,250.44,135.9782,53.0093,37.4739,136.9273,170.12,74.3584,76.436
2020-07-20,297.931,257.5453,135.3937,53.268,37.9558,137.2638,170.94,74.3412,76.436
2020-07-21,298.5649,254.8616,137.3139,53.3765,38.3063,137.346,173.0,74.3584,76.436
2020-07-22,300.2643,255.7592,137.3881,53.5184,38.1398,137.7564,175.63,74.3498,76.4276
2020-07-23,296.6817,249.0789,137.5272,53.0927,37.8331,139.3656,177.18,74.3498,76.436
2020-07-24,294.771,246.7136,135.5051,52.8006,37.7981,139.3574,178.7,74.3584,76.4276
2020-07-27,296.9206,251.1158,136.915,53.4934,38.3851,138.8402,182.23,74.3325,76.4276
2020-07-28,295.0374,247.9204,135.5515,53.1511,38.0697,139.8008,183.75,74.3498,76.436
2020-07-29,298.6659,250.7779,138.5383,53.7104,38.683,139.5626,185.13,74.3669,76.436
2020-07-30,297.6003,252.0908,137.9911,52.9174,38.1923,140.4822,183.76,74.3927,76.4276
2020-07-31,299.9521,256.5895,136.6924,51.7906,37.9295,140.3919,185.43,74.4013,76.436
2020-08-03,302.0374,260.0553,138.9186,52.8006,38.1923,139.6851,185.64,74.4013,76.4276
2020-08-04,303.204,261.0206,139.874,53.0927,38.7005,141.0165,189.59,74.4099,76.436
2020-08-05,305.0872,261.6674,142.6569,53.268,39.1211,139.7836,191.35,74.3927,76.4276
2020-08-06,307.1266,265.1332,142.6012,53.3264,39.2438,140.5645,193.89,74.3927,76.4276
2020-08-07,307.3471,262.0729,144.8646,53.1094,38.4377,139.6275,190.81,74.3841,76.436
2020-08-10,308.2656,260.9531,146.3673,53.2847,38.5341,139.0028,190.15,74.3669,76.436
2020-08-11,305.721,256.0103,145.5232,53.4767,38.4289,137.3508,179.94,74.3497,76.4276
2020-08-12,309.9835,262.4494,146.1169,54.6619,38.9459,136.1015,179.1,74.3326,76.4276
2020-08-13,309.4231,263.048,145.8108,54.4198,38.8319,134.6467,183.33,74.3239,76.436
2020-08-14,309.4324,262.739,145.718,54.086,38.7619,134.1206,182.54,74.3326,76.4276
2020-08-17,310.4153,265.7896,146.4694,54.4949,39.2525,134.4576,186.5,74.3411,76.4276
2020-08-18,311.0858,268.348,145.0686,54.4616,39.2087,135.4193,188.18,74.3497,76.436
2020-08-19,309.7906,266.5427,145.0779,54.2195,38.7268,134.5727,182.24,74.3497,76.436
2020-08-20,310.7551,270.24,144.4843,54.0442,38.6042,135.7892,183.5,74.3497,76.436
2020-08-21,311.8576,272.1129,143.4176,53.7688,38.7969,136.6029,182.03,74.3411,76.436
2020-08-24,315.0177,273.812,144.9203,54.4783,39.2262,136.3809,181.0,74.3326,76.436
2020-08-25,316.12,275.9648,145.0779,54.5116,39.6205,135.3371,181.22,74.3411,76.4276
2020-08-26,319.2893,281.8536,144.1689,54.8288,39.7256,134.8193,183.36,74.3411,76.4276
2020-08-27,319.9874,280.9751,144.5214,54.2696,39.3927,132.5261,181.24,74.3326,76.4276
2020-08-28,322.0544,282.4039,145.7458,54.6535,39.9097,132.4275,184.39,74.3583,76.436
2020-08-31,320.8876,284.6726,144.1782,54.2362,39.0247,133.3069,184.83,74.3841,76.436
2020-09-01,323.91,289.5381,145.8293,54.2946,39.6906,134.8316,185.05,74.366,76.436
2020-09-02,328.5951,292.2798,146.9889,55.0208,39.5855,136.1153,182.62,74.3747,76.436
2020-09-03,317.2867,277.4612,142.6477,53.7771,38.8319,136.5021,181.14,74.366,76.4276
2020-09-04,314.696,273.7638,141.7386,53.8523,38.8495,133.9101,181.64,74.3403,76.436
2020-09-08,306.0977,260.6056,139.0114,53.1929,38.1748,134.7329,181.29,74.3488,76.436
2020-09-09,312.1423,268.261,141.1171,54.1861,38.7443,134.3709,183.05,74.3575,76.4276
2020-09-10,306.7224,262.9128,139.2804,53.5518,38.1223,135.0538,182.46,74.3488,76.4276
2020-09-11,306.8785,261.0882,138.3528,54.086,38.4902,135.3418,182.45,74.366,76.4193
2020-09-14,310.9205,265.6352,141.9983,54.3781,39.1123,135.3336,183.89,74.3575,76.436
2020-09-15,312.4914,269.4001,142.2673,54.7287,39.5241,135.0045,183.45,74.366,76.4193
2020-09-16,311.2513,265.1042,143.6124,54.7287,39.4716,134.6013,183.97,74.3747,76.436
2020-09-17,308.5137,260.9628,142.5641,54.8038,39.3139,135.0127,182.96,74.3575,76.436
2020-09-18,304.9619,257.6322,142.1931,54.3614,39.0072,134.5931,183.2,74.366,76.4193
2020-09-21,301.5678,258.2501,137.2118,52.9842,38.648,135.2761,179.52,74.3575,76.4193
2020-09-22,304.6391,263.048,138.2693,52.9675,38.3588,135.169,178.65,74.3747,76.4193
2020-09-23,297.5742,255.016,134.1499,52.5252,37.763,135.3501,174.79,74.3747,76.4193
2020-09-24,298.3673,256.2034,134.1499,52.4751,37.5878,135.8685,175.44,74.366,76.4276
2020-09-25,303.191,262.1597,136.3288,52.6504,37.6228,135.8685,174.94,74.3747,76.4193
2020-09-28,308.2269,267.6046,139.6903,53.4433,38.0434,135.4817,176.7,74.3832,76.4276
2020-09-29,306.5482,266.3978,139.0571,53.3849,38.0171,135.6381,178.19,74.3747,76.4276
2020-09-30,308.8724,268.2224,139.4761,53.1261,38.6304,134.338,177.12,74.3832,76.4193
2020-10-01,310.8555,272.4798,141.7015,53.4349,38.9897,134.5595,178.7,74.366,76.4193
2020-10-02,307.9041,264.8146,142.3254,53.3264,38.5428,134.0571,178.54,74.3747,76.4193
2020-10-05,313.3642,270.4621,146.2548,54.136,39.0598,131.4378,179.41,74.3488,76.4193
2020-10-06,308.9094,265.6352,145.8358,53.5601,39.1299,132.1461,177.3,74.3488,76.4276
2020-10-07,314.2865,270.2305,149.0203,54.0192,39.5592,131.1824,177.22,74.3403,76.4193
2020-10-08,317.0718,271.6689,150.715,54.3948,39.8834,131.8907,177.85,74.3403,76.4193
2020-10-09,319.9034,275.82,151.4971,54.8205,40.155,131.8661,181.08,74.3403,76.4193
2020-10-12,325.0498,284.3347,152.5121,55.1376,40.5054,132.2861,180.56,74.3574,76.4276
2020-10-13,322.9286,284.325,151.4971,54.52,40.339,133.2334,177.72,74.3488,76.4193
2020-10-14,320.8994,281.9501,149.998,54.4282,40.0674,133.5382,178.27,74.3488,76.4193
2020-10-15,320.5028,280.058,151.5437,53.7855,39.7782,133.3075,178.92,74.366,76.4193
2020-10-16,320.3091,278.5232,151.1712,54.0359,39.9184,132.9369,178.3,74.3574,76.4276
2020-10-19,315.4393,273.9761,149.3649,53.8356,39.8045,132.4344,178.39,74.3574,76.4276
2020-10-20,316.7029,274.5649,149.6907,54.1027,40.2426,131.1741,179.25,74.3488,76.4193
2020-10-21,316.1034,274.3525,148.4058,53.8439,40.3565,130.7211,180.6,74.3488,76.4193
2020-10-22,317.8373,274.343,150.9664,53.8856,40.3477,129.362,178.83,74.323,76.4276
2020-10-23,318.9164,274.8836,151.8417,54.2362,40.5843,130.1528,178.64,74.3316,76.4276
2020-10-26,313.023,270.7613,148.564,53.2597,40.0586,131.3636,178.55,74.3403,76.4276
2020-10-27,311.9437,272.8756,147.2884,52.8423,40.2338,132.2449,179.02,74.3403,76.4193
2020-10-28,301.2819,262.2371,142.7537,51.2648,39.2262,132.3685,176.13,74.3403,76.4193
2020-10-29,304.3439,266.8226,144.4577,51.5069,39.6205,131.0835,175.4,74.3574,76.4276
2020-10-30,301.1712,260.0553,142.5488,51.2398,39.1737,129.7904,176.2,74.3488,76.4276
2020-11-02,304.5469,260.6345,145.0909,51.9075,39.6731,130.7625,177.91,74.3479,76.4276
2020-11-03,309.9239,265.1429,149.2065,53.268,39.8483,130.0038,178.92,74.3308,76.4276
2020-11-04,316.8504,276.9785,149.3741,53.8523,41.1012,132.8239,178.82,74.3479,76.4193
2020-11-05,323.03,284.1996,153.555,55.146,41.8022,133.0549,182.93,74.3308,76.4276
2020-11-06,322.9561,284.4119,152.3538,55.2628,41.9949,131.447,183.19,74.3393,76.4193
2020-11-09,327.0144,278.6003,157.8755,56.8737,42.2841,128.6846,175.08,74.3135,76.4276
2020-11-10,326.5346,273.6092,160.8086,57.3829,41.8022,127.9425,175.66,74.3049,76.4193
2020-11-11,328.9604,279.7298,160.7434,57.867,42.0738,128.4043,174.9,74.2877,76.4193
2020-11-12,325.7692,278.4169,158.2758,57.024,41.7584,130.5893,175.96,74.2963,76.4193
2020-11-13,330.2793,280.8594,161.5535,57.9004,42.3454,130.4162,177.16,74.2963,76.4276
2020-11-16,334.402,283.0508,165.3991,58.5013,42.8711,130.1029,177.15,74.3135,76.4276
2020-11-17,332.6035,282.153,166.172,58.4429,42.8273,130.9521,176.5,74.3049,76.4276
2020-11-18,328.6008,280.0677,163.8441,58.1341,42.6784,131.3315,175.49,74.3049,76.4276
2020-11-19,329.9841,282.2592,165.1012,58.543,42.7485,132.0076,175.16,74.3221,76.4276
2020-11-20,327.7245,280.3284,165.2781,58.7183,42.985,133.1785,175.69,74.3308,76.4276
2020-11-23,329.689,280.338,168.3695,58.6432,43.0989,132.5684,172.23,74.3308,76.4276
2020-11-24,335.0016,284.2768,171.5354,59.5196,43.6772,131.249,169.59,74.3393,76.4276
2020-11-25,334.485,286.024,170.9487,59.4445,43.4319,130.8449,169.51,74.3479,76.4193
2020-11-27,335.4166,288.6596,171.675,59.8535,43.8437,132.1148,167.79,74.3479,76.4276
2020-11-30,333.9317,289.2485,168.5557,58.5514,42.6959,131.9499,166.67,74.3652,76.4193
2020-12-01,337.584,292.9555,170.12,59.9286,43.537,130.0044,170.18,74.3247,76.4134
2020-12-02,338.2942,293.3321,170.297,59.9369,43.5983,128.9727,171.46,74.3419,76.4218
2020-12-03,338.2019,293.7472,171.256,60.0371,44.0978,130.0126,172.81,74.3591,76.4218
2020-12-04,341.1164,294.9442,175.2413,60.5462,44.5534,128.1059,172.32,74.3505,76.4301
2020-12-07,340.4155,296.6143,175.409,60.0538,44.5534,129.2615,174.89,74.3677,76.4134
2020-12-08,341.4116,297.6183,177.6623,60.2625,44.5709,129.8723,175.5,74.3505,76.4134
2020-12-09,338.3496,290.8801,176.368,60.3459,44.1854,129.4431,172.5,74.3419,76.4134
2020-12-10,338.2389,292.048,178.072,60.4294,44.7549,130.5905,172.17,74.3591,76.4134
2020-12-11,337.8423,291.4012,177.1967,60.2458,44.4395,131.0527,172.49,74.4022,76.4218
2020-12-14,336.3297,293.5155,177.404,60.2828,44.2084,130.6895,171.54,74.3936,76.4134
2020-12-15,340.8766,296.653,181.8408,60.8981,44.6864,130.252,173.94,74.3936,76.4134
2020-12-16,341.4116,298.2845,181.187,61.134,44.8989,129.9054,174.9,74.3936,76.4218
2020-12-17,343.3207,300.2346,183.3446,61.5638,45.191,129.5617,176.74,74.3953,76.4218
2020-12-18,341.9498,299.3271,182.4573,61.2436,45.1379,129.1733,176.44,74.3867,76.4218
2020-12-21,340.7273,298.7672,182.3639,60.4598,44.474,129.6856,175.88,74.3867,76.4218
2020-12-22,340.153,299.5796,184.4375,60.3081,44.1199,130.3549,174.49,74.3867,76.4218
2020-12-23,340.4586,298.0708,186.0067,60.957,44.5714,129.4542,175.65,74.4039,76.4134
2020-12-24,341.7832,299.3861,185.8852,60.9823,44.3766,129.9665,176.35,74.3867,76.4218
2020-12-28,344.7194,302.4036,185.1941,61.4796,44.5005,130.0244,175.71,74.3953,76.4218
2020-12-29,344.0618,302.6743,181.6073,61.8757,45.1645,129.8591,176.35,74.3953,76.4218
2020-12-30,344.5526,302.6841,183.4568,61.9599,45.7664,130.14,177.7,74.4039,76.4134
2020-12-31,346.3033,303.4287,183.1298,61.488,45.7399,130.33,178.36,74.3953,76.4218
2021-01-04,341.5887,299.1442,180.7386,61.8082,46.032,130.173,182.33,74.4039,76.4218
2021-01-05,343.9414,301.6105,183.5315,62.4487,47.1385,129.2063,182.87,74.4039,76.4134
2021-01-06,345.9976,297.4325,191.0412,63.1651,46.7402,126.5539,179.9,74.3608,76.4218
2021-01-07,351.1382,304.628,194.4411,63.2325,47.1828,125.4384,179.48,74.3781,76.4218
2021-01-08,353.139,308.5449,194.0208,63.8224,48.431,125.0336,173.34,74.3695,76.4134
2021-01-11,350.7584,304.0864,193.8527,62.9881,47.7759,124.827,173.0,74.3608,76.4218
2021-01-12,350.8326,303.6028,197.3273,63.2746,48.2451,124.7278,174.12,74.3608,76.4134
2021-01-13,351.7774,305.6531,195.9169,63.1904,48.3513,126.1326,173.37,74.3523,76.4134
2021-01-14,350.5455,304.0187,199.8306,63.696,48.8028,124.9509,173.28,74.3608,76.4218
2021-01-15,347.989,301.6105,196.851,62.7016,48.1123,125.4468,171.13,74.3695,76.4218
2021-01-19,350.7214,306.011,199.3729,63.1566,48.909,125.8516,172.58,74.3953,76.4218
2021-01-20,355.575,313.1291,200.2509,63.5865,49.7677,125.9755,175.39,74.3867,76.4218
2021-01-21,355.8992,315.634,198.5136,63.637,49.8562,125.0914,175.28,74.3953,76.4218
2021-01-22,354.6394,314.7249,200.8207,63.3336,49.4224,125.4963,173.9,74.3953,76.4134
2021-01-25,356.038,317.3265,200.6246,63.2578,49.7942,126.9753,174.05,74.4039,76.4218
2021-01-26,355.4823,317.7906,199.2328,63.3505,49.4313,126.7357,173.62,74.3953,76.4134
2021-01-27,346.7941,308.9318,195.5807,61.9009,48.0592,127.058,172.52,74.3953,76.4134
2021-01-28,349.7767,310.7596,194.9549,62.297,48.3955,126.3556,172.68,74.3867,76.4218
2021-01-29,342.7743,304.2218,192.0033,61.0076,47.1916,125.5954,172.61,74.4125,76.4218
2021-02-01,348.4799,311.8235,196.7202,61.7324,48.4664,125.741,174.23,74.4211,76.4218
2021-02-02,353.4076,316.9105,199.5224,62.356,49.0949,124.9303,172.11,74.3953,76.4134
2021-02-03,353.6854,315.6533,200.1202,62.5077,49.3428,123.8218,171.85,74.4039,76.4134
2021-02-04,357.7053,319.3864,204.202,62.5751,49.3605,123.491,168.15,74.4039,76.4218
2021-02-05,359.1132,320.4696,207.0322,62.9628,49.7854,122.4569,169.81,74.4211,76.4218
2021-02-08,361.7066,322.6166,212.3189,63.4011,49.8739,122.9946,171.52,74.4125,76.4218
2021-02-09,361.4659,322.549,213.3183,63.7466,50.405,123.0855,172.08,74.3953,76.4218
2021-02-10,361.3083,321.814,211.9172,63.5275,50.5821,123.9045,172.71,74.4039,76.4134
2021-02-11,361.8919,323.5838,211.6744,63.9573,51.1221,123.2262,171.21,74.4039,76.4218
2021-02-12,363.6796,325.3923,212.2722,64.3112,51.1663,121.6958,170.69,74.4125,76.4134
2021-02-16,363.3647,324.5123,210.9365,64.7748,51.2903,119.8428,168.24,74.3867,76.4218
2021-02-17,363.448,322.9552,209.2832,64.3955,51.308,120.6038,166.33,74.4039,76.4218
2021-02-18,361.9012,321.5431,206.0421,64.0753,50.5998,120.1158,166.32,74.4039,76.4134
2021-02-19,361.2621,320.1407,210.3387,64.2607,50.9273,118.5192,167.01,74.4125,76.4218
2021-02-22,358.4833,311.8427,208.9749,64.1005,49.4313,117.6175,169.51,74.3953,76.4134
2021-02-23,358.9187,310.9143,207.1349,64.1595,49.6526,117.2783,169.12,74.4039,76.4134
2021-02-24,362.8737,313.4773,212.0293,64.3618,49.3339,116.509,169.0,74.3867,76.4051
2021-02-25,354.1299,302.5486,204.1926,63.2662,48.2097,114.6063,165.82,74.2747,76.4134
2021-02-26,352.3054,303.8156,203.9124,62.3729,47.5634,118.3951,161.81,74.3695,76.4134
2021-03-01,360.8453,312.955,211.1607,63.5443,48.8382,116.8314,161.53,74.3626,76.4051
2021-03-02,358.0295,307.9356,207.0975,63.4769,48.3601,116.8396,162.41,74.3798,76.4051
2021-03-03,353.2871,298.9993,204.8558,63.0892,48.2628,115.5724,160.62,74.3367,76.4134
2021-03-04,348.9153,294.1056,199.1301,62.4909,47.1385,114.8271,159.04,74.3367,76.4134
2021-03-05,355.3341,298.535,203.352,62.8954,47.652,115.0507,159.14,74.3367,76.4134
2021-03-08,353.565,290.0823,204.3141,62.6763,46.3684,114.1561,157.49,74.3108,76.4051
2021-03-09,358.613,301.5235,208.6107,63.5191,47.3864,115.7381,160.84,74.3108,76.4051
2021-03-10,360.8453,300.6628,212.2348,63.7887,47.1739,115.9699,161.66,74.3367,76.4051
2021-03-11,364.5038,307.5874,216.9051,64.1258,48.6611,115.1335,161.52,74.3367,76.4134
2021-03-12,364.9948,305.0922,218.1847,64.286,47.7936,112.6902,161.49,74.3281,76.4051
2021-03-15,367.1715,308.3515,218.96,64.3365,47.9087,113.3528,162.2,74.3367,76.4051
2021-03-16,366.7084,310.0439,215.2985,64.4461,48.1123,112.8972,162.35,74.3367,76.4051
2021-03-17,367.9588,311.3204,216.9891,64.8253,48.1742,112.0525,163.51,74.3539,76.4134
2021-03-18,362.6051,301.7846,210.3854,64.2354,47.289,110.9177,162.56,74.3453,76.4051
2021-03-19,361.9341,302.8484,211.9733,64.4124,47.8733,111.6052,163.24,74.3453,76.4051
2021-03-22,364.8242,308.5278,210.376,64.4714,47.7316,112.8558,163.0,74.3367,76.4051
2021-03-23,361.9528,307.1819,202.7449,63.578,46.8198,113.8746,161.81,74.3453,76.4134
2021-03-24,360.1129,302.0012,198.0559,63.2578,45.7487,114.4874,162.37,74.3626,76.4051
2021-03-25,362.1386,301.4782,202.7518,63.7297,45.9612,113.5847,161.78,74.3712,76.4051
2021-03-26,367.9745,306.0004,206.4483,64.5556,47.1562,113.1871,162.24,74.3712,76.4051
2021-03-29,367.7886,305.9133,200.6369,64.3028,46.8287,112.2264,160.31,74.3539,76.4051
2021-03-30,366.8129,304.3736,204.0152,64.2185,46.9792,112.8144,157.57,74.3539,76.4134
2021-03-31,368.2997,309.0314,206.7571,63.9404,47.2182,112.185,159.96,74.3281,76.4051
2021-04-01,372.277,314.2993,209.3773,64.7748,47.6785,114.0469,161.98,74.3272,76.4134
2021-04-05,377.6203,320.5742,210.5284,65.7187,47.8644,113.5493,161.92,74.31,76.4051
2021-04-06,377.3973,320.3515,209.9107,65.0191,48.13,114.3206,163.22,74.3272,76.3967
2021-04-07,377.8342,321.1261,206.5231,65.154,47.4218,113.5244,162.76,74.3358,76.3967
2021-04-08,379.6276,324.4766,208.2731,65.5248,47.8113,114.4616,164.51,74.3617,76.4051
2021-04-09,382.3875,326.4424,208.3012,65.7271,47.4041,114.0469,163.27,74.3358,76.3967
2021-04-12,382.5269,326.0164,207.487,65.3647,47.1208,113.9971,162.28,74.3186,76.3967
2021-04-13,383.6607,329.822,206.9442,65.7439,47.3156,114.8514,163.43,74.3445,76.3967
2021-04-14,382.3504,325.8615,208.9843,65.7945,47.5546,114.4865,162.72,74.3445,76.3967
2021-04-15,386.4577,330.8,209.892,66.3423,47.9883,116.4023,165.35,74.3617,76.4051
2021-04-16,387.7495,331.1874,210.2289,66.8227,48.1123,115.4983,166.35,74.3531,76.4051
2021-04-19,385.8444,328.1564,207.4963,66.7047,47.9352,115.1665,165.89,74.3445,76.3967
2021-04-20,383.0195,325.7646,203.2478,65.508,47.5457,115.6973,166.48,74.3617,76.3967
2021-04-21,386.6436,328.5535,208.2169,66.1822,47.8379,115.9296,168.13,74.3789,76.3967
2021-04-22,383.1124,324.5929,207.356,65.963,47.6697,116.4355,167.04,74.3703,76.4051
2021-04-23,387.2662,328.6793,211.2677,66.6373,48.3601,116.1618,166.4,74.3531,76.4051
2021-04-26,388.0746,330.8193,213.4668,66.6878,48.4221,115.9959,166.84,74.3358,76.3967
2021-04-27,387.9911,329.3862,213.785,66.4687,48.3955,114.9841,166.42,74.3272,76.4051
2021-04-28,387.8795,328.2726,214.1499,66.6373,48.7585,115.0587,166.91,74.3445,76.3967
2021-04-29,390.3515,329.454,213.3545,66.6625,48.6434,114.7187,166.22,74.3617,76.3967
2021-04-30,387.7866,327.2946,210.4535,65.8282,47.7847,114.9841,165.66,74.3703,76.4051
2021-05-03,388.623,325.5516,211.4829,66.553,47.7847,115.053,167.81,74.3634,76.4051
2021-05-04,386.2255,319.6931,208.9562,65.567,47.2448,115.8338,166.58,74.3634,76.3967
2021-05-05,386.3463,318.6182,208.1233,66.4603,47.4661,116.0248,167.27,74.3806,76.4051
2021-05-06,389.4316,321.0196,208.3012,67.0081,47.9175,116.2159,170.06,74.3806,76.4051
2021-05-07,392.2657,323.6246,210.9214,67.7666,48.4133,115.6427,171.59,74.4065,76.3967
2021-05-10,388.3814,315.4516,205.5592,67.4042,47.5457,114.4716,172.11,74.3806,76.3967
2021-05-11,384.9152,315.0158,204.9042,66.5193,47.413,113.8238,172.14,74.372,76.3967
2021-05-12,376.7375,306.8622,198.2506,65.4574,46.1028,112.6277,170.43,74.3634,76.3884
2021-05-13,381.2631,309.2348,201.9002,65.9462,46.0408,112.8021,171.13,74.3806,76.3884
2021-05-14,387.1175,316.0617,206.8319,67.0502,46.873,113.8569,172.69,74.3806,76.3884
2021-05-17,386.1325,314.1443,207.1127,66.9238,46.8287,113.6161,174.7,74.3806,76.3967
2021-05-18,382.8057,312.0236,205.5405,67.0671,47.4572,113.3255,175.04,74.3893,76.3967
2021-05-19,381.8021,312.3819,203.959,66.4771,47.3156,113.0513,175.16,74.3634,76.3884
2021-05-20,385.9095,318.4244,205.3159,67.3536,47.59,113.9816,175.96,74.3979,76.3884
2021-05-21,385.5936,316.6621,205.8493,67.4463,47.0411,114.347,176.04,74.3806,76.3967
2021-05-24,389.5244,321.988,207.1875,67.8593,47.4307,114.7706,176.35,74.3979,76.3884
2021-05-25,388.6602,322.4335,205.1849,67.8761,47.8998,115.8338,177.95,74.3979,76.3884
2021-05-26,389.4316,323.5567,209.0124,67.834,48.2539,115.6344,177.64,74.4151,76.3884
2021-05-27,389.6359,322.3463,211.1647,67.9604,48.2628,115.1693,177.71,74.4151,76.3967
2021-05-28,390.3329,323.363,211.0243,68.1205,48.5726,114.9866,178.38,74.4151,76.3967
2021-06-01,389.989,322.2882,213.42,68.3649,49.5729,114.9608,177.9,74.3997,76.3884
2021-06-02,390.6024,322.9176,213.6726,68.5925,49.6526,115.227,178.77,74.4083,76.3884
2021-06-03,389.1526,319.5574,211.8853,68.2554,49.1214,114.7944,175.27,74.3824,76.3884
2021-06-04,392.7118,324.9802,212.8023,68.8369,49.5641,116.3665,177.16,74.4083,76.3967
2021-06-07,392.3308,325.9485,215.6566,69.0644,49.3162,116.0088,177.87,74.3997,76.38
2021-06-08,392.4144,326.1035,217.94,69.0307,49.0772,116.8241,177.32,74.4169,76.38
2021-06-09,391.829,326.1809,216.4894,68.8453,48.9355,117.8554,176.98,74.3997,76.38
2021-06-10,393.6504,329.5799,214.884,69.035,49.3276,118.5624,177.74,74.4255,76.38
2021-06-11,394.3008,330.4418,217.152,69.1973,49.1587,118.3711,175.74,74.4083,76.3884
2021-06-14,395.1837,333.6083,216.5148,69.3169,49.2921,117.4645,174.71,74.3824,76.38
2021-06-15,394.4588,331.4295,215.8962,69.4023,48.9542,117.3231,174.05,74.3737,76.38
2021-06-16,392.2564,330.219,215.437,68.9752,48.2874,117.2233,171.11,74.3048,76.3884
2021-06-17,392.1264,334.4121,213.0189,68.4967,48.5541,118.9783,165.85,74.3048,76.38
2021-06-18,386.8363,331.7878,208.1829,67.0786,48.2163,121.2158,164.93,74.2444,76.3884
2021-06-21,392.3743,333.8498,212.6347,67.9586,48.4208,119.1863,166.95,74.2617,76.38
2021-06-22,394.472,336.9619,213.6,67.9671,48.1985,119.4774,166.25,74.3048,76.38
2021-06-23,393.9966,337.1266,214.3029,67.5314,48.4919,119.1697,166.14,74.253,76.38
2021-06-24,396.3274,339.2111,217.3301,68.1807,48.9364,119.3609,166.04,74.2617,76.3884
2021-06-25,397.7352,338.7942,217.6956,68.3259,49.3454,118.1216,166.59,74.253,76.3884
2021-06-28,398.537,342.9145,215.9712,67.8902,49.3899,119.336,166.58,74.2789,76.38
2021-06-29,398.7514,344.1554,214.9402,67.9073,49.3543,119.5356,164.83,74.2703,76.38
2021-06-30,399.087,343.6125,214.9684,67.3862,49.0342,120.068,165.63,74.2875,76.38
2021-07-01,401.2966,343.7482,216.8615,67.5485,48.7586,120.0746,166.2,74.2729,76.3884
2021-07-02,404.364,347.694,214.7997,67.7791,48.7053,120.7992,167.29,74.3074,76.38
2021-07-06,403.6274,349.1967,211.6788,67.3349,47.8517,122.2151,168.12,74.3332,76.3717
2021-07-07,405.0539,349.9335,209.7106,67.7023,47.7984,123.2978,168.76,74.3419,76.3717
2021-07-08,401.7535,347.82,207.7799,66.8309,46.8026,123.7809,168.65,74.3764,76.38
2021-07-09,406.0421,349.9916,212.1661,67.9671,47.6117,122.0401,169.21,74.3505,76.38
2021-07-12,407.4965,351.3586,212.3442,68.2576,47.6561,121.8819,169.0,74.3332,76.38
2021-07-13,406.1073,351.3586,208.3423,67.8988,47.7006,120.9491,169.22,74.2729,76.38
2021-07-14,406.7133,351.9888,205.1276,68.0525,47.9051,122.3234,171.04,74.3246,76.3717
2021-07-15,405.3243,349.5166,203.9655,67.4033,48.0207,123.6725,171.07,74.3332,76.38
2021-07-16,402.145,346.6857,201.4537,66.9078,47.6472,123.4394,169.41,74.3246,76.38
2021-07-19,396.2061,343.8452,198.4359,65.6947,46.847,126.1463,169.61,74.3591,76.3717
2021-07-20,401.884,347.8394,204.5934,66.1731,46.9982,124.9302,169.39,74.3936,76.3717
2021-07-21,405.1378,350.5248,208.1173,67.1812,47.3005,123.3478,168.76,74.3677,76.3717
2021-07-22,405.9861,352.8419,204.809,67.2068,47.3894,124.5138,169.09,74.3764,76.38
2021-07-23,410.1629,356.9622,205.7649,67.6766,46.687,123.6809,168.56,74.385,76.3717
2021-07-26,411.1698,357.2433,206.3647,67.7706,45.7979,123.3145,168.16,74.3677,76.38
2021-07-27,409.2959,353.3072,203.9561,67.4972,44.8732,124.6304,168.44,74.385,76.3717
2021-07-28,409.1281,354.6645,206.9552,67.7877,46.0913,124.6387,169.29,74.3936,76.3717
2021-07-29,410.8249,355.2947,208.5484,68.2576,46.3225,123.9475,171.17,74.3936,76.38
2021-07-30,408.8297,353.443,207.1707,67.9073,45.8779,124.5304,169.82,74.4109,76.3717
2021-08-02,407.972,353.4721,206.1398,68.249,46.2069,125.6412,169.61,74.4385,76.3717
2021-08-03,411.291,355.6146,206.9927,68.736,46.4025,125.7079,169.49,74.4385,76.3717
2021-08-04,409.2679,356.1285,204.4153,68.5309,46.6425,125.9664,169.53,74.4126,76.3717
2021-08-05,411.8598,358.3873,208.0892,68.8641,46.5714,125.3243,168.86,74.3781,76.3717
2021-08-06,412.5403,356.8167,209.3638,68.6078,46.1802,123.2313,164.64,74.3522,76.38
2021-08-09,412.2047,357.476,208.211,68.5736,46.3314,122.7893,161.72,74.3263,76.38
2021-08-10,412.7174,355.6437,208.6234,68.7274,46.3936,122.2223,161.77,74.3005,76.3717
2021-08-11,413.743,355.0329,209.645,69.1973,46.5181,122.1473,164.0,74.335,76.3717
2021-08-12,414.983,356.3127,209.1483,69.1375,46.1091,121.9471,164.04,74.335,76.3717
2021-08-13,415.7382,357.5633,207.2457,69.5561,45.9935,123.8733,166.39,74.3436,76.38
2021-08-16,416.7171,357.7184,205.3151,69.1973,45.5756,124.1735,167.22,74.3608,76.3633
2021-08-17,413.9854,354.5676,202.8127,68.548,44.7398,124.1235,166.97,74.3436,76.3633
2021-08-18,409.4544,351.155,201.0414,68.2832,44.811,124.5405,167.1,74.3436,76.3633
2021-08-19,410.0883,352.8516,198.6328,67.6083,44.0464,125.4577,166.61,74.3436,76.38
2021-08-20,413.3514,356.5065,201.988,67.8731,44.0108,125.5411,166.7,74.3436,76.38
2021-08-23,416.9875,361.8387,205.8305,68.5053,44.6776,125.4577,168.73,74.3436,76.3633
2021-08-24,417.6494,362.9439,207.8549,68.6505,45.6912,124.4821,168.65,74.335,76.3633
2021-08-25,418.5258,363.3607,208.5859,68.6762,45.7445,123.4481,167.48,74.3263,76.3633
2021-08-26,416.0552,361.0534,206.3741,68.3174,45.3089,123.79,167.67,74.3263,76.3717
2021-08-27,419.7751,364.5629,212.1942,68.941,45.869,124.6322,170.19,74.3781,76.3717
2021-08-30,421.6211,368.6541,211.3226,68.9239,45.9668,124.9574,169.35,74.3953,76.3717
2021-08-31,420.9965,368.3536,211.735,68.8897,46.5981,124.1068,169.69,74.3867,76.3633
2021-09-01,421.2202,368.9644,213.1595,69.5134,47.1938,124.3148,169.7,74.3807,76.3633
2021-09-02,422.5161,368.7899,214.6404,69.7953,46.9804,124.8575,169.25,74.3807,76.38
2021-09-03,422.4135,369.9241,213.6469,70.1114,47.2294,123.7219,171.06,74.3807,76.3633
2021-09-07,420.9031,370.4476,212.1754,70.1626,47.505,122.6782,167.71,74.3548,76.3633
2021-09-08,420.3905,369.1583,209.8605,69.6073,46.8115,123.5132,167.29,74.372,76.3633
2021-09-09,418.5911,367.8883,209.7575,69.4877,46.7225,125.0077,168.03,74.3893,76.3633
2021-09-10,415.2906,365.0961,207.7049,69.334,46.6692,123.9056,167.18,74.3634,76.3717
2021-09-13,416.3535,364.8441,208.8858,69.8807,46.7937,124.6571,167.74,74.3807,76.3717
2021-09-14,414.1066,363.8067,206.2242,69.5902,46.4025,126.1683,168.82,74.3893,76.3633
2021-09-15,417.5655,366.5116,208.0892,69.7953,46.3936,125.7258,167.83,74.3893,76.3633
2021-09-16,416.9036,366.7637,208.2392,69.6842,45.869,125.1497,164.03,74.3634,76.3717
2021-09-17,412.8425,362.4203,208.511,68.7701,45.6734,124.5485,163.77,74.3461,76.3633
2021-09-20,405.9587,354.9316,203.5531,67.4972,44.4464,126.0932,164.94,74.3634,76.3717
2021-09-21,405.5752,355.3683,203.8624,68.1636,44.7754,125.9846,166.04,74.3807,76.3633
2021-09-22,409.5316,358.6876,207.0302,68.5053,45.3356,126.7361,165.42,74.3375,76.3633
2021-09-23,414.5074,361.9973,210.6947,69.2485,45.6912,123.8722,163.51,74.2944,76.3717
2021-09-24,415.1901,362.3369,209.6785,68.5993,45.1488,122.6615,163.3,74.2686,76.3633
2021-09-27,414.0023,359.4447,212.8652,68.5565,45.4422,122.2107,163.64,74.2599,76.3633
2021-09-28,405.6594,349.2733,208.024,67.0616,44.8554,120.307,162.05,74.2686,76.3633
2021-09-29,406.3422,348.7006,207.5822,66.9078,44.4376,120.5157,161.32,74.2944,76.3717
2021-09-30,401.3758,347.4195,205.6362,66.643,44.7932,120.4991,164.22,74.3117,76.3717
2021-10-01,406.1457,349.5742,208.9546,66.8053,44.7487,121.5131,164.59,74.347,76.3717
2021-10-04,400.908,342.2367,207.0557,66.1048,44.0908,121.2038,165.36,74.3125,76.355
2021-10-05,405.0794,346.8566,207.7702,66.5575,44.402,120.0334,164.59,74.3039,76.3633
2021-10-06,406.763,349.0792,206.6891,66.1133,44.153,120.7105,165.03,74.2952,76.3633
2021-10-07,410.2797,352.282,209.8759,66.6259,45.0155,119.4482,164.16,74.2694,76.3633
2021-10-08,409.5316,350.5253,208.2966,66.6173,45.1844,118.6122,164.23,74.2435,76.3633
2021-10-11,406.5666,347.8368,207.1028,66.4037,45.0955,118.3113,163.92,74.1831,76.3633
2021-10-12,405.5658,346.6237,208.2402,66.4379,44.8643,120.3344,164.66,74.2176,76.3633
2021-10-13,407.0249,349.3994,209.2272,67.0957,45.4867,121.5048,167.59,74.1917,76.3633
2021-10-14,413.8712,355.8342,212.3294,67.7621,45.6289,121.9562,168.0,74.1917,76.355
2021-10-15,417.0233,358.0762,211.662,68.3259,46.1802,121.2456,165.33,74.1486,76.3633
2021-10-18,418.2579,361.6769,211.5398,68.0354,46.0646,121.8141,164.92,74.0968,76.355
2021-10-19,421.4848,364.4138,212.3294,68.4455,46.6781,120.1337,165.45,74.1227,76.355
2021-10-20,423.1402,363.9384,213.7395,68.6847,46.6692,119.3228,166.9,74.1486,76.355
2021-10-21,424.2438,366.1609,214.2847,68.3601,46.3669,119.1807,166.75,74.0623,76.355
2021-10-22,423.8042,363.0842,213.7771,68.7701,46.2691,120.4932,167.77,74.0451,76.355
2021-10-25,426.077,366.8015,215.8076,68.6334,46.5092,120.3093,168.93,74.0796,76.3633
2021-10-26,426.4605,367.9564,214.1813,68.7701,46.2691,121.3041,167.68,74.0623,76.3466
2021-10-27,424.5712,368.8106,210.2425,68.4967,45.8957,123.5112,168.12,74.0451,76.3466
2021-10-28,428.6678,372.9062,214.4351,69.1631,45.9401,123.0932,168.08,74.0537,76.3633
2021-10-29,429.5376,374.7406,214.3787,68.7616,45.2733,123.4694,166.65,74.0623,76.3633
2021-11-01,430.2766,376.0217,219.9345,69.4279,45.6289,122.5804,167.52,74.0287,76.3633
2021-11-02,432.0162,377.594,220.395,69.2827,45.22,123.1245,167.16,74.1064,76.3466
2021-11-03,434.6537,381.6025,224.3338,69.8465,45.4334,121.8521,165.77,74.0891,76.3466
2021-11-04,436.7021,386.494,224.2493,69.8038,45.3267,123.1329,167.65,74.1581,76.355
2021-11-05,438.2172,386.8628,227.3139,69.9063,45.2733,124.9745,169.84,74.1926,76.355
2021-11-08,438.5914,386.3387,228.0188,69.8978,45.6912,124.74,170.45,74.1064,76.3633
2021-11-09,437.1417,383.6794,226.6934,69.744,45.5134,126.364,171.29,74.1495,76.3466
2021-11-10,433.6249,378.0404,223.1212,68.8983,45.3267,124.0536,173.15,74.0028,76.3466
2021-11-11,433.7652,379.0887,224.9167,69.146,46.1091,123.8695,174.12,73.951,76.355
2021-11-12,437.0388,383.0777,225.1423,69.5219,46.2336,123.3254,174.45,74.0114,76.355
2021-11-15,437.1884,382.9903,224.2493,69.3938,46.0824,121.7768,174.18,74.0028,76.355
2021-11-16,438.9187,385.7176,224.6629,69.24,46.1446,121.4671,172.92,74.0028,76.3466
2021-11-17,437.8525,385.9213,221.7206,69.1546,45.9046,122.4298,174.5,74.0287,76.3466
2021-11-18,439.3396,389.9201,220.7805,69.2229,45.3444,122.8901,173.94,74.0201,76.355
2021-11-19,438.554,392.094,218.7688,68.6334,45.2733,124.1876,172.61,74.0028,76.355
2021-11-22,437.3194,387.5422,217.8381,68.2319,44.9088,122.7311,168.74,73.9165,76.355
2021-11-23,437.8993,385.7758,217.4621,68.1636,44.8643,120.9566,167.28,73.9165,76.3466
2021-11-24,439.0685,387.018,217.6971,67.7108,44.8021,122.8985,167.12,73.8993,76.355
2021-11-26,429.2758,379.6807,209.4905,65.8912,43.2995,126.004,166.85,74.0459,76.3466
2021-11-29,434.5415,387.9207,209.3589,66.2244,43.4684,124.9912,166.62,74.0805,76.355
2021-11-30,426.0864,382.2235,205.091,65.6434,43.424,126.8913,165.5,74.0201,76.3466
2021-12-01,421.3537,375.7209,200.4754,65.2676,43.584,127.6741,166.16,74.0287,76.355
2021-12-02,427.8073,378.4287,206.0687,66.0791,44.1175,127.8333,165.24,73.9337,76.355
2021-12-03,424.0849,371.8483,201.8385,65.8057,43.4951,129.3586,166.63,73.9769,76.3466
2021-12-06,429.1075,374.828,205.8901,66.4379,43.833,127.5819,166.22,73.9165,76.3466
2021-12-07,437.9834,386.1155,210.6655,67.839,44.5265,126.5511,166.81,73.8215,76.3466
2021-12-08,439.1432,387.843,212.1038,67.9671,44.7043,124.3636,166.9,73.8474,76.355
2021-12-09,436.1784,382.1363,207.3001,67.4033,44.4909,125.0592,165.88,73.8215,76.3466
2021-12-10,440.2842,386.2902,206.7267,67.5485,44.5265,124.7575,166.58,73.856,76.355
2021-12-13,436.3841,380.7095,203.7057,66.9158,43.8203,126.6013,167.0,73.8992,76.355
2021-12-14,433.3818,376.769,201.9518,66.5594,43.7211,126.2996,165.44,73.856,76.355
2021-12-15,440.1534,385.3584,205.1577,67.4633,43.5949,125.0844,166.15,73.8819,76.355
2021-12-16,436.2719,375.4491,201.0089,67.472,43.649,125.1331,168.16,73.9407,76.3466
2021-12-17,431.6286,373.5759,202.857,66.6202,43.4325,126.551,167.8,73.9061,76.355
2021-12-20,427.0389,369.9521,200.0095,66.4725,42.7832,125.6029,167.09,73.9234,76.3466
2021-12-21,434.6227,378.2318,205.7234,67.2113,43.5047,125.1246,167.02,73.8802,76.3382
2021-12-22,438.9684,382.8381,207.7035,67.8371,43.7121,125.7036,168.59,73.8716,76.3382
2021-12-23,441.6997,385.7243,209.3631,68.2369,43.9376,124.6129,168.97,73.8629,76.3382
2021-12-27,447.9507,392.0993,211.3243,68.7671,44.136,124.9149,169.37,73.837,76.3466
2021-12-28,447.5846,390.282,210.0325,68.7931,43.9917,124.4199,168.64,73.837,76.3382
2021-12-29,448.1572,390.2236,210.2589,68.7671,43.7933,123.0607,168.59,73.8284,76.3382
2021-12-30,446.9182,389.0575,210.2023,68.5868,44.295,124.0926,169.8,73.8716,76.3466
2021-12-31,445.7919,386.628,209.7497,68.5258,44.0784,124.3359,170.96,73.8629,76.3466
2022-01-03,448.3731,390.3501,212.4558,68.97,44.3942,121.0721,168.33,73.7766,76.3382
2022-01-04,448.2228,385.287,212.1352,69.3619,44.2408,120.5687,169.57,73.8197,76.3466
2022-01-05,439.6161,373.4505,204.9503,68.7522,43.519,119.9143,169.06,73.7248,76.3466
2022-01-06,439.2031,373.1882,206.1195,68.4039,43.7175,120.2248,166.99,73.6643,76.3466
2022-01-07,437.4667,369.1454,203.7339,68.6042,44.1145,119.3605,167.75,73.647,76.3466
2022-01-10,436.9223,369.3884,203.0268,67.9684,44.1145,119.6542,168.26,73.6039,76.3382
2022-01-11,440.9019,374.9375,205.186,68.7087,45.1341,120.4513,170.29,73.6298,76.3299
2022-01-12,442.0939,376.4243,203.6585,69.3793,45.883,119.9898,170.74,73.6039,76.3382
2022-01-13,436.0025,367.0076,201.7915,68.8742,45.2334,121.0554,170.16,73.6384,76.3466
2022-01-14,436.1808,369.2913,202.0744,68.8045,45.2153,119.2263,169.67,73.5434,76.3466
2022-01-18,428.4562,360.0981,195.9644,67.7942,44.4123,117.5482,169.39,73.4312,76.3299
2022-01-19,424.0073,356.1429,192.7774,67.7332,44.6017,118.3621,172.08,73.4657,76.3466
2022-01-20,419.3144,351.5172,189.2886,67.4023,44.8634,119.0921,171.65,73.4484,76.3466
2022-01-21,411.083,341.7701,185.7432,66.4878,44.2137,120.51,171.09,73.5089,76.3382
2022-01-24,412.8288,343.3347,190.0241,65.8259,43.5911,119.5199,172.03,73.5521,76.3466
2022-01-25,407.7885,335.3757,187.4876,65.4252,43.5099,119.3269,172.58,73.5175,76.3299
2022-01-26,406.7655,334.851,184.7815,65.1727,42.9595,117.8838,169.79,73.388,76.3382
2022-01-27,404.7569,331.4788,180.5855,64.8679,42.4632,120.0485,167.6,73.3276,76.3466
2022-01-28,414.8092,341.877,184.1026,65.0856,42.6708,120.0904,167.1,73.3535,76.3299
2022-01-31,422.2802,352.8096,189.7506,66.0349,44.0694,119.4696,168.09,73.3535,76.3466
2022-02-01,425.1336,355.21,191.7496,66.662,44.3401,119.073,168.23,73.3474,76.3382
2022-02-02,429.2634,358.0961,189.8449,67.1584,44.2679,119.4763,168.84,73.3647,76.3466
2022-02-03,419.1736,343.5776,186.2524,66.0959,43.7987,118.5437,168.6,73.3042,76.3466
2022-02-04,421.1447,347.9118,187.0539,66.2526,43.907,116.7961,168.86,73.1574,76.3299
2022-02-07,419.7931,345.113,187.9779,66.3659,43.8167,116.8717,170.11,73.1747,76.3299
2022-02-08,423.2471,348.9905,191.1838,66.7055,44.2408,116.0903,170.63,73.0969,76.3382
2022-02-09,429.4417,356.3858,194.814,67.7855,44.9356,116.3088,171.21,73.0883,76.3299
2022-02-10,421.7265,348.3199,191.825,66.9233,44.6378,114.4603,170.56,72.7169,76.3299
2022-02-11,413.4106,337.2707,189.8826,65.913,43.9611,116.1576,173.81,72.9415,76.3299
2022-02-14,412.0591,337.6886,189.2226,65.4862,43.6543,114.7124,174.74,72.786,76.3216
2022-02-15,418.7043,346.0848,194.2954,66.6881,44.6017,113.4101,173.08,72.8119,76.3382
2022-02-16,419.1736,345.9973,194.7009,66.9407,44.9266,114.0823,174.86,72.9069,76.3382
2022-02-17,410.2194,335.7061,189.7129,65.8607,44.4032,114.9309,177.25,72.9501,76.3299
2022-02-18,407.5633,331.8773,188.0817,65.582,43.9611,116.1407,177.12,72.9588,76.3382
2022-02-22,403.1894,328.5439,185.4321,64.8156,43.3385,116.4432,177.49,72.8897,76.3382
2022-02-23,396.0373,320.1282,181.9622,64.2843,42.8332,114.8384,178.29,72.8464,76.3299
2022-02-24,401.9974,330.886,186.7333,63.4221,41.9489,114.914,177.14,72.9069,76.3299
2022-02-25,410.8671,336.017,190.9387,65.0072,42.7249,114.9981,176.55,72.9069,76.3299
2022-02-28,409.8158,337.018,191.7119,63.7705,42.1655,117.5187,178.38,73.0365,76.3299
2022-03-01,403.5742,331.8578,188.1005,62.3769,41.606,118.8773,181.62,73.205,76.3483
2022-03-02,410.9984,337.4261,192.5793,63.1608,41.6782,114.8139,179.73,72.9631,76.3483
2022-03-03,408.9524,332.6061,190.2975,61.9153,41.0917,115.9832,180.8,72.9631,76.3567
2022-03-04,405.6298,327.786,187.318,60.1212,40.2616,117.9856,183.68,73.0408,76.3567
2022-03-07,393.6721,315.6969,182.6599,58.2138,38.7547,117.0854,186.41,72.9457,76.3567
2022-03-08,390.6874,314.2294,183.6689,58.719,38.881,115.9075,191.51,72.8507,76.3567
2022-03-09,401.1621,325.5412,188.8454,61.175,39.9819,114.7717,185.82,72.8075,76.3567
2022-03-10,399.3506,321.926,188.506,60.4434,39.2329,113.1228,186.4,72.7471,76.3567
2022-03-11,394.2729,315.2498,185.4981,59.7902,38.4118,113.5014,185.09,72.7211,76.3483
2022-03-14,391.3913,309.1956,181.7076,60.3389,37.4824,110.8512,182.3,72.5311,76.3567
2022-03-15,399.9983,318.8941,184.6023,60.9138,37.5366,110.6578,178.89,72.557,76.3399
2022-03-16,408.8678,330.7208,190.4106,63.0998,40.5593,111.7431,180.01,72.4879,76.3567
2022-03-17,413.9832,334.7246,193.3997,63.6311,40.3518,110.9102,180.89,72.4619,76.3567
2022-03-18,418.5175,341.5757,195.4364,64.2495,40.9293,112.2646,179.3,72.4447,76.3483
2022-03-21,418.3951,340.6261,193.7108,63.8488,40.2977,109.665,180.67,72.2027,76.3483
2022-03-22,423.2909,347.3203,195.6532,64.4498,41.0286,108.26,179.36,72.1509,76.3483
2022-03-23,417.8396,342.3288,192.2587,63.6137,40.7579,110.6325,181.81,72.2114,76.365
2022-03-24,424.1382,349.9377,194.4694,64.2059,40.9744,109.766,183.13,72.1941,76.365
2022-03-25,426.2096,349.6458,194.734,64.2408,40.6496,108.2432,182.38,71.9954,76.3483
2022-03-28,429.2412,355.0556,194.8002,64.0317,40.7849,109.1686,179.06,71.9263,76.3483
2022-03-29,434.5513,361.166,200.0152,65.4514,41.4797,109.9932,179.14,71.9608,76.3483
2022-03-30,431.868,357.1767,196.0,65.1814,41.3624,110.8512,180.58,72.0127,76.365
2022-03-31,425.221,352.7496,193.931,64.1014,40.7398,111.1205,180.65,72.0127,76.365
2022-04-01,426.4261,352.0782,196.1039,64.7024,41.4166,111.5435,179.5,71.8623,76.365
2022-04-04,430.0792,359.327,196.4251,64.9636,42.1474,110.7683,180.37,71.9055,76.3567
2022-04-05,424.6467,351.3484,191.7769,64.084,41.3714,108.2658,179.24,71.7758,76.3483
2022-04-06,420.4005,343.7202,189.056,63.3176,40.83,107.3895,179.66,71.8277,76.3567
2022-04-07,422.5189,344.5376,188.4419,63.4569,40.5052,106.5806,180.34,71.8796,76.3567
2022-04-08,421.3891,339.7212,186.9397,63.483,40.5413,105.4262,181.47,71.7931,76.3483
2022-04-11,414.1866,331.6843,185.6832,62.8124,40.036,103.7578,182.37,71.8104,76.3567
2022-04-12,412.6519,330.2832,186.269,62.3421,39.9097,103.6146,183.77,71.9919,76.3567
2022-04-13,417.3783,336.9968,189.8118,63.0127,40.433,103.8252,184.65,72.0265,76.3567
2022-04-14,412.1811,329.2907,187.9696,62.7253,39.9097,101.744,184.04,71.8968,76.3483
2022-04-18,412.3505,329.5437,186.7035,62.3595,39.7743,101.2385,184.61,71.8968,76.3567
2022-04-19,419.007,336.9092,190.4259,62.6556,39.5758,100.4801,181.82,71.7326,76.3483
2022-04-20,418.6962,331.9956,191.1534,63.0737,39.3412,102.5024,182.71,71.7758,76.365
2022-04-21,412.4353,325.1263,186.8736,62.3944,38.5833,101.744,182.06,71.6548,76.365
2022-04-22,401.1185,316.6126,182.0364,61.3754,38.2404,101.1037,180.29,71.6376,76.3567
2022-04-25,403.444,320.6797,183.1418,61.0792,37.9607,102.1148,177.05,71.7499,76.365
2022-04-26,391.7599,308.5756,177.3694,59.3722,37.1305,103.1427,177.32,71.8796,76.3567
2022-04-27,392.8614,308.2059,176.6324,59.6422,37.5636,101.8199,175.98,71.845,76.3567
2022-04-28,402.7849,319.1521,179.9296,60.487,38.105,101.9715,176.93,71.7931,76.3733
2022-04-29,387.8997,304.7906,174.7335,59.7815,38.2404,100.6487,176.91,71.6548,76.3567
2022-05-02,390.2347,309.8794,176.5663,59.6335,38.1862,98.904,173.63,71.6496,76.365
2022-05-03,392.0235,310.2103,178.0779,60.0777,38.466,99.5708,174.09,71.615,76.3567
2022-05-04,403.9618,320.6992,182.83,61.1315,38.881,100.1195,175.8,71.8053,76.3733
2022-05-05,389.6039,304.5475,175.4136,59.1632,37.4463,97.3763,175.13,71.6842,76.3733
2022-05-06,387.2784,300.8987,172.4944,58.5883,36.932,95.9414,175.42,71.6756,76.3733
2022-05-09,374.8787,289.1255,165.2386,56.8203,35.8673,96.7855,172.88,71.8572,76.365
2022-05-10,375.7449,292.6379,165.2858,57.2471,36.0387,97.6633,171.42,71.814,76.365
2022-05-11,369.7758,283.9589,161.1761,56.9074,35.7861,99.5455,172.82,71.8226,76.365
2022-05-12,369.3897,283.2875,163.0656,56.7681,35.5515,99.3598,170.17,71.9264,76.3733
2022-05-13,378.2211,293.7861,168.2335,58.3445,36.535,97.8912,168.79,71.9004,76.3817
2022-05-16,376.6864,290.3806,167.4305,58.3967,36.3906,97.7899,170.4,71.9437,76.3733
2022-05-17,384.435,297.9019,172.551,59.4854,37.2839,96.6082,169.33,71.788,76.3733
2022-05-18,368.9379,283.2778,166.5046,58.0658,36.3906,98.6677,169.42,71.8226,76.3733
2022-05-19,366.6783,281.7599,166.7786,58.6232,36.9681,98.904,171.91,71.9264,76.39
2022-05-20,366.8383,280.8842,166.3534,59.0238,37.1215,100.0266,172.03,71.9783,76.39
2022-05-23,373.7019,285.5546,168.3657,60.0254,37.4012,98.3807,172.83,71.9437,76.39
2022-05-24,370.8491,279.4831,165.8716,59.9296,36.7516,100.322,174.13,72.108,76.3817
2022-05-25,374.1255,283.3945,168.857,59.947,36.932,100.7187,173.08,72.1599,76.39
2022-05-26,381.601,291.2466,172.6266,60.6089,37.5095,100.2629,172.76,72.1772,76.4068
2022-05-27,390.969,300.7527,177.2748,61.3405,37.9426,100.5077,172.85,72.1945,76.39
2022-05-31,388.7753,299.9549,175.0736,60.9747,38.475,98.3807,171.14,72.082,76.3817
2022-06-01,385.6307,297.7365,174.0816,60.3302,38.2043,98.2683,172.23,71.9479,76.3825
2022-06-02,392.9745,305.8902,178.333,61.5844,38.863,98.319,174.35,71.9652,76.3992
2022-06-03,386.5251,297.9311,176.7269,60.7047,38.2314,98.1076,172.58,71.9392,76.3825
2022-06-06,387.702,298.9235,177.4922,60.9486,38.4389,96.2981,171.82,71.844,76.3909
2022-06-07,391.421,301.502,180.3548,61.1315,38.5562,97.3382,172.94,71.8527,76.3825
2022-06-08,387.1654,299.3322,177.5677,60.278,38.7637,96.4757,172.78,71.8008,76.3909
2022-06-09,377.9575,291.3147,173.8867,59.0121,37.8465,96.7971,172.23,71.7488,76.3992
2022-06-10,366.9983,281.0399,169.1694,57.5877,37.4279,96.1967,174.54,71.4459,76.3825
2022-06-13,353.0641,267.9725,161.222,55.6827,36.1175,93.1781,169.93,71.0824,76.3909
2022-06-14,352.0002,268.4591,160.4452,55.1575,36.618,92.0028,168.57,70.9439,76.3825
2022-06-15,357.0184,275.163,162.7944,56.1901,37.1003,93.7193,170.77,71.2209,76.3909
2022-06-16,345.2025,264.0612,155.2543,54.9527,35.9628,94.4634,172.69,71.3161,76.4076
2022-06-17,345.9467,267.272,156.4668,54.7302,36.0993,94.7677,171.27,71.2988,76.3992
2022-06-21,354.6554,274.0152,159.2706,55.5581,36.6817,93.1612,170.63,71.2728,76.416
2022-06-22,354.0124,273.6154,158.9675,55.1842,36.0265,95.7232,171.31,71.4806,76.4243
2022-06-23,357.4827,277.6904,160.8715,55.1219,36.1357,96.5095,170.26,71.5411,76.4243
2022-06-24,368.8484,287.2051,165.854,56.7688,36.9911,95.1736,170.09,71.5238,76.4076
2022-06-27,367.4395,285.0994,166.4697,56.5284,37.0366,94.3619,169.9,71.4459,76.4076
2022-06-28,359.9317,276.4133,163.3438,56.1456,36.8091,94.8016,169.62,71.4286,76.4243
2022-06-29,359.6385,276.6668,161.6861,55.932,36.6635,96.2812,169.49,71.5151,76.4327
2022-06-30,356.7167,273.2353,160.4263,55.6293,36.4906,97.1268,168.46,71.6536,76.441
2022-07-01,360.4896,275.0388,162.3682,55.7628,36.2631,98.124,168.32,71.8693,76.4352
2022-07-05,361.1704,279.7473,163.7132,54.5699,35.981,98.8949,164.75,71.8607,76.4352
2022-07-06,362.3901,281.5411,162.5007,54.6144,35.7626,97.2344,162.14,71.6614,76.4352
2022-07-07,367.8177,287.5658,166.3466,55.4423,36.4815,96.3787,162.23,71.6094,76.4352
2022-07-08,367.5152,287.9264,166.3277,55.5047,36.4815,95.3112,162.3,71.5228,76.4268
2022-07-11,363.3168,281.7751,162.9839,54.6055,35.5078,96.9548,161.43,71.5488,76.4352
2022-07-12,360.1019,279.0455,162.425,54.5966,35.3713,97.5309,160.83,71.5834,76.4268
2022-07-13,358.2107,278.4703,162.2829,54.5699,35.2894,98.6492,161.6,71.5055,76.4268
2022-07-14,357.3408,279.4646,160.6157,53.8044,34.9709,97.8444,159.33,71.4795,76.4352
2022-07-15,364.1679,284.5339,163.9595,54.659,35.1529,98.3951,159.01,71.5315,76.4268
2022-07-18,361.1609,282.126,163.4954,54.8815,35.3986,97.3699,159.16,71.4882,76.4268
2022-07-19,370.9192,290.8023,169.2641,56.3771,35.981,96.8446,159.54,71.4102,76.4268
2022-07-20,373.2832,295.4135,171.9164,56.0032,35.8263,97.0988,158.04,71.4015,76.4268
2022-07-21,377.0844,299.6541,172.7973,56.5818,36.2358,98.7763,160.27,71.6008,76.4519
2022-07-22,373.5857,294.3997,170.0409,56.4394,35.8718,100.4369,160.67,71.7827,76.4602
2022-07-25,374.0397,292.7228,170.9218,56.8756,35.9992,99.4541,160.23,71.722,76.4519
2022-07-26,369.6143,286.9711,169.8704,56.0833,35.7171,99.5303,160.04,71.6874,76.4519
2022-07-27,379.2119,299.0984,173.7352,57.4097,36.3814,98.9711,161.67,71.8,76.4519
2022-07-28,383.9681,302.0231,176.1222,57.7035,36.5361,99.7591,163.64,71.956,76.4602
2022-07-29,389.5659,307.531,177.3726,58.5047,36.3632,99.488,164.1,71.9473,76.4686
2022-08-01,388.4123,307.3458,177.3063,58.5848,36.0538,101.884,165.03,71.9456,76.4745
2022-08-02,385.8499,306.4294,177.1358,57.6501,35.8809,99.7282,164.05,71.6941,76.4828
2022-08-03,391.8921,314.7742,179.7407,57.9883,36.163,101.2983,164.45,71.7201,76.4745
2022-08-04,391.6273,316.2463,179.3618,58.2821,36.4178,101.2644,167.17,71.8155,76.4912
2022-08-05,390.9654,313.663,180.7353,57.8726,36.4542,98.854,165.29,71.5206,76.5079
2022-08-08,390.5115,312.649,182.6488,58.0061,36.4997,100.4496,166.69,71.59,76.5163
2022-08-09,388.9607,309.1103,180.1575,57.6946,36.3632,100.0592,167.2,71.5206,76.5079
2022-08-10,397.1304,317.7378,185.3011,58.9943,36.8182,99.4056,166.78,71.59,76.5163
2022-08-11,397.1304,315.9343,185.9926,58.9765,36.9638,97.0886,166.34,71.564,76.5163
2022-08-12,403.8535,322.0858,189.791,59.4305,37.3551,98.0731,167.87,71.5814,76.5331
2022-08-15,405.5177,324.6887,190.4636,59.0744,37.1822,97.9882,165.71,71.6421,76.5247
2022-08-16,406.312,323.9283,190.3878,59.0566,37.1731,98.3956,165.42,71.5814,76.5331
2022-08-17,403.428,320.2336,187.1861,58.5848,37.0184,97.3686,164.35,71.5206,76.5331
2022-08-18,404.6005,321.0037,188.427,58.3889,36.8091,97.5129,163.92,71.6247,76.5665
2022-08-19,399.1635,314.7451,184.3822,57.5877,36.3086,95.9427,162.72,71.5727,76.5665
2022-08-22,390.8519,306.4587,180.5838,56.6085,35.9901,95.6202,161.64,71.4773,76.5749
2022-08-23,389.9063,306.2052,180.8774,56.6352,36.1812,95.094,162.77,71.512,76.5581
2022-08-24,391.1545,307.0923,182.2604,56.7064,36.1721,94.398,163.25,71.4339,76.5832
2022-08-25,396.6766,312.5223,185.0927,57.3296,36.9547,95.7136,163.75,71.4773,76.5916
2022-08-26,383.2495,299.7126,179.0113,55.8251,36.4087,96.435,161.76,71.4599,76.5916
2022-08-29,380.7153,296.7588,177.3631,55.7005,36.1812,95.6372,161.86,71.4079,76.5916
2022-08-30,376.5359,293.4539,174.8813,55.2999,35.7535,95.8748,160.51,71.3732,76.6
2022-08-31,373.6708,291.748,173.8204,54.926,35.8809,94.9582,159.27,71.3645,76.6167
2022-09-01,374.8433,291.8746,171.9259,54.1871,35.5988,93.2197,157.87,71.3124,76.6327
2022-09-02,370.8908,287.7511,170.5903,53.8311,35.2712,93.747,159.26,71.4687,76.641
2022-09-06,369.4915,285.6843,168.9042,53.6975,34.8526,91.425,158.33,71.3124,76.641
2022-09-07,376.1293,291.4555,172.5795,54.1693,35.162,92.871,159.94,71.4166,76.6495
2022-09-08,378.5878,292.9665,174.0193,54.205,34.9709,91.9183,158.98,71.3298,76.6662
2022-09-09,384.4693,299.3714,177.5147,55.5848,35.4896,92.1225,159.82,71.269,76.6662
2022-09-12,388.6014,302.9297,179.6649,56.3593,36.0174,91.3655,160.63,71.2604,76.6578
2022-09-13,371.704,286.318,172.6363,54.4008,34.9072,91.5781,158.54,71.0172,76.6746
2022-09-14,373.1224,288.5894,173.3089,54.5788,35.0801,91.8928,157.93,70.9564,76.6746
2022-09-15,368.8863,283.7833,172.049,54.0981,34.707,91.8333,154.98,70.8783,76.6997
2022-09-16,366.0721,282.0481,169.5483,53.7687,34.3885,91.0678,155.84,70.913,76.6997
2022-09-19,368.9109,284.2444,170.9976,53.9557,34.4977,91.2804,155.96,70.8349,76.6997
2022-09-20,364.6763,281.9787,168.6673,53.0388,34.3066,90.3703,155.07,70.8002,76.6913
2022-09-21,358.315,276.9297,166.0908,52.3444,33.7333,91.8843,155.79,70.7393,76.7081
2022-09-22,355.3052,273.5212,162.3492,52.1931,33.5695,89.5368,155.7,70.6091,76.7416
2022-09-23,349.3521,269.0678,158.4844,50.5284,32.7414,89.9026,153.01,70.5223,76.7416
2022-09-26,345.8962,267.9545,156.3145,49.7806,32.341,88.1845,151.23,70.366,76.7249
2022-09-27,345.0132,268.0619,156.8477,49.4423,32.3046,85.8624,151.54,70.366,76.75
2022-09-28,351.8017,273.3942,161.8084,50.6352,32.5867,88.7373,154.69,70.6699,76.7584
2022-09-29,344.453,265.5129,158.1807,50.0388,31.8587,88.278,154.66,70.5744,76.7751
2022-09-30,339.1265,261.0107,157.0286,49.8607,31.7404,87.1383,154.67,70.5136,76.7751
2022-10-03,348.0799,267.1341,161.1895,50.8489,32.2591,88.5229,158.43,70.6684,76.7542
2022-10-04,358.8657,275.533,167.5784,52.8874,33.3147,88.2756,160.7,70.6945,76.7794
2022-10-05,358.0301,275.3866,166.3406,52.3266,33.3329,87.4316,159.81,70.6249,76.7794
2022-10-06,354.3368,273.2184,165.4075,51.4097,33.1327,86.9456,159.63,70.5379,76.7961
2022-10-07,344.453,262.8077,160.542,50.5907,32.4411,86.1015,157.88,70.451,76.7961
2022-10-10,341.823,260.1805,159.647,50.3058,31.9861,84.763,155.48,70.4249,76.8045
2022-10-11,339.6583,256.6061,159.6946,49.7539,31.4765,85.1381,155.16,70.4597,76.8045
2022-10-12,338.5378,256.5183,159.2566,49.5937,31.5129,85.5559,155.99,70.5293,76.8045
2022-10-13,347.4723,262.5342,163.1985,50.6174,31.6039,84.7374,154.91,70.3206,76.8297
2022-10-14,339.5538,254.6432,158.8282,49.8607,31.1307,84.0383,152.98,70.2858,76.8297
2022-10-17,348.2792,263.0519,163.8936,51.0892,31.9861,83.6291,153.42,70.3641,76.8297
2022-10-18,352.3714,265.1321,165.836,51.4542,31.9952,83.8252,153.75,70.3988,76.8297
2022-10-19,349.8744,264.1652,163.0176,50.8221,31.4128,82.2991,151.69,70.2685,76.8297
2022-10-20,346.9406,262.8175,160.9419,50.7064,31.613,80.8923,151.45,70.1902,76.8633
2022-10-21,355.3717,268.9799,164.4363,51.6233,32.0953,79.4344,154.15,70.3728,76.8717
2022-10-24,359.7202,271.9391,165.1409,51.6322,30.8759,78.7779,153.65,70.3554,76.8633
2022-10-25,365.4644,277.5644,169.6446,52.7717,31.1307,81.0713,154.0,70.4249,76.8633
2022-10-26,362.7109,271.4312,170.4825,53.2702,31.6403,82.2393,154.98,70.4858,76.8801
2022-10-27,360.7741,266.4896,170.5205,52.7717,31.3946,83.1005,154.74,70.6336,76.9053
2022-10-28,369.3571,274.6443,174.3958,53.2969,31.2035,82.5293,153.16,70.5293,76.8969
2022-10-31,366.6892,271.4507,174.5577,52.7984,31.1125,81.941,151.91,70.4249,76.8969
2022-11-01,365.0847,268.6771,174.7957,53.2168,31.6858,82.7068,153.46,70.3561,76.9036
2022-11-02,355.9223,259.4676,168.9971,52.4423,31.4219,82.3478,152.39,70.3213,76.9289
2022-11-03,352.2575,254.3989,167.864,51.9972,31.6039,81.9034,151.81,70.1906,76.9541
2022-11-04,357.3276,258.491,170.1302,54.0803,32.9416,80.5274,156.47,70.269,76.9709
2022-11-07,360.7456,261.333,170.9014,54.2495,32.9598,79.7239,155.85,70.2081,76.9625
2022-11-08,362.692,263.2374,170.9681,54.8637,33.1964,80.5958,159.45,70.2777,76.9709
2022-11-09,355.2198,257.1628,166.274,54.0981,32.6231,80.8607,158.65,70.391,77.013
2022-11-10,374.7406,276.1385,176.5096,57.1337,33.8061,83.9717,163.48,70.7742,77.0214
2022-11-11,378.3675,281.2267,177.9568,58.2732,34.7252,83.664,164.56,70.7568,77.013
2022-11-14,375.1488,278.7657,175.9669,57.659,34.5159,83.4589,164.92,70.6958,77.013
2022-11-15,378.3486,282.6233,178.5757,58.0417,35.3076,84.8093,165.5,70.7655,77.0299
2022-11-16,375.4622,278.7657,175.4337,57.9082,34.7434,86.6639,165.12,70.7742,77.0383
2022-11-17,374.3134,278.1503,173.8055,57.8815,34.8071,85.7494,163.92,70.6871,77.0635
2022-11-18,376.0128,278.1601,174.929,57.9973,34.6069,85.1597,162.79,70.6087,77.0635
2022-11-21,374.6456,275.2986,174.0149,57.561,34.1701,85.5186,161.88,70.5913,77.0719
2022-11-22,379.6872,279.2637,175.8716,58.3622,34.252,86.7323,162.07,70.6435,77.0887
2022-11-23,382.0799,282.0666,176.3287,59.0032,34.5341,88.2451,163.08,70.7045,77.1056
2022-11-25,381.9944,280.2111,176.7,59.3059,34.3703,87.9459,163.22,70.7132,77.1056
2022-11-28,375.899,276.0994,173.139,58.5403,34.2156,88.1938,161.93,70.7306,77.114
2022-11-29,375.2534,274.0095,173.6436,58.7094,34.9527,87.1596,162.73,70.7045,77.1392
2022-11-30,387.074,286.5005,178.4044,59.751,35.9628,87.8006,164.81,70.9135,77.1392
2022-12-01,386.7892,286.852,178.0139,60.3296,35.8445,90.6055,167.84,71.0663,77.1561
2022-12-02,386.343,285.7093,179.0518,60.2851,35.981,91.7449,167.26,71.0488,77.1645
2022-12-05,379.3929,280.9142,174.1197,59.4928,35.5715,90.4598,164.39,70.8481,77.173
2022-12-06,373.924,275.0936,171.4537,59.2257,35.526,91.625,164.84,70.9266,77.1983
2022-12-07,373.2879,273.9705,170.949,59.2257,35.3167,93.7839,166.33,71.075,77.1983
2022-12-08,376.2122,277.2128,172.1868,59.5284,35.7444,93.5269,166.47,71.0051,77.249
2022-12-09,373.4019,275.4451,170.0731,59.564,35.5078,91.0938,167.06,70.9703,77.2405
2022-12-12,378.7852,278.9023,172.0726,59.7421,35.3986,91.3851,165.68,70.9266,77.249
2022-12-13,381.6526,281.9005,173.4978,60.5894,35.6517,92.2675,168.51,71.1361,77.249
2022-12-14,379.2125,279.8106,172.3595,60.5357,35.6702,92.6616,168.1,71.1448,77.2743
2022-12-15,369.9364,270.4156,168.0455,58.9895,34.848,93.0231,165.35,71.1544,77.2911
2022-12-16,365.5688,267.8373,166.7924,58.4711,34.9496,91.984,166.79,71.2244,77.2911
2022-12-19,362.4689,264.0732,164.535,58.3281,34.9773,90.4382,166.32,71.1369,77.3004
2022-12-20,362.9649,263.8676,165.4054,58.5605,34.9681,88.8323,169.08,71.1369,77.3089
2022-12-21,368.3922,267.6953,168.2559,59.1683,35.2822,89.0556,168.8,71.2069,77.3174
2022-12-22,363.1366,261.1461,166.0559,58.6856,34.9681,89.0384,166.76,71.1632,77.3682
2022-12-23,365.2255,261.7334,166.8116,58.8912,34.9219,87.733,167.26,71.1282,77.3682
2022-12-27,363.7852,258.033,165.6924,58.9806,35.4392,85.9983,168.67,71.032,77.3682
2022-12-28,359.2641,254.6263,163.1193,58.3549,34.9219,85.4916,167.91,71.032,77.3935
2022-12-29,365.731,260.8329,167.2516,59.2755,35.5039,86.4621,168.85,71.0844,77.4274
2022-12-30,364.7675,260.6763,166.7828,58.6677,35.0143,85.5002,169.64,70.997,77.4189
2023-01-03,363.232,258.9142,165.8646,59.1861,35.3099,87.1319,171.06,71.0582,77.4274
2023-01-04,366.0362,260.1476,167.9307,59.9727,36.3723,88.3256,172.67,71.1282,77.4189
2023-01-05,361.8585,256.0751,166.1324,59.3738,36.2615,88.6949,170.52,71.032,77.4443
2023-01-06,370.1567,263.1432,169.8629,60.8933,37.019,90.3266,173.71,71.3031,77.4359
2023-01-09,369.9468,264.8466,170.1499,61.1524,37.2962,90.8075,174.1,71.3731,77.4528
2023-01-10,372.5412,267.0884,172.6656,61.3312,37.5641,89.3046,174.74,71.3119,77.4443
2023-01-11,377.2531,271.709,174.8178,61.796,37.7212,90.756,174.62,71.3731,77.4443
2023-01-12,378.6266,273.1775,177.7544,62.7076,37.9059,92.5422,176.64,71.5305,77.5036
2023-01-13,380.0954,275.0571,178.9214,63.0383,38.1554,91.6749,178.76,71.4081,77.512
2023-01-17,379.3992,275.6151,178.7014,63.235,37.9429,91.0823,177.59,71.4518,77.512
2023-01-18,373.4092,272.0321,175.8126,63.0115,37.6842,93.2894,177.08,71.6093,77.5205
2023-01-19,370.6908,269.3596,174.1291,62.9132,37.9706,92.7054,179.89,71.5918,77.5544
2023-01-20,377.5964,276.7311,176.9987,63.4673,38.5526,91.2025,179.29,71.5305,77.5628
2023-01-23,382.127,282.8789,179.1892,63.7265,38.8298,90.7731,179.63,71.4606,77.5628
2023-01-24,381.717,282.3013,178.8066,63.6461,38.8575,92.0785,180.28,71.4868,77.5713
2023-01-25,381.86,281.6748,179.304,64.0662,38.8945,92.3018,181.11,71.5305,77.5798
2023-01-26,386.0568,287.1668,180.3658,64.1198,39.264,91.8724,179.47,71.4868,77.6221
2023-01-27,386.9438,290.0253,181.3414,63.9947,39.0792,91.6405,179.22,71.4868,77.6305
2023-01-30,382.0889,284.1613,178.8162,63.5835,38.294,91.3056,178.76,71.4169,77.6305
2023-01-31,387.7069,288.4198,183.1589,63.95,38.2108,92.0355,179.41,71.5481,77.639
2023-02-01,391.8273,294.5872,186.0381,64.522,38.682,93.1419,181.67,71.6725,77.6441
2023-02-02,397.5312,305.16,189.7017,64.4326,38.451,93.2625,177.9,71.6813,77.6781
2023-02-03,393.3058,299.7365,188.4294,63.8338,37.7674,91.8676,173.46,71.4183,77.6951
2023-02-06,390.9022,297.201,185.7033,63.1813,37.213,91.1875,173.82,71.2168,77.7036
2023-02-07,396.0146,303.3587,187.0807,63.7176,37.3609,90.4556,173.98,71.2518,77.7121
2023-02-08,391.6843,297.9646,184.345,63.3243,37.3147,90.8861,174.41,71.2781,77.7121
2023-02-09,388.2887,295.3312,181.6762,63.4405,37.4902,90.0251,173.03,71.2256,77.7376
2023-02-10,389.1948,293.3929,182.0397,63.1634,37.1299,89.0178,173.36,71.1905,77.746
2023-02-13,393.7636,298.0919,184.2302,63.798,37.4348,89.7668,172.48,71.208,77.7631
2023-02-14,393.5824,300.2945,184.1441,63.9142,37.3701,89.5602,172.61,71.0591,77.7631
2023-02-15,394.8605,302.5951,186.0094,63.6282,37.056,88.725,170.89,71.0678,77.78
2023-02-16,389.4238,296.9172,184.2302,63.3154,37.0652,87.468,170.75,71.0766,77.8225
2023-02-17,388.4508,294.8222,184.7372,63.4763,36.6587,88.1482,171.26,71.138,77.831
2023-02-21,380.6581,287.8423,179.2849,62.7791,36.1968,86.4348,170.62,70.9977,77.831
2023-02-22,380.1336,288.0576,179.7727,62.4306,36.0213,87.2269,169.66,71.0328,77.8565
2023-02-23,382.1557,290.5735,181.0545,62.7523,36.1968,88.0793,169.57,71.0766,77.8819
2023-02-24,378.0733,285.7082,179.3614,61.7066,35.3838,86.9342,168.35,70.9277,77.8904
2023-02-27,379.361,287.7541,179.9927,62.4395,35.5686,87.1752,169.01,70.989,77.8989
2023-02-28,377.9589,287.3821,180.0023,61.9837,35.3191,87.5713,169.78,70.9714,77.9074
2023-03-01,376.509,285.0718,180.2318,62.3144,36.0767,86.6305,170.76,70.8415,77.9117
2023-03-02,379.4373,287.431,180.6623,62.4395,36.206,85.8624,170.66,70.8678,77.9373
2023-03-03,385.5227,293.3733,183.1781,63.3511,36.5294,87.9424,172.49,70.9117,77.9543
2023-03-06,385.7898,293.7062,180.4997,63.1903,36.4001,87.2606,171.62,70.8766,77.9628
2023-03-07,379.876,290.1036,178.4049,62.1356,35.7903,87.7957,168.62,70.7273,77.9628
2023-03-08,380.4961,291.5526,178.491,62.4752,35.9381,87.882,168.54,70.6922,77.9799
2023-03-09,373.4759,286.5011,173.5266,62.0194,35.1436,88.0978,170.2,70.9205,77.9969
2023-03-10,368.0869,282.4775,168.5238,61.358,34.9588,91.136,173.87,71.3069,78.0139
2023-03-13,367.5623,284.5725,165.7785,60.9379,35.0143,91.3431,177.86,72.0181,78.0309
2023-03-14,373.6381,291.112,168.849,61.7513,35.0327,89.8413,176.83,71.7459,78.0395
2023-03-15,371.3013,292.6391,166.0655,59.8386,34.4322,91.5761,178.21,72.1674,78.0821
2023-03-16,377.8158,300.3532,168.3325,60.7681,34.9588,90.8598,178.57,71.8776,78.1161
2023-03-17,373.3981,298.9338,163.7889,60.0442,34.7463,92.2235,183.77,72.2376,78.1332
2023-03-20,376.9886,299.9947,165.9124,60.9826,34.8757,91.4121,183.84,72.1498,78.1417
2023-03-21,381.9387,304.2793,168.9733,61.9032,35.1898,90.6267,180.37,71.8776,78.1417
2023-03-22,375.4279,300.1417,164.1811,61.6887,35.3284,91.8351,183.44,72.2113,78.1587
2023-03-23,376.4429,303.7008,163.4524,61.6976,35.818,91.8351,185.74,72.422,78.1928
2023-03-24,378.9131,304.8186,164.9309,61.51,35.7256,92.2235,183.65,72.4571,78.2099
2023-03-27,379.6215,302.7302,166.7646,62.0909,35.5316,90.0571,181.95,72.1498,78.2013
2023-03-28,378.7695,301.1222,166.5246,62.1177,36.0397,90.2211,183.44,72.0708,78.2184
2023-03-29,384.2748,306.6129,168.4159,62.8685,36.1414,90.0398,182.53,72.0444,78.2184
2023-03-30,386.5248,309.5151,168.1855,63.6014,36.5017,90.4541,184.18,72.0532,78.2354
2023-03-31,391.9728,314.6625,171.277,63.9232,36.4555,91.8092,183.22,72.141,78.2184
2023-04-03,393.4665,313.8977,171.3538,64.4326,36.5294,92.241,184.54,72.229,78.2372
2023-04-04,391.2834,312.8389,168.3488,64.4416,36.5294,92.6996,187.98,72.3962,78.2457
2023-04-05,390.2589,309.7503,166.6974,63.9947,36.243,93.6687,187.83,72.493,78.2885
2023-04-06,391.7812,311.8387,166.9471,64.2986,36.3908,93.911,186.49,72.4666,78.2971
2023-04-10,392.1834,311.6623,168.7328,64.2539,36.4278,92.3967,185.11,72.2114,78.3056
2023-04-11,392.2888,309.6621,170.0672,64.4684,36.6495,92.5871,186.28,72.2026,78.3142
2023-04-12,390.6898,306.9266,168.8192,64.8795,36.3908,92.4919,187.19,72.2818,78.3313
2023-04-13,395.8792,312.9369,171.0562,65.7107,36.8897,91.7651,189.72,72.3258,78.374
2023-04-14,394.9121,312.3487,169.4624,65.4426,36.6957,90.9257,186.36,72.1586,78.374
2023-04-17,396.3293,312.6134,171.6418,65.3264,36.8527,89.8441,185.53,72.053,78.3912
2023-04-18,396.5877,312.6329,170.9121,65.6839,36.8065,90.1643,186.25,72.0354,78.3997
2023-04-19,396.5207,312.4859,171.133,65.4783,36.437,90.0777,185.36,71.9738,78.4082
2023-04-20,394.3568,310.1034,170.2497,65.4783,36.3816,90.8478,186.09,72.1498,78.4681
2023-04-21,394.6632,310.4269,170.4705,65.809,36.0397,90.3373,184.25,72.1058,78.4596
2023-04-24,395.075,309.7798,170.3553,65.9789,35.9566,91.2113,184.81,72.185,78.4681
2023-04-25,388.8036,303.9362,166.1502,65.0583,35.2822,92.5525,185.75,72.4666,78.4596
2023-04-26,387.1567,305.7794,164.5468,65.0136,35.4854,91.566,184.74,72.3786,78.4767
2023-04-27,394.8643,314.0938,166.7454,65.8269,35.9658,90.6575,184.75,72.2378,78.5023
2023-04-28,398.2345,316.2607,168.2047,65.8001,36.1506,92.1198,184.8,72.317,78.5023
2023-05-01,397.8324,315.8979,168.3008,65.7018,36.0305,89.4636,183.97,72.1591,78.5049
2023-05-02,393.3611,313.1428,164.8445,65.0404,35.6794,91.6931,187.52,72.3973,78.4878
2023-05-03,390.6611,311.0936,165.4493,65.2102,35.624,92.2048,189.11,72.5737,78.4963
2023-05-04,387.894,309.9955,163.5964,65.0761,35.9104,91.294,190.44,72.6883,78.5221
2023-05-05,395.075,316.5843,167.4847,66.0325,36.3908,90.9904,187.46,72.5119,78.5393
2023-05-08,395.1802,317.3686,167.1006,66.0504,36.4093,89.7152,187.69,72.3973,78.5478
2023-05-09,393.4473,315.3586,166.6014,65.7822,36.1876,89.3942,189.02,72.3796,78.5564
2023-05-10,395.2855,318.7903,167.4463,65.6481,36.1691,90.2617,188.75,72.556,78.565
2023-05-11,394.5962,319.8296,166.1598,65.4873,36.0397,91.2159,187.13,72.6001,78.6165
2023-05-12,394.0791,318.6825,165.8238,65.3711,35.6148,90.4525,186.81,72.4767,78.6337
2023-05-15,395.4388,320.408,167.8495,65.8716,36.2707,89.5156,187.21,72.4855,78.6423
2023-05-16,392.7961,320.7709,165.4013,65.246,36.012,89.2467,184.87,72.3973,78.6337
2023-05-17,397.5643,324.6535,169.088,65.5499,36.1783,88.9865,184.23,72.3179,78.6509
2023-05-18,401.3941,330.6834,170.1153,65.4515,35.9843,88.3272,181.84,72.1856,78.6938
2023-05-19,400.8101,329.9383,169.0784,65.8359,36.012,87.7026,183.64,72.1326,78.6938
2023-05-22,400.9728,331.0462,171.1425,65.8537,36.3077,87.3903,183.21,72.1062,78.7024
2023-05-23,396.4728,326.8498,170.3361,64.8884,35.7441,87.6419,183.43,72.0974,78.7024
2023-05-24,393.6004,325.1732,168.5311,63.941,35.4762,87.2081,181.95,72.0091,78.7024
2023-05-25,397.009,333.0856,167.2159,63.8517,35.4023,86.9912,180.2,71.8504,78.7539
2023-05-26,402.1505,341.5961,169.1168,64.4773,36.0305,87.6939,180.92,71.8328,78.7711
2023-05-30,402.3037,343.1453,168.4928,63.8249,35.6148,88.5701,182.04,71.9739,78.7797
2023-05-31,400.0728,341.1941,166.8318,63.1634,35.2822,89.3421,182.32,72.0444,78.7969
2023-06-01,403.8739,345.1355,168.6368,64.1019,35.9104,89.6927,183.76,72.1567,78.8408
2023-06-02,409.7145,347.724,174.7524,64.9331,36.5294,88.7098,181.05,71.9534,78.8494
2023-06-05,408.9294,347.9691,172.4098,64.5578,36.5201,88.5446,182.14,71.9711,78.8494
2023-06-06,409.8197,347.9102,176.951,65.094,36.8435,89.0664,182.34,71.9357,78.8667
2023-06-07,408.4027,342.0079,180.2619,64.5215,36.6852,87.7443,180.15,71.8827,78.8753
2023-06-08,410.873,346.2533,179.5879,65.2041,36.9459,88.7707,182.53,71.9976,78.9184
2023-06-09,411.6102,347.5769,178.1342,65.0949,37.1135,88.6489,182.04,71.8649,78.927
2023-06-12,415.3443,353.4499,178.8755,65.3771,37.188,88.9099,181.88,71.9268,78.9357
2023-06-13,418.0826,356.1659,180.9261,65.996,37.5604,88.0314,180.54,71.7942,78.9529
2023-06-14,418.5805,358.7543,178.9814,66.2417,37.8398,88.7359,180.64,71.75,78.9701
2023-06-15,423.7699,363.0291,180.4544,66.9426,38.1936,89.5883,181.91,71.9004,79.0046
2023-06-16,422.3264,360.7446,179.0103,66.7969,38.0632,89.2404,181.63,71.8031,79.0133
2023-06-20,420.1353,360.2282,178.2305,65.9141,37.3184,89.8579,179.75,71.8296,79.0305
2023-06-21,417.9827,355.3191,177.8165,66.0142,37.1415,90.0754,179.49,71.8296,79.0305
2023-06-22,419.4914,359.5115,176.4975,65.6046,37.0111,88.9882,177.71,71.75,79.065
2023-06-23,416.3201,355.9475,173.8404,64.5852,36.4711,89.8754,178.2,71.8119,79.0736
2023-06-26,414.6191,351.1758,174.0137,64.6671,36.5921,89.971,178.51,71.8649,79.0822
2023-06-27,419.1647,357.2141,176.5264,65.2315,36.9646,89.7361,177.69,71.7589,79.0995
2023-06-28,419.3761,357.9112,177.3929,65.2769,36.7411,90.1189,177.28,71.8384,79.1081
2023-06-29,421.0291,357.1944,179.4339,65.186,36.5456,88.4924,177.09,71.6616,79.1339
2023-06-30,425.9975,362.7024,180.2907,65.9869,36.8342,89.5361,178.27,71.6881,79.1598
2023-07-03,426.4876,363.5566,180.6565,65.9141,37.2439,89.0285,178.47,71.6048,79.1797
2023-07-05,425.8534,363.5467,178.8563,65.1768,37.0204,88.1825,177.84,71.5871,79.1884
2023-07-06,422.5186,360.778,175.9681,64.0482,36.2662,86.9354,177.31,71.5427,79.2143
2023-07-07,421.4518,359.5802,177.8261,64.5306,36.6759,86.4121,178.64,71.6225,79.223
2023-07-10,422.5186,359.698,180.8684,64.7127,36.7038,86.5255,178.78,71.7289,79.2403
2023-07-11,425.2094,361.4752,182.7264,65.2952,37.0763,86.9703,179.45,71.7201,79.249
2023-07-12,428.6306,366.0406,184.7193,66.5421,37.905,87.9383,181.88,71.9328,79.2663
2023-07-13,432.0327,372.2554,186.2115,67.607,38.3984,88.8628,182.01,72.1367,79.3009
2023-07-14,431.7635,372.1769,184.392,67.2247,38.1843,88.3395,181.43,71.9505,79.3096
2023-07-17,433.2628,375.6526,186.3655,67.1428,38.2308,88.3831,181.56,71.9771,79.3182
2023-07-18,436.4821,378.7256,188.6665,67.5797,37.9515,88.7843,183.64,71.9771,79.3182
2023-07-19,437.4528,378.6372,189.4655,67.5433,37.877,89.7873,183.67,72.0037,79.3355
2023-07-20,434.5505,369.9089,187.8096,67.1974,37.5977,88.6971,182.74,71.9151,79.3788
2023-07-21,434.5505,368.7994,187.2127,67.3339,37.5418,88.7233,182.18,71.9239,79.3788
2023-07-24,436.4918,369.3886,187.6749,67.1701,38.0539,88.4006,181.4,71.8353,79.3875
2023-07-25,437.6834,371.8922,187.6556,67.2429,38.3705,88.2349,182.41,71.8264,79.3961
2023-07-26,437.7507,370.6551,189.1382,67.425,38.594,88.3221,183.3,71.8973,79.4048
2023-07-27,434.8484,369.7714,186.6929,67.2702,38.1191,86.604,180.42,71.7909,79.4481
2023-07-28,439.1057,376.5068,189.1093,67.7526,39.0409,87.0487,181.86,71.8885,79.4567
2023-07-31,439.9417,376.7031,191.3044,67.7708,39.0595,87.2581,182.35,71.9062,79.4654
2023-08-01,438.6829,375.8293,190.4283,66.9244,38.566,85.8282,180.46,71.8458,79.4862
2023-08-02,432.5804,367.582,187.8385,65.6774,37.6443,84.9099,179.6,71.8813,79.4949
2023-08-03,431.3407,366.9929,187.309,65.4954,37.7932,82.9509,179.54,71.908,79.5297
2023-08-04,429.3898,365.2748,186.9336,65.6774,37.7467,84.4201,180.19,72.0502,79.5471
2023-08-07,433.1378,368.3674,187.0587,66.2326,37.6908,83.5893,179.78,72.0768,79.5471
2023-08-08,431.2542,365.2355,185.8842,65.8322,37.2346,84.5601,178.64,72.1124,79.5645
2023-08-09,428.3711,361.2198,184.4305,65.8139,37.3277,84.9974,177.79,72.0679,79.5732
2023-08-10,428.525,361.8875,183.6122,66.0961,37.3835,83.5981,177.6,72.0324,79.6166
2023-08-11,428.2751,359.5802,183.8721,65.6501,36.8342,83.4057,177.6,71.9613,79.6253
2023-08-14,430.6392,363.6155,183.5544,65.3589,36.6573,83.222,177.06,71.899,79.634
2023-08-15,425.6227,359.757,181.1283,64.5488,36.2383,82.7148,176.59,71.9258,79.6427
2023-08-16,422.4994,355.9475,178.914,64.0209,35.9124,82.0676,175.57,71.8902,79.6601
2023-08-17,419.28,352.0595,176.8056,63.5658,35.9962,81.7178,175.3,71.9702,79.6949
2023-08-18,419.4818,351.6177,177.7683,63.5658,35.7541,82.0064,175.33,71.9968,79.7036
2023-08-21,422.2111,357.2828,177.5084,63.8025,35.8379,80.9132,175.81,71.9168,79.7123
2023-08-22,421.0675,356.7722,176.979,63.6842,35.7634,81.5342,176.1,71.8813,79.721
2023-08-23,425.7572,362.398,178.8659,64.3759,36.3314,83.5544,177.89,72.0146,79.7384
2023-08-24,419.8566,354.6515,176.3916,63.493,36.1917,83.0034,177.85,71.9702,79.7645
2023-08-25,422.8166,357.4005,177.1426,63.9208,36.229,83.2745,177.62,71.9258,79.7819
2023-08-28,425.4978,360.0909,178.7215,64.5943,36.5828,83.3619,178.13,71.9702,79.7992
2023-08-29,431.6483,367.9551,181.215,65.3953,37.0483,84.2277,179.87,72.1302,79.7905
2023-08-30,433.4261,370.0071,181.8985,65.3589,36.9273,84.1403,180.32,72.1302,79.8079
2023-08-31,432.7919,371.1165,181.5808,65.104,36.4711,84.5164,180.02,72.2012,79.8601
2023-09-01,433.5991,370.7238,183.7373,65.0676,36.8994,83.1997,180.11,72.162,79.8732
2023-09-05,431.7251,371.1951,179.8671,64.5033,36.6014,82.0331,178.64,72.0729,79.8906
2023-09-06,428.8229,367.9256,179.1932,64.3668,36.3966,82.2348,177.83,71.9928,79.8906
2023-09-07,427.5063,365.2944,177.4603,64.1575,35.9683,82.4629,178.02,72.1264,79.9343
2023-09-08,428.1502,365.8049,177.0656,64.0664,36.0428,82.7787,178.08,72.0908,79.943
2023-09-11,430.9659,370.1151,177.4892,64.7309,36.4897,82.1822,178.41,72.1086,79.943
2023-09-12,428.6018,366.0111,177.3158,64.4669,36.378,82.6559,177.49,72.0729,79.9692
2023-09-13,429.1016,367.4053,176.151,64.2667,36.3314,82.6383,177.08,72.1353,79.978
2023-09-14,432.8015,370.4097,178.6348,65.1131,36.5735,82.0419,177.17,72.1175,80.0042
2023-09-15,427.5869,364.0671,176.7671,64.9675,36.4338,81.5419,178.34,72.0818,80.0216
2023-09-18,427.8377,364.4467,175.5926,64.74,36.3873,82.0068,179.39,72.0729,80.0304
2023-09-19,426.9504,363.6699,174.9091,64.7946,36.1731,81.4015,179.22,72.0195,80.0391
2023-09-20,423.0253,358.4292,173.1569,64.6398,36.0241,81.6559,179.35,71.9749,80.0478
2023-09-21,416.0334,351.8612,170.4709,63.5658,35.4003,79.5595,178.05,72.0106,80.0915
2023-09-22,415.0979,351.9104,170.0858,63.6205,35.8193,80.1998,178.62,72.0818,80.1002
2023-09-25,416.8435,353.5818,170.8463,63.3383,35.661,78.2262,177.7,72.0551,80.1089
2023-09-26,410.7196,348.2724,168.6497,62.5192,35.1582,77.9543,176.28,72.064,80.1177
2023-09-27,410.8835,349.0885,170.2263,62.4008,35.2141,77.5507,174.1,72.0106,80.1438
2023-09-28,413.2655,352.0087,171.7643,62.9105,35.3072,77.7876,173.23,72.1353,80.1701
2023-09-29,412.2626,352.2643,170.9518,62.7285,35.3351,77.7963,171.45,72.1442,80.1788
2023-10-02,412.0986,355.2043,168.3692,61.8092,35.1582,76.494,169.65,72.0719,80.1911
2023-10-03,406.5822,348.9706,165.5352,61.0356,34.6927,74.8485,169.16,72.0183,80.2086
2023-10-04,409.543,353.7195,165.6125,61.1448,34.5903,75.9044,169.14,72.1791,80.2174
2023-10-05,409.3886,352.6773,165.7383,61.6818,34.7206,75.5261,168.83,72.2505,80.27
2023-10-06,414.2492,358.5866,167.3343,62.3644,35.2234,74.6109,169.7,72.188,80.27
2023-10-09,416.9014,360.4154,168.3015,62.2734,35.0558,76.362,172.82,72.4024,80.2788
2023-10-10,419.0712,362.4114,170.207,63.129,35.5586,76.2564,172.53,72.3577,80.2788
2023-10-11,420.7879,364.9972,169.9168,63.3929,35.7821,77.8491,173.79,72.3398,80.2963
2023-10-12,418.2226,363.7289,166.0768,62.865,35.3817,75.7373,173.26,72.2505,80.3314
2023-10-13,416.1395,359.1568,164.6936,62.2825,35.2513,77.0924,178.83,72.2952,80.3489
2023-10-16,420.5178,363.2175,167.3536,62.7376,35.512,75.8517,177.96,72.2505,80.3577
2023-10-17,420.4985,362.0279,169.2204,62.774,35.4189,75.0157,178.29,72.0897,80.3665
2023-10-18,414.8954,357.2788,165.7383,61.6818,34.8789,74.3557,180.87,72.0897,80.3752
2023-10-19,411.2499,353.9358,163.0977,61.1357,34.674,72.8334,183.09,72.188,80.4103
2023-10-20,406.1965,348.6558,160.9891,60.5896,34.2551,73.247,183.59,72.3041,80.4278
2023-10-23,405.4925,349.7079,159.6253,60.6351,34.2271,74.1269,182.97,72.3488,80.4366
2023-10-24,408.5497,353.1099,161.0181,60.981,34.6647,75.1037,182.95,72.3309,80.4454
2023-10-25,402.686,344.4673,158.3581,60.5441,34.2085,73.4318,183.72,72.2505,80.4542
2023-10-26,397.864,337.8993,158.7644,60.1072,34.0409,74.5582,184.01,72.3934,80.4893
2023-10-27,396.0606,339.5215,156.8976,59.9252,34.013,74.2413,186.15,72.4381,80.5156
2023-10-30,400.7959,343.3463,157.7681,60.6897,34.3668,73.907,185.1,72.4113,80.5243
2023-10-31,403.313,344.9883,159.132,60.9082,34.1713,73.5462,184.09,72.3845,80.5243
2023-11-01,407.6142,350.9763,160.0412,61.4816,34.4878,75.1409,183.51,72.5458,80.549
2023-11-02,415.4258,357.3477,164.3067,62.7376,35.093,76.8538,184.12,72.5547,80.5754
2023-11-03,419.2159,361.5461,168.7755,63.402,35.81,77.3748,184.79,72.7518,80.5842
2023-11-06,420.1803,363.021,166.6668,63.0835,36.0986,76.6242,183.35,72.6174,80.593
2023-11-07,421.3762,366.4525,166.0768,62.7012,36.0335,77.7544,182.59,72.6712,80.6106
2023-11-08,421.6848,366.6884,164.3067,62.6193,35.7914,79.0789,180.77,72.6533,80.6194
2023-11-09,418.3962,363.8665,161.7629,62.6102,35.4562,77.26,181.49,72.5458,80.6635
2023-11-10,424.9251,372.0471,163.5716,62.8923,35.7076,77.6926,179.51,72.5637,80.6723
2023-11-13,424.5201,370.8868,163.6296,63.0562,35.6983,77.516,180.51,72.5906,80.6811
2023-11-14,432.7561,378.8707,172.6154,64.6671,36.648,79.2731,182.12,72.8772,80.6899
2023-11-15,433.6722,379.1559,172.9153,64.567,36.9552,78.1606,181.64,72.7429,80.7075
2023-11-16,434.2027,379.4803,170.1199,64.5215,36.6014,79.1319,183.69,72.8683,80.7428
2023-11-17,434.7428,379.5688,172.451,65.3953,36.648,79.5027,183.67,72.8145,80.7604
2023-11-20,438.0893,384.19,173.4569,65.641,37.1042,79.9883,183.37,72.8235,80.7604
2023-11-21,437.1345,381.9581,171.2226,65.3862,36.8714,79.953,185.35,72.8683,80.7868
2023-11-22,438.8222,383.5214,172.2962,65.5409,36.7969,80.2356,184.56,72.8772,80.8221
2023-11-24,439.0922,382.9807,173.4569,66.0415,36.8156,79.2908,185.52,72.8235,80.8309
2023-11-27,438.3014,382.6464,172.8766,65.8139,36.6666,80.6153,186.77,72.9131,80.8397
2023-11-28,438.7354,383.6493,172.2092,65.8322,36.9739,80.7742,189.26,73.0474,80.8573
2023-11-29,438.4268,383.2756,173.1184,65.9687,36.7597,81.7896,189.54,73.1908,80.8661
2023-11-30,440.1531,382.312,173.7761,65.9141,36.8342,80.8448,188.75,73.146,80.9013
2023-12-01,442.757,383.4035,178.8542,66.6058,36.9925,82.3675,192.01,73.3589,80.9182
2023-12-04,440.4328,379.8442,180.7693,66.087,36.5735,82.0397,187.86,73.2511,80.9182
2023-12-05,440.346,380.7979,178.3512,65.8504,36.35,83.8024,187.15,73.341,80.9359
2023-12-06,438.5715,378.5954,178.032,66.0506,36.3035,84.9185,187.84,73.323,80.9447
2023-12-07,441.918,383.8853,179.3185,66.3692,36.4804,84.4313,188.15,73.3769,80.9801
2023-12-08,443.8178,385.5961,180.6823,66.5694,36.3221,83.7404,185.64,73.2152,80.9978
2023-12-11,445.5441,388.8899,181.0595,66.7332,36.5362,83.5632,183.59,73.2331,81.0155
2023-12-12,447.579,391.9871,180.8757,66.8515,36.5456,83.8113,183.49,73.2421,81.0155
2023-12-13,453.7512,396.9721,186.9984,67.8254,36.9087,85.7777,187.63,73.6105,81.0244
2023-12-14,455.2074,396.628,192.2022,68.326,37.4487,88.009,188.73,73.7368,81.0598
2023-12-15,454.4579,398.5453,190.5869,67.6616,37.2253,88.1067,187.0,73.6556,81.0863
2023-12-18,457.0143,401.0556,190.6546,67.8254,37.2066,87.4047,187.85,73.6466,81.0961
2023-12-19,459.7934,403.1048,194.3495,68.3988,37.5232,87.8757,189.13,73.6737,81.0961
2023-12-20,453.4218,397.1148,190.5479,67.7086,36.8477,88.4711,188.1,73.7728,81.1138
2023-12-21,457.7212,401.7353,193.7903,68.8052,37.5403,87.9113,189.43,73.8449,81.1672
2023-12-22,458.6411,402.3364,195.596,68.8698,37.36,87.5114,190.27,73.872,81.1761
2023-12-26,460.5777,404.7994,198.1395,69.1831,37.6541,87.7602,191.72,73.8359,81.1939
2023-12-27,461.4104,405.6234,198.8385,69.5517,37.8723,89.3153,192.59,73.926,81.1939
2023-12-28,461.5847,405.4263,198.0813,69.3674,38.1664,88.6666,191.47,73.917,81.2472
2023-12-29,460.2484,403.6717,194.8485,69.4411,38.1475,87.8668,191.17,73.9531,81.2472
2024-01-02,457.6727,396.8407,193.6933,68.667,37.7016,87.3603,190.72,73.863,81.2561
2024-01-03,453.9351,392.6415,188.5286,68.1509,37.4928,87.7246,189.13,73.881,81.2828
2024-01-04,452.4729,390.6208,188.1597,68.3076,37.3695,86.3917,189.32,73.8359,81.3094
2024-01-05,453.0927,391.0841,187.6063,68.3537,37.417,85.5653,189.35,73.8179,81.3183
2024-01-08,459.5609,399.167,190.9847,69.0817,37.5213,86.4095,187.87,73.881,81.3272
2024-01-09,458.8638,399.9556,189.2761,68.4643,36.99,85.8585,187.93,73.899,81.3361
2024-01-10,461.4589,402.6663,189.3829,68.9066,36.9047,85.4586,187.5,73.899,81.3539
2024-01-11,461.2554,403.5042,187.8976,68.8974,37.0564,85.9385,187.87,74.0703,81.3983
2024-01-12,461.575,403.7112,187.587,69.1831,37.1893,85.7697,189.71,74.2235,81.4161
2024-01-16,459.8805,403.6717,185.2667,68.0219,36.288,84.259,187.91,74.1063,81.425
2024-01-17,457.3242,401.3947,183.9465,67.3768,35.7472,84.1257,185.84,73.9621,81.4428
2024-01-18,461.391,407.0921,185.0338,67.9758,36.0413,83.3437,187.37,73.9981,81.4783
2024-01-19,467.1428,415.1652,186.8103,68.1325,36.4208,83.6103,187.93,73.9441,81.4873
2024-01-22,468.1305,415.7074,190.8003,68.3444,36.0983,84.108,187.22,73.9802,81.4961
2024-01-23,469.4958,417.4324,190.2469,68.1509,36.4113,83.4415,187.95,73.9711,81.505
2024-01-24,470.009,419.7488,188.684,68.667,36.8193,82.9528,186.4,73.9351,81.5139
2024-01-25,472.5653,420.2613,190.2469,68.8605,36.8667,83.4948,187.14,74.0703,81.5584
2024-01-26,471.9651,417.7576,190.2566,69.1647,36.8952,83.3349,187.01,74.0252,81.5673
2024-01-29,475.7026,422.0356,193.5865,69.5702,36.9141,84.2946,188.33,74.0973,81.5761
2024-01-30,475.3347,419.2263,191.9361,69.478,36.62,85.0588,188.59,74.0522,81.585
2024-01-31,467.5786,411.0153,187.2472,69.1278,36.4208,85.8941,188.45,74.1875,81.5939
2024-02-01,473.6983,415.8552,189.7324,69.8098,36.7718,87.579,190.41,74.2978,81.635
2024-02-02,478.6851,422.8834,188.7325,69.2568,36.6675,85.6445,188.61,74.0627,81.6529
2024-02-05,476.9421,422.3314,186.3346,68.8882,36.7149,83.915,187.57,73.9181,81.6529
2024-02-06,478.3268,421.4837,188.0141,69.3121,37.5498,84.7352,188.55,74.0356,81.6707
2024-02-07,482.3163,425.8208,187.5773,69.2752,37.5972,84.3251,188.5,74.0085,81.6796
2024-02-08,482.5293,426.6094,190.4217,69.1554,37.3885,83.8348,188.33,73.9904,81.7154
2024-02-09,485.318,430.8085,193.5185,69.3951,37.5498,83.6654,187.6,73.9632,81.7243
2024-02-12,485.105,429.123,197.0329,69.5148,37.8439,83.7634,187.11,73.9723,81.7421
2024-02-13,478.4236,422.43,188.9267,68.4458,37.1323,82.3282,184.53,73.7372,81.7421
2024-02-14,482.7714,427.0333,193.3147,69.2107,37.6636,82.7472,184.42,73.8457,81.76
2024-02-15,486.1024,428.3049,198.4696,69.9941,37.8439,83.175,185.66,73.9181,81.8047
2024-02-16,483.6816,424.4211,195.7708,70.1047,38.0241,82.6937,186.34,73.8277,81.8225
2024-02-20,481.0187,421.2175,193.0719,70.3904,38.081,82.765,187.47,73.8728,81.8315
2024-02-21,481.4545,419.5319,192.1594,70.4457,38.1475,82.1766,187.48,73.8096,81.8404
2024-02-22,491.4184,431.814,193.6156,71.2382,38.5364,82.5778,187.56,73.8005,81.885
2024-02-23,491.7573,430.5424,194.0525,71.3304,38.5174,83.6832,188.62,73.8367,81.894
2024-02-26,489.9562,430.3156,195.2757,71.229,38.3467,83.4336,188.2,73.7824,81.894
2024-02-27,490.8665,431.3507,198.0424,71.4225,38.4226,82.8452,188.0,73.7824,81.9118
2024-02-28,490.2177,429.054,196.4115,71.0078,37.9198,83.3712,188.34,73.8548,81.9208
2024-02-29,491.98,432.7307,197.7803,71.1921,37.9387,83.9596,189.31,73.9,81.9565
2024-03-01,496.5988,439.2462,199.8772,71.8833,38.4036,84.4827,192.89,74.0451,81.9789
2024-03-04,496.0663,437.679,199.6928,71.699,38.3182,84.1429,196.01,73.9725,81.9879
2024-03-05,491.1085,429.8228,197.7803,71.57,37.9767,85.3412,197.19,74.0269,81.9879
2024-03-06,493.5971,432.5237,199.2559,72.4178,38.5269,85.842,198.81,74.0451,82.0058
2024-03-07,498.4967,439.0886,200.916,73.2749,38.7641,85.7616,199.94,74.1357,82.0416
2024-03-08,495.5047,432.7505,200.7898,73.0353,38.7262,85.6095,201.63,74.172,82.0506
2024-03-11,495.0786,431.1437,199.1977,72.6206,38.8115,85.5648,202.0,74.1085,82.0595
2024-03-12,500.4043,437.3242,198.9259,73.2012,39.2385,84.8494,199.79,74.036,82.0864
2024-03-13,499.6199,433.9629,199.7025,73.2104,39.1151,84.438,201.19,73.9997,82.0864
2024-03-14,498.6323,432.8687,196.13,72.6759,38.9159,83.1413,200.35,73.9362,82.1223
2024-03-15,495.2084,427.7233,196.4989,72.7035,38.6787,83.1145,199.71,73.8909,82.1402
2024-03-18,498.1515,431.8026,195.3727,72.6851,38.7451,82.8641,200.03,73.9,82.1492
2024-03-19,500.9198,432.8785,196.1979,72.8141,38.5554,83.0966,199.8,73.9635,82.1671
2024-03-20,505.5529,438.011,200.0811,73.5882,38.9918,83.0698,202.18,74.0813,82.1761
2024-03-21,507.2236,440.0837,202.38,73.5514,39.0392,83.2486,201.97,74.0813,82.203
2024-03-22,506.2621,440.5871,199.5867,73.3947,38.7641,84.0445,200.35,74.1357,82.212
2024-03-25,504.8634,438.9882,200.0441,73.238,38.7926,83.6242,200.99,74.0994,82.2299
2024-03-26,503.9309,437.5668,199.684,73.321,38.7641,83.8567,201.64,74.1176,82.2389
2024-03-27,508.1658,439.0572,204.0345,73.7634,38.8305,84.6884,203.1,74.1992,82.2926
2024-03-28,508.0687,438.2479,204.6768,73.5975,38.9728,84.6168,205.72,74.1538,82.2926
2024-04-01,507.1848,439.1757,202.7498,73.2841,39.0392,83.0395,207.82,73.9992,82.3151
2024-04-02,503.9601,435.3855,199.0222,72.768,39.1626,82.5819,210.89,74.0356,82.3331
2024-04-03,504.5137,436.3627,200.3264,73.1735,39.191,82.564,212.74,74.0902,82.3331
2024-04-04,498.3555,429.6904,198.3215,72.5469,39.0487,83.1562,211.52,74.163,82.3692
2024-04-05,503.5618,434.7538,198.9832,72.7772,39.1341,81.9987,215.14,74.0447,82.3872
2024-04-08,503.8435,434.8822,200.0733,73.1367,39.3903,81.9897,216.48,73.9719,82.3962
2024-04-09,504.4262,436.491,200.8617,73.1274,39.6559,82.7524,217.67,74.0447,82.4052
2024-04-10,499.3754,432.6811,195.5574,72.1598,39.1151,80.9489,215.61,73.7445,82.4232
2024-04-11,503.1441,439.5902,196.881,72.3533,39.3523,80.5811,219.8,73.8354,82.4502
2024-04-12,496.1992,432.5824,193.3773,71.1829,38.451,81.0117,216.89,73.8809,82.4592
2024-04-15,489.9827,425.4659,190.5451,70.971,38.2044,79.7556,220.95,73.8536,82.4772
2024-04-16,489.0891,425.5054,189.8443,70.2706,37.7016,79.2262,221.22,73.8081,82.4862
2024-04-17,486.1946,420.3136,187.8394,70.3166,37.6731,80.1055,219.59,73.8627,82.4952
2024-04-18,485.1941,417.9153,187.6837,70.1231,37.8249,79.7018,220.34,73.8264,82.5402
2024-04-19,480.9591,409.2689,187.9757,70.1507,37.6731,79.9889,221.03,73.8445,82.5492
2024-04-22,485.3884,413.3848,190.0779,70.971,38.081,79.8543,215.57,73.8809,82.5672
2024-04-23,491.1483,419.5537,193.2605,71.7451,38.3941,79.8812,215.04,73.9446,82.5762
2024-04-24,490.9152,420.975,192.3943,71.6068,38.5269,79.316,214.64,73.9173,82.5762
2024-04-25,489.0502,418.9417,191.2264,71.2751,38.6123,78.7597,215.92,73.8627,82.6213
2024-04-26,493.6834,425.4068,193.0561,71.8465,39.0582,79.1724,216.62,73.8809,82.6213
2024-04-29,495.4318,427.134,194.6133,72.1229,39.4377,79.8364,216.18,73.9173,82.6393
2024-04-30,487.5836,419.0799,190.6619,71.2106,38.8874,79.1545,211.87,73.8264,82.6483
2024-05-01,486.0003,416.0497,191.0609,71.0539,38.9254,79.7379,213.79,73.9742,82.6646
2024-05-02,490.5461,421.3599,194.5744,72.0123,39.931,80.0801,213.13,74.0837,82.7098
2024-05-03,496.6266,429.8286,196.5014,72.7312,40.2915,80.8904,212.96,74.2024,82.7188
2024-05-06,501.7552,434.5367,199.0416,73.2288,40.3295,81.2055,215.2,74.1933,82.7188
2024-05-07,502.3088,434.6058,199.4894,73.4224,40.1018,81.7008,214.21,74.2024,82.7279
2024-05-08,502.3574,434.3492,198.3312,73.3394,40.1113,81.2055,213.58,74.1841,82.7459
2024-05-09,505.2518,435.2967,200.3556,73.9016,40.2346,81.6017,216.95,74.248,82.7912
2024-05-10,505.9026,436.3232,198.847,74.0398,40.32,81.1425,218.71,74.1841,82.7912
2024-05-13,505.9706,437.33,199.2655,74.0398,40.6236,81.3496,216.26,74.2024,82.8092
2024-05-14,508.2921,440.1429,201.3288,74.5928,40.8418,81.8088,218.09,74.2754,82.8183
2024-05-15,514.5864,447.0226,203.8399,75.3853,41.2782,82.9253,220.89,74.4123,82.8273
2024-05-16,513.5276,446.1144,202.3702,74.9798,41.3636,82.8443,220.03,74.3575,82.8635
2024-05-17,514.2657,445.8973,202.5162,75.2379,41.5438,82.286,223.66,74.3119,82.8726
2024-05-20,514.8582,449.0065,202.9639,75.2932,41.392,82.0429,224.56,74.2937,82.8906
2024-05-21,516.1208,449.8849,202.7693,75.1734,41.1359,82.4661,224.23,74.3302,82.8997
2024-05-22,514.6349,449.796,201.0563,74.4637,41.0031,82.5651,220.11,74.2754,82.9177
2024-05-23,510.8759,447.7726,197.757,74.0859,40.6995,82.0339,215.72,74.2389,82.972
2024-05-24,514.256,452.007,199.9468,74.6941,40.8133,82.277,215.92,74.2663,82.981
2024-05-28,514.6155,453.7145,199.6743,74.6665,40.7564,81.0975,218.19,74.2024,82.972
2024-05-29,511.0118,450.5166,196.7253,73.4869,40.1492,80.1161,216.16,74.175,82.9901
2024-05-30,507.622,445.69,198.594,74.1043,40.0354,80.8904,216.57,74.2571,83.0082
2024-05-31,512.2454,444.8609,200.268,74.8139,39.6464,81.4396,215.3,74.3575,83.0262
2024-06-03,512.663,447.2495,199.139,75.0259,40.0638,82.7569,217.22,74.4418,83.0399
2024-06-04,513.2361,448.4734,196.5696,74.9338,39.5041,83.7236,215.27,74.515,83.0581
2024-06-05,519.336,457.5146,199.577,75.4591,40.1397,84.338,217.82,74.5883,83.0671
2024-06-06,519.3264,457.3566,198.1463,75.7171,40.339,84.2114,219.43,74.5975,83.0762
2024-06-07,518.6949,456.952,195.8202,74.8969,39.8836,82.6665,211.6,74.4052,83.1125
2024-06-10,520.2977,458.7977,196.4917,74.8416,40.1208,82.1154,213.54,74.4143,83.1307
2024-06-11,521.5507,461.9463,195.8203,73.9911,39.987,82.9647,214.15,74.4967,83.1398
2024-06-12,525.8342,467.9967,198.8263,74.8632,40.3882,83.5881,214.72,74.5975,83.158
2024-06-13,526.8929,470.5334,197.089,73.7942,40.2927,84.8168,212.97,74.7165,83.167
2024-06-14,527.2135,472.9713,193.9561,72.9785,40.3405,85.5305,215.73,74.7256,83.2124
2024-06-17,531.4095,478.7652,195.586,73.2691,40.5984,84.6812,214.61,74.6524,83.2215
2024-06-18,532.7596,478.9132,195.9276,73.5598,40.9709,85.4582,215.47,74.7531,83.2397
2024-06-20,531.3123,475.2218,195.098,73.6067,40.9041,84.889,218.16,74.7256,83.2578
2024-06-21,530.6002,473.9485,195.5372,73.091,40.7608,84.889,214.78,74.7531,83.2851
2024-06-24,528.8752,468.5527,196.3863,73.6723,40.7608,85.2323,215.63,74.7623,83.3033
2024-06-25,530.9119,473.9109,195.7422,73.8505,40.6653,85.3769,214.56,74.7714,83.3033
2024-06-26,531.5746,474.8897,195.2249,73.3066,40.5793,84.1573,212.58,74.6982,83.3124
2024-06-27,532.4126,476.1155,197.2062,73.3629,40.6079,84.4915,214.99,74.7531,83.3305
2024-06-28,530.3174,473.644,198.0162,73.4473,40.6844,82.9195,215.01,74.7623,83.3577
2024-07-01,531.4089,476.422,196.357,73.5786,40.7799,81.4884,215.57,74.6979,83.3869
2024-07-02,534.9852,481.4242,197.0305,73.7567,40.9041,82.1228,215.56,74.7623,83.3961
2024-07-03,537.3726,485.438,196.9817,74.6006,41.5059,83.2014,217.99,74.8725,83.4234
2024-07-05,540.4713,490.4995,196.0447,75.0976,41.6778,83.8902,220.93,75.0103,83.4508
2024-07-08,541.095,491.666,197.4209,74.7225,41.6874,84.0715,218.19,75.0011,83.469
2024-07-09,541.6212,492.0911,196.562,74.4225,41.8593,83.6998,218.56,74.9827,83.469
2024-07-10,546.9806,497.2219,198.4846,75.4726,42.0981,83.9627,219.36,75.0103,83.4873
2024-07-11,542.2643,486.3177,205.6191,75.6883,42.3465,84.7784,223.25,75.1848,83.4964
2024-07-12,545.6848,489.1748,208.02,76.4947,42.5184,85.1409,223.11,75.2951,83.5329
2024-07-15,547.1853,490.4896,211.9727,75.8196,42.0695,84.1621,223.83,75.2951,83.5511
2024-07-16,550.4302,490.6774,219.2047,76.1853,42.3083,85.3494,228.29,75.3226,83.5511
2024-07-17,542.7126,476.2737,216.9111,75.7821,41.6205,85.3675,227.23,75.3318,83.5785
2024-07-18,538.5419,474.0197,212.7144,75.0319,41.2289,84.7149,225.78,75.2951,83.5876
2024-07-19,534.9656,469.8181,211.6311,74.5725,40.8276,84.2165,221.73,75.2584,83.615
2024-07-22,540.4811,476.8174,214.9982,75.3601,41.1715,83.9718,221.8,75.2675,83.6332
2024-07-23,539.6334,475.1368,217.282,74.9382,40.8085,83.8539,222.58,75.3043,83.6332
2024-07-24,527.4039,458.0934,212.6168,73.9911,40.2163,82.9476,221.8,75.341,83.6606
2024-07-25,524.6559,453.0418,215.2715,73.5223,40.0539,83.6273,218.33,75.3502,83.6606
2024-07-26,530.5319,457.6882,218.8338,74.46,40.4646,84.2799,220.63,75.4513,83.7062
2024-07-29,530.8438,458.6075,216.4036,74.1318,40.3309,84.7331,220.32,75.4604,83.7062
2024-07-30,528.1541,452.3102,217.2234,74.3006,40.1494,85.0593,222.52,75.488,83.7153
2024-07-31,536.7391,465.6957,218.4825,75.3507,41.0283,85.9294,226.55,75.6442,83.7336
2024-08-01,529.1385,454.4159,211.3773,73.3535,40.3118,86.6706,225.77,75.7751,83.7537
2024-08-02,519.2867,443.6304,203.9013,72.2002,39.7387,89.3713,225.34,76.1991,83.7995
2024-08-05,504.1631,430.403,197.3428,70.6249,38.6115,89.8442,222.48,76.1806,83.7995
2024-08-06,508.8113,434.5156,199.4899,70.7468,38.8312,87.8345,220.7,76.0885,83.8178
2024-08-07,505.4103,429.8099,197.1281,71.0844,39.07,87.2162,220.55,76.0424,83.8362
2024-08-08,517.0942,442.9581,201.9201,72.2752,39.9584,86.6796,224.01,76.0055,83.8453
2024-08-09,519.3743,445.2714,201.5005,72.5565,40.1781,87.5344,224.56,76.0239,83.8636
2024-08-12,519.6472,446.2304,199.6851,72.4909,40.3118,87.8527,228.41,76.07,83.8911
2024-08-13,528.1932,457.3026,202.9742,73.738,40.7608,88.462,228.06,76.1898,83.9003
2024-08-14,529.8596,457.4509,201.7152,74.0099,40.5411,89.0167,226.2,76.1806,83.9094
2024-08-15,538.9414,469.0075,206.9464,74.91,40.99,88.2983,226.91,75.9963,83.9186
2024-08-16,540.1497,469.6106,207.493,75.3226,41.4677,88.6075,231.99,76.0792,83.9644
2024-08-19,545.3143,475.7794,210.0305,76.2415,41.8689,89.0167,231.61,76.0608,83.9644
2024-08-20,544.4276,474.7809,207.5808,76.0071,41.5441,89.726,232.46,76.1714,83.9827
2024-08-21,546.2986,476.9953,210.2843,76.7104,41.7065,89.7806,232.15,76.2544,84.0011
2024-08-22,542.0109,469.4326,208.4299,76.2603,41.1906,88.8894,229.37,76.153,84.0011
2024-08-23,547.77,474.5238,215.0861,77.6574,41.8784,89.4714,232.02,76.3281,84.0377
2024-08-26,546.4641,469.9171,215.1544,77.3105,41.525,89.244,232.76,76.2912,84.0469
2024-08-27,547.2145,471.3209,213.4855,77.6668,41.5823,89.0894,233.39,76.3373,84.0652
2024-08-28,544.0378,465.9726,212.041,77.3949,41.3244,88.9803,231.75,76.3281,84.0743
2024-08-29,544.0865,465.2904,213.5538,77.6855,41.3435,88.6893,232.95,76.3189,84.0743
2024-08-30,549.2805,470.8364,214.7933,77.8074,41.4295,87.7436,231.29,76.3189,84.1202
2024-09-03,537.9767,456.5413,208.2249,76.5791,40.6079,89.1787,230.29,76.4003,84.1533
2024-09-04,536.8756,455.355,207.8736,76.2415,40.5984,90.3282,230.43,76.5668,84.1625
2024-09-05,535.5698,455.7802,206.839,76.2603,40.6557,90.8391,232.35,76.5945,84.1717
2024-09-06,526.5562,443.571,202.9059,74.8257,39.9106,90.8299,230.63,76.7333,84.2177
2024-09-09,532.4515,449.2752,203.4719,75.5758,40.2449,91.2223,231.6,76.7425,84.2177
2024-09-10,534.7706,453.4273,203.306,75.2007,40.0921,91.8609,232.62,76.8535,84.2453
2024-09-11,540.257,463.2737,203.9013,75.6508,40.3882,91.7879,232.25,76.7887,84.2453
2024-09-12,544.8077,467.8212,206.5267,76.2696,40.7226,91.3591,236.33,76.798,84.2545
2024-09-13,547.6531,469.9171,211.6214,76.4478,40.9136,91.6054,238.68,76.909,84.3005
2024-09-16,548.4618,467.8409,212.3826,77.0667,41.0474,92.4448,238.66,76.9553,84.3189
2024-09-17,548.6859,468.0882,214.1394,76.6354,41.0951,91.9977,237.34,76.8997,84.3281
2024-09-18,547.0586,466.0616,214.1784,76.3916,40.9518,90.8573,235.51,76.872,84.3465
2024-09-19,556.3939,477.8455,218.5898,77.9012,41.8211,90.5563,239.17,76.9368,84.3649
2024-09-20,555.4322,476.936,216.2475,77.1323,41.7351,90.2096,242.21,76.9645,84.4017
2024-09-23,556.8201,478.2002,215.4569,77.423,42.0599,90.018,242.68,76.9645,84.4109
2024-09-24,558.4132,480.5069,215.8181,77.8824,43.4928,89.9998,246.07,77.0385,84.4202
2024-09-25,557.1817,480.9523,213.1857,77.4605,43.0343,89.2516,245.73,76.9737,84.4385
2024-09-26,559.3907,484.5658,214.3217,79.167,44.6105,89.4615,246.98,76.8997,84.4385
2024-09-27,558.5794,481.8731,215.771,78.6888,44.5245,89.9268,245.02,77.02,84.4661
2024-09-30,560.8178,483.1798,216.3195,78.4169,43.808,89.498,243.06,76.909,84.4753
2024-10-01,555.7938,476.448,213.3815,77.8356,44.1233,90.1442,245.61,76.9582,84.4947
2024-10-02,556.0283,477.1212,213.0877,77.6762,44.9926,89.3845,245.66,76.9396,84.504
2024-10-03,555.0118,476.7647,211.6579,76.9541,44.4576,88.5424,245.49,76.8375,84.5225
2024-10-04,560.0554,482.4373,214.6154,77.4042,44.8684,87.4533,245.0,76.5777,84.5409
2024-10-07,554.9922,477.2696,212.931,76.9729,45.2409,86.7943,244.17,76.4756,84.5594
2024-10-08,560.2411,484.3975,213.0779,76.851,44.1233,86.9407,242.37,76.5406,84.5594
2024-10-09,564.1216,488.2089,213.548,76.8698,43.8845,86.4465,241.05,76.4663,84.5686
2024-10-10,563.1343,487.6545,212.363,76.776,43.9704,86.1078,242.82,76.5313,84.5779
2024-10-11,566.5065,488.4168,216.6818,77.1698,44.2857,85.7601,245.47,76.5963,84.6241
2024-10-14,571.1396,492.5154,218.2781,77.3949,44.1042,85.8241,245.07,76.5592,84.6148
2024-10-15,566.702,485.932,218.4544,76.1103,43.168,86.8675,245.92,76.5963,84.6425
2024-10-16,569.1652,485.9914,222.0484,76.3072,43.5024,87.2336,247.15,76.6427,84.6425
2024-10-17,569.2141,486.328,221.4412,76.3165,43.4355,85.8516,248.63,76.5777,84.661
2024-10-18,571.4036,489.5157,220.9809,76.8323,43.8654,85.9156,251.27,76.6427,84.6887
2024-10-21,570.4651,490.4562,217.5044,75.9227,43.5597,84.4146,251.22,76.5313,84.7072
2024-10-22,570.1622,490.9908,216.6818,75.4914,43.4642,84.497,253.93,76.522,84.7164
2024-10-23,564.9524,483.4669,214.7036,74.7319,43.2062,84.2682,250.87,76.4756,84.7164
2024-10-24,566.1743,487.3872,215.1737,75.1538,43.1394,84.8082,252.8,76.5127,84.7257
2024-10-25,565.9787,490.3572,214.3608,74.9007,43.1012,84.3323,253.32,76.4849,84.7627
2024-10-28,567.7283,490.4364,217.857,75.5008,43.2922,84.1034,253.33,76.4478,84.7627
2024-10-29,568.6472,495.1487,217.1519,75.2289,43.1585,84.2316,256.09,76.4756,84.7811
2024-10-30,566.9268,491.4066,216.8581,74.7413,42.7382,84.4787,257.5,76.4107,84.7904
2024-10-31,555.8133,479.0021,213.2542,74.2818,42.4611,84.616,253.51,76.4292,84.8088
2024-11-01,558.1592,482.5462,214.449,74.4318,42.4994,83.423,252.47,76.4041,84.845
2024-11-04,556.9569,481.1404,215.536,74.4881,42.7382,84.7179,252.83,76.46,84.8636
2024-11-05,563.6916,487.2783,219.5903,75.2289,43.3209,85.1679,253.4,76.4413,84.8636
2024-11-06,577.708,500.5144,232.3116,74.1412,42.7859,82.8353,245.7,76.3482,84.8821
2024-11-07,582.1749,508.3946,231.4889,75.2664,43.7316,83.873,249.65,76.4786,84.8914
2024-11-08,584.6968,508.9886,233.1929,74.2256,42.6522,84.9383,247.96,76.4227,84.9378
2024-11-11,585.2539,508.6917,236.6989,74.2443,42.3274,84.5251,242.14,76.3668,84.9285
2024-11-12,583.4358,507.7709,232.5466,72.8659,41.525,83.2577,240.05,76.2923,84.9378
2024-11-13,583.7193,507.1176,230.2452,72.4346,41.2575,82.4679,237.63,76.4041,84.9563
2024-11-14,579.9659,503.5932,227.1408,72.5846,41.0283,82.9455,237.01,76.2923,84.9563
2024-11-15,572.5374,491.5947,223.7524,72.3221,41.0283,82.7251,236.59,76.3761,84.9841
2024-11-18,574.8832,495.0101,224.1931,72.7159,41.4963,82.872,241.09,76.432,84.9934
2024-11-19,576.9847,498.4156,225.8579,72.6221,41.4677,83.2945,243.25,76.432,85.0212
2024-11-20,577.1802,498.1286,226.1517,72.4252,41.4199,83.0281,244.62,76.3948,85.0305
2024-11-21,580.2787,499.9204,229.5891,72.444,41.3339,82.9639,246.66,76.3761,85.0398
2024-11-22,582.0773,500.7223,233.8295,72.7253,41.3435,83.0098,249.84,76.3668,85.0676
2024-11-25,584.0517,501.5143,237.3844,73.1003,41.3722,85.1587,242.48,76.5158,85.0769
2024-11-26,587.1013,504.207,235.6412,72.6784,41.2002,84.8281,242.95,76.5158,85.0769
2024-11-27,585.3224,500.2372,235.9644,73.0722,41.2575,85.4159,243.49,76.5624,85.1047
2024-11-29,588.9584,504.6327,236.8653,74.0474,41.3244,86.2975,245.59,76.6555,85.1233
2024-12-02,590.0141,510.1271,236.7478,74.2537,41.4868,86.5048,243.44,76.6509,85.1465
2024-12-03,590.2876,511.6913,235.0634,74.6756,41.5728,85.7584,243.93,76.6602,85.1651
2024-12-04,593.9531,518.0173,235.9056,74.7319,41.6778,86.6799,244.67,76.7442,85.1744
2024-12-05,592.9756,516.5817,233.1538,75.0976,41.9549,86.855,242.86,76.7442,85.1838
2024-12-06,594.0999,521.205,233.9862,75.0882,41.888,86.984,242.95,76.819,85.221
2024-12-09,591.0403,517.1461,232.811,75.0413,42.7477,86.1823,245.36,76.791,85.2303
2024-12-10,589.2028,515.3838,231.8023,74.3662,42.0599,85.7768,248.59,76.7816,85.2489
2024-12-11,593.7577,524.6105,232.8502,74.835,42.2319,84.9658,250.96,76.7629,85.2582
2024-12-12,590.6982,521.2248,229.8241,74.1787,42.0217,83.9337,247.28,76.7256,85.2768
2024-12-13,590.5809,525.2144,228.2475,73.9724,42.0599,83.0767,244.29,76.6882,85.3048
2024-12-16,593.1028,532.7778,229.5891,73.7286,41.8307,83.3255,244.88,76.6975,85.3141
2024-12-17,590.6591,530.4316,226.9607,73.6117,41.7306,83.5283,243.94,76.7069,85.3234
2024-12-18,573.0554,511.2952,216.9126,71.8058,40.7592,82.4838,239.26,76.5663,85.3234
2024-12-19,572.8795,509.0183,215.95,71.5777,40.8952,81.2349,239.6,76.6507,85.3355
2024-12-20,579.7603,513.4633,217.9734,71.3782,41.0604,81.6974,242.1,76.66,85.3729
2024-12-23,583.2321,518.4658,217.4725,71.8439,41.2935,80.9481,240.96,76.6132,85.3729
2024-12-24,589.7147,525.4961,219.4173,72.1005,41.4198,81.2904,241.44,76.6507,85.3916
2024-12-26,589.7539,525.1392,221.6665,72.4426,41.2741,81.2441,243.07,76.6694,85.4103
2024-12-27,583.546,518.1584,218.435,72.3381,41.0895,80.578,241.4,76.6882,85.4477
2024-12-30,576.8867,511.2669,216.7554,71.8629,40.7592,81.2256,240.63,76.8006,85.4477
2024-12-31,574.788,506.9239,217.0305,71.8629,40.6232,80.7908,242.13,76.8475,85.4664
2025-01-02,573.3756,505.9323,217.2073,71.6158,40.565,81.0129,245.42,76.8287,85.4851
2025-01-03,580.5449,514.212,220.4388,71.9294,40.9438,80.7538,243.49,76.8287,85.4945
2025-01-06,583.8891,520.1216,220.5272,72.6137,41.0895,80.393,243.19,76.8475,85.5038
2025-01-07,577.2889,510.8406,218.7592,72.5567,40.7981,79.4864,244.56,76.8006,85.5225
2025-01-08,578.1323,510.9297,217.7672,72.4426,40.6038,79.5882,245.86,76.8475,85.5412
2025-01-10,569.3057,502.9179,212.9739,71.3401,39.9141,79.0608,248.21,76.7069,85.5692
2025-01-13,570.1884,501.3016,213.3865,71.1405,39.6421,79.0331,245.74,76.7256,85.5786
2025-01-14,570.9729,500.8256,215.8125,71.3972,40.089,78.9036,247.03,76.7444,85.5973
2025-01-15,581.3589,512.3478,220.0557,72.3096,40.6135,80.2635,248.88,76.9131,85.6066
2025-01-16,580.2408,508.7583,220.4977,72.6803,40.565,80.5225,250.6,76.96,85.6066
2025-01-17,586.0664,517.3454,221.4505,72.9749,40.8855,80.6613,249.27,76.9412,85.6533
2025-01-21,591.431,520.3796,225.7034,74.4481,41.3226,81.3829,253.13,76.9694,85.6533
2025-01-22,594.7557,527.0331,224.2301,74.277,41.3518,80.9573,254.43,76.9506,85.6721
2025-01-23,598.002,528.1535,225.2516,74.8853,41.4489,80.3282,254.07,76.9506,85.6721
2025-01-24,596.2562,525.1688,224.623,75.3035,41.7209,80.6891,255.65,76.9975,85.7094
2025-01-27,587.8218,509.8788,222.472,75.3035,40.9632,81.642,252.99,77.11,85.7188
2025-01-28,592.8727,517.4147,222.7175,75.2084,41.2644,81.5864,255.18,77.1287,85.7188
2025-01-29,590.2149,516.4431,222.2067,75.1989,41.2741,81.4199,254.2,77.0819,85.7281
2025-01-30,593.3826,518.6443,224.4659,76.0258,41.9735,81.7252,258.05,77.1287,85.7375
2025-01-31,590.2247,517.8907,222.4523,75.313,41.4975,81.1886,258.56,77.1381,85.7655
2025-02-03,586.2529,513.7459,219.8494,74.4291,41.1964,81.8497,259.94,77.0845,85.7899
2025-02-04,590.1854,520.0523,222.8943,75.294,41.9346,82.1003,262.5,77.1597,85.7899
2025-02-05,592.5784,522.4123,225.3204,76.0258,41.8278,83.4558,264.13,77.2067,85.7993
2025-02-06,594.6381,525.1392,224.5837,76.387,42.0026,83.4187,263.43,77.1785,85.8181
2025-02-07,589.1949,518.5154,221.9808,75.6646,41.9637,82.8802,263.9,77.0939,85.8368
2025-02-10,593.1963,524.7921,222.9827,76.1779,42.4689,82.6295,268.37,77.1315,85.8462
2025-02-11,593.6474,523.5427,221.6862,76.539,42.3037,82.1003,267.39,77.1127,85.8556
2025-02-12,591.735,523.85,219.6432,76.8242,42.5369,80.9862,267.67,77.0092,85.865
2025-02-13,597.9823,531.3861,222.1184,77.7556,42.8088,82.3324,270.31,77.1127,85.8837
2025-02-14,597.9528,533.6172,221.9514,77.8697,43.1391,82.7688,266.29,77.2162,85.9119
2025-02-18,599.7084,534.8268,223.1693,78.4304,43.4111,81.7939,270.7,77.1503,85.9306
2025-02-19,601.1207,534.9755,222.4032,77.6225,43.3431,81.896,270.85,77.2067,85.94
2025-02-20,598.6198,532.7048,220.2718,77.9837,43.7414,82.2025,270.99,77.2162,85.9588
2025-02-21,588.3809,521.6489,213.9267,77.499,43.6151,83.1959,270.74,77.3478,85.9869
2025-02-24,585.7035,515.4911,212.3846,77.4515,42.9448,83.4373,272.21,77.4043,85.9963
2025-02-25,582.7908,508.9963,211.5792,78.1548,42.974,84.8763,268.62,77.5077,85.9963
2025-02-26,583.0849,510.2258,211.8444,78.2593,43.4014,85.3777,269.03,77.5359,86.0151
2025-02-27,573.7778,496.0562,208.6129,77.3754,42.5563,84.7742,264.93,77.5642,86.0245
2025-02-28,582.7319,503.8897,210.8327,77.537,41.9735,85.814,263.27,77.7052,86.0432
2025-03-03,572.5225,492.8633,205.0671,78.3924,41.6043,86.2145,266.74,77.7552,86.0611
2025-03-04,565.7456,491.376,202.7491,78.3734,41.954,85.1528,269.06,77.7646,86.0611
2025-03-05,571.8262,497.7815,204.7626,80.2458,43.2071,84.4729,269.62,77.6798,86.0705
2025-03-06,561.6756,484.0879,201.6293,79.4189,42.9351,84.1935,268.25,77.7269,86.0799
2025-03-07,564.8237,487.6476,202.2874,80.2458,43.1488,83.9234,268.39,77.7175,86.1176
2025-03-10,549.7792,468.7482,197.1995,78.3544,42.1192,84.7988,266.04,77.859,86.127
2025-03-11,545.209,467.6277,197.1799,78.0883,42.4689,84.1935,269.16,77.8118,86.1364
2025-03-12,548.1022,472.9029,197.5237,78.649,42.702,83.6905,270.33,77.7552,86.1458
2025-03-13,540.7958,464.3951,194.577,78.1263,42.5271,84.4263,275.13,77.8118,86.1646
2025-03-14,551.9663,475.6198,199.2818,79.5614,43.3043,83.9793,275.24,77.7552,86.1834
2025-03-17,556.2228,478.7036,201.7963,80.4549,44.0425,84.3984,276.73,77.7269,86.2023
2025-03-18,550.2108,470.543,200.044,80.4454,43.8191,84.4822,279.96,77.7269,86.2023
2025-03-19,556.203,476.8394,203.1548,80.683,43.9259,84.9199,281.11,77.8401,86.2117
2025-03-20,554.5947,475.2232,201.8652,80.0081,43.518,84.9758,280.75,77.859,86.2305
2025-03-21,554.7776,476.7899,200.615,79.5139,43.3043,84.4729,278.49,77.9062,86.2587
2025-03-24,564.7128,487.2527,205.606,79.5044,43.4985,83.6067,277.25,77.8024,86.2587
2025-03-25,566.0704,490.0333,204.4641,79.9416,43.3723,83.5974,278.47,77.8307,86.2681
2025-03-26,559.3124,481.0163,202.3869,78.9056,43.11,83.0479,278.24,77.8118,86.2776
2025-03-27,557.827,478.2755,201.4222,79.0767,43.3237,82.8058,281.97,77.8496,86.2964
2025-03-28,546.5933,465.6835,197.327,78.3734,42.5174,83.9513,284.06,77.9911,86.3246
2025-03-31,550.2626,465.6637,196.382,77.6796,42.4494,84.7802,288.14,78.0477,86.3246
2025-04-01,551.8168,469.4174,196.4017,77.7936,42.5854,85.5149,287.57,78.0761,86.3444
2025-04-02,555.3089,472.8435,199.5026,77.9742,42.6437,85.4588,288.16,78.0193,86.3539
2025-04-03,527.9428,447.5305,186.6953,76.3394,41.7403,85.8514,286.42,78.3127,86.3633
2025-04-04,497.0354,419.7349,178.3671,71.3021,39.4187,86.7861,279.72,78.2654,86.3916
2025-04-07,496.1502,420.7478,176.7527,69.5818,37.9519,84.169,273.71,78.2749,86.4011
2025-04-08,488.379,413.1708,172.0963,69.3442,37.4177,82.58,275.2,78.2275,86.42
2025-04-09,539.6683,462.7639,186.7248,74.6952,40.0113,83.066,285.38,78.1802,86.42
2025-04-10,516.0206,443.0816,178.879,73.222,39.3216,80.776,292.35,78.1707,86.4294
2025-04-11,525.2278,451.2444,181.4877,75.0564,40.5552,81.2153,297.93,78.0287,86.4672
2025-04-14,530.3232,454.3031,183.6239,75.8642,40.9244,81.7948,296.23,78.1991,86.4672
2025-04-15,528.8379,454.8096,183.8503,76.5485,40.8855,82.0846,297.78,78.1991,86.4861
2025-04-16,517.0828,441.0955,182.0882,76.2539,40.4095,82.5426,307.47,78.3032,86.4955
2025-04-17,517.8207,441.016,183.5747,77.0808,40.7204,81.8135,306.12,78.3317,86.5333
2025-04-21,505.4951,430.1023,179.893,76.6626,40.7107,80.3834,315.59,78.2843,86.5428
2025-04-22,518.647,441.3934,184.5493,78.2498,41.3226,80.8321,311.11,78.3127,86.5428
2025-04-23,526.6837,451.4033,187.286,78.5635,41.7986,81.6172,303.65,78.2559,86.5616
2025-04-24,537.7698,464.1046,191.0366,79.609,42.2843,82.4771,308.07,78.3506,86.5616
2025-04-25,541.6553,469.2784,191.0957,79.9511,42.2066,83.0847,304.73,78.4168,86.5994
2025-04-28,541.8619,469.1294,191.9029,80.4834,42.2843,83.6081,309.07,78.5304,86.6088
2025-04-29,545.2753,472.2278,193.035,80.6449,42.4009,84.3092,306.06,78.5778,86.6088
2025-04-30,545.4917,472.1682,191.8241,80.5499,42.5077,83.6268,303.77,78.6819,86.6183
2025-05-01,549.3576,478.335,193.0153,80.2933,42.498,83.2028,297.46,78.5195,86.6391
2025-05-02,557.5123,485.4354,197.3566,81.833,43.7122,82.3022,297.98,78.3676,86.6676
2025-05-05,554.3153,482.5555,195.8406,81.9756,44.0425,81.8425,306.88,78.3581,86.6676
2025-05-06,549.6821,478.0669,193.7043,81.871,43.8677,82.1145,315.48,78.4246,86.6865
2025-05-07,551.9938,479.9438,194.3442,81.5954,43.3625,82.4617,310.75,78.4531,86.6865
2025-05-08,555.8401,484.8992,198.0457,81.3103,43.3334,81.5423,304.63,78.2916,86.7055
2025-05-09,555.1318,484.5814,197.6814,81.7094,43.6248,81.6643,306.84,78.3296,86.7339
2025-05-12,573.4775,504.3233,204.6314,82.1276,44.5671,80.9044,298.19,78.1872,86.7339
2025-05-13,577.2647,512.0096,205.3796,82.2322,44.6448,80.576,299.46,78.1682,86.7529
2025-05-14,578.0024,515.0781,203.5584,81.833,44.9847,80.0413,293.16,78.1112,86.7529
2025-05-15,580.8255,515.6441,204.8874,82.7264,44.9653,80.7449,297.84,78.2631,86.7623
2025-05-16,584.5045,517.8885,206.5806,82.9165,44.9362,80.9606,294.24,78.2441,86.8002
2025-05-19,585.1439,518.385,205.7143,83.7054,45.0333,80.7261,298.03,78.2726,86.8002
2025-05-20,583.1766,516.657,205.8226,84.1046,44.9847,80.1445,303.58,78.2821,86.8192
2025-05-21,573.3495,509.4772,200.044,83.6103,44.8682,78.7748,305.82,78.2346,86.8286
2025-05-22,573.5758,510.4306,200.0342,83.5628,44.7225,79.1876,303.11,78.2821,86.8476
2025-05-23,569.6608,505.7036,199.4042,83.6769,44.907,79.3189,309.75,78.3296,86.8855
2025-05-27,581.5044,517.6005,204.4641,84.8934,44.8002,80.4259,304.5,78.3581,86.8855
2025-05-28,578.1401,515.3064,202.3082,83.9145,44.5962,80.0788,303.81,78.3011,86.895
2025-05-29,580.4223,516.3194,202.9087,84.2851,44.7613,80.8199,305.61,78.3866,86.9045
2025-05-30,579.7731,515.5051,201.875,84.4087,44.2174,80.9419,303.6,78.4815,86.9329
2025-06-02,583.0389,519.5766,202.5051,85.3116,44.5379,80.1886,311.67,78.4167,86.9481
2025-06-03,586.3637,523.6382,205.7733,84.6653,44.6448,80.0473,308.91,78.3977,86.9671
2025-06-04,586.2064,525.0981,205.1926,85.0455,45.1985,81.3468,310.9,78.5406,86.9671
2025-06-05,583.3732,521.1456,205.2812,84.9885,45.4316,81.4033,309.33,78.4549,86.9766
2025-06-06,589.364,526.2401,208.5986,85.2926,45.5773,80.3675,305.18,78.3215,87.0052
2025-06-09,589.8951,527.0146,210.0359,85.2831,45.9658,80.4522,306.62,78.3787,87.0242
2025-06-10,593.2396,530.5002,211.168,85.3972,46.2281,80.8665,306.71,78.3787,87.0337
2025-06-11,591.5477,528.7127,210.3017,85.2546,46.4224,81.1114,308.37,78.5025,87.0337
2025-06-12,593.8987,529.954,209.4649,85.9104,46.5001,82.0813,312.2,78.5692,87.0432
2025-06-13,587.2589,523.3007,205.6355,84.8079,45.7619,81.2903,316.29,78.512,87.0812
2025-06-16,592.8461,530.5797,208.06,85.126,46.3229,80.4711,311.78,78.5025,87.0812
2025-06-17,587.7803,525.4059,205.8685,84.0817,45.7148,81.4504,311.94,78.5406,87.1002
2025-06-18,587.6917,525.3165,206.9543,84.2268,45.705,81.5916,310.26,78.5787,87.1193
2025-06-20,586.3115,523.1715,206.52,83.4726,45.4402,81.4409,310.13,78.6359,87.1383
2025-06-23,592.1027,528.551,209.0471,84.1011,45.8129,81.7046,311.08,78.7407,87.1573
2025-06-24,598.6439,536.6335,211.7124,85.126,46.9996,82.2978,306.19,78.8074,87.1573
2025-06-25,598.9793,538.0056,209.2445,84.6619,47.0388,82.4014,307.12,78.8169,87.1668
2025-06-26,603.6656,543.0361,212.6403,85.6094,47.3527,82.8157,306.78,78.9122,87.1763
2025-06-27,606.6647,544.8951,212.7094,86.383,47.1664,82.2884,301.22,78.8836,87.2143
2025-06-30,609.5654,548.4244,213.0154,86.4313,47.3135,83.0982,304.83,78.9408,87.2239
2025-07-01,609.3682,543.8015,215.2069,86.2863,47.4017,83.3043,307.55,78.8586,87.2391
2025-07-02,612.1306,547.5893,218.188,86.5377,47.6077,82.775,309.25,78.849,87.2487
2025-07-03,616.955,552.9777,220.2117,86.557,47.8235,82.1984,307.14,78.763,87.2964
2025-07-07,612.3575,548.8122,216.9047,85.6191,47.1467,81.414,307.37,78.7439,87.3059
2025-07-08,612.022,549.1204,218.4052,86.2476,47.441,81.31,304.16,78.7534,87.3059
2025-07-09,615.6921,553.0076,220.7744,86.8954,47.3625,82.1606,305.52,78.8203,87.3155
2025-07-10,617.4286,552.2122,221.9096,86.8374,47.49,82.2173,306.2,78.8203,87.3345
2025-07-11,615.258,550.9695,218.8494,86.0059,47.3331,81.0832,309.14,78.8012,87.3536
2025-07-14,616.4321,552.9678,220.3203,86.0059,47.4017,80.9131,308.01,78.8108,87.3632
2025-07-15,613.798,553.4748,216.0065,85.1067,47.745,80.346,306.73,78.7343,87.3727
2025-07-16,615.85,554.0415,218.1782,85.4547,47.9706,80.4594,308.26,78.8394,87.3918
2025-07-17,619.6187,558.5252,221.0409,85.6771,48.2452,80.4405,307.59,78.8108,87.3918
2025-07-18,619.165,557.9883,219.4713,85.4354,48.1373,80.5634,308.39,78.8777,87.4299
2025-07-21,620.3389,560.8814,218.5829,85.8898,48.4512,81.2816,313.13,78.9255,87.449
2025-07-22,620.4277,557.9784,220.3992,86.3636,48.4806,81.7731,316.1,78.9828,87.4586
2025-07-23,625.706,560.5236,223.7654,88.5101,48.971,81.3195,312.18,78.9159,87.4681
2025-07-24,625.9133,561.7165,220.6757,87.8527,48.7062,81.1777,310.27,78.849,87.4681
2025-07-25,628.5573,563.0685,221.495,87.7463,48.5591,81.6881,307.4,78.8968,87.4967
2025-07-28,628.3994,564.8283,221.2383,86.3346,48.2354,81.1588,305.41,78.8872,87.5063
2025-07-29,626.7419,563.9534,219.8267,86.1606,48.255,82.5292,306.25,78.9541,87.5158
2025-07-30,625.9527,564.709,218.7112,85.5418,47.902,82.1039,300.96,78.8681,87.5254
2025-07-31,623.6046,561.7165,216.5691,84.6232,47.6273,82.1512,302.96,78.8681,87.5349
2025-08-01,613.3835,550.6514,212.1566,84.4008,47.2742,83.3191,309.11,79.2613,87.5722
2025-08-04,622.7068,560.8118,216.9047,85.5224,47.7646,83.5468,310.91,79.2804,87.5818
2025-08-05,619.5496,557.0042,218.0104,85.5128,47.902,83.8029,311.16,79.2517,87.5818
2025-08-06,624.2952,564.0131,217.7241,86.0736,48.1275,83.3191,310.5,79.2804,87.6105
2025-08-07,623.7723,565.9218,217.0133,86.8471,48.5297,83.1768,313.12,79.2421,87.6105
2025-08-08,628.6362,571.2009,217.4872,87.3789,48.4904,82.8162,313.05,79.2229,87.6392
2025-08-11,627.393,569.5108,217.4378,87.0114,48.3531,82.9111,308.55,79.2229,87.6488
2025-08-12,634.0723,576.6688,223.8937,88.075,48.9416,82.4937,308.27,79.2804,87.6584
2025-08-13,636.2428,576.9572,228.247,88.6068,49.5301,83.1768,309.21,79.3859,87.668
2025-08-14,636.3021,576.5098,225.3053,88.6165,48.922,82.5601,307.25,79.2996,87.6775
2025-08-15,634.8123,573.9746,224.2096,89.1386,48.9808,81.9719,307.43,79.2708,87.7159
2025-08-18,634.6741,573.7459,225.0289,89.0419,49.2652,81.7347,306.95,79.2708,87.7159
2025-08-19,631.2309,565.9616,223.3014,89.0516,48.8631,82.2091,305.27,79.3092,87.735
2025-08-20,629.5536,562.6014,222.5117,89.3707,48.7945,82.3893,308.36,79.338,87.7541
2025-08-21,627.0281,559.9967,223.0645,88.8099,48.6866,81.9813,307.29,79.2708,87.7541
2025-08-22,636.6572,568.636,231.8106,90.1442,49.6576,82.5885,310.58,79.4434,87.7829
2025-08-25,633.8552,566.9955,229.3723,88.9549,49.3731,82.3514,309.83,79.4051,87.7924
2025-08-26,636.5092,569.2722,231.2677,88.8582,49.2456,82.3039,312.08,79.4722,87.802
2025-08-27,637.9594,570.1472,232.9063,88.6455,48.9514,82.2091,312.71,79.5297,87.8116
2025-08-28,640.2188,573.7162,233.1827,88.9743,49.1377,82.7498,315.03,79.501,87.8212
2025-08-29,636.4007,567.0751,232.1462,88.4521,48.9024,82.1616,318.07,79.5681,87.8594
2025-09-02,631.6848,562.323,230.8926,87.5819,48.8631,81.5502,325.59,79.5277,87.8806
2025-09-03,635.1082,566.747,230.6655,87.7173,49.0495,82.4454,328.14,79.5854,87.8902
2025-09-04,640.4161,571.8769,233.548,88.3554,48.8925,83.074,326.69,79.6431,87.9094
2025-09-05,638.5613,572.702,234.7128,88.7519,49.481,84.3406,331.05,79.7585,87.9382
2025-09-08,640.13,575.4957,235.1866,89.6414,49.9322,85.4644,334.82,79.8066,87.9478
2025-09-09,641.6099,577.1262,233.8046,89.3417,50.2068,84.9787,334.06,79.7393,87.9574
2025-09-10,643.4647,577.3151,233.39,89.3223,50.5501,85.4644,335.26,79.7489,87.967
2025-09-11,648.812,580.6754,237.7038,90.2699,51.2857,86.0358,334.76,79.7778,87.9767
2025-09-12,648.5949,583.2403,235.2755,89.9122,51.2563,85.6644,335.42,79.7682,88.0055
2025-09-15,652.048,588.231,236.2725,90.5116,51.629,85.8644,338.91,79.797,88.0151
2025-09-16,651.1502,587.734,235.8834,90.2602,52.0115,86.0453,339.59,79.8355,88.0247
2025-09-17,650.3412,586.5609,236.4873,89.9218,52.2371,85.8263,336.97,79.797,88.0343
2025-09-18,653.3799,591.8499,242.3774,90.2699,52.1096,84.9406,335.62,79.7682,88.0439
2025-09-19,656.616,595.8563,240.5362,89.9218,51.9919,84.7787,339.18,79.797,88.0823
2025-09-22,659.7226,599.3837,241.932,90.2119,52.2469,84.4739,345.05,79.7585,88.092
2025-09-23,656.1312,595.4025,241.3875,90.0379,52.2763,85.0644,346.46,79.7874,88.092
2025-09-24,654.0437,593.3123,239.17,89.5157,52.0997,84.7406,343.32,79.7489,88.1112
2025-09-25,651.0263,590.7544,236.8833,88.8776,51.7957,84.7406,344.75,79.6816,88.1112
2025-09-26,654.756,593.1829,238.9127,89.5641,51.6976,84.6644,346.74,79.7297,88.14
2025-09-29,656.5962,595.9301,239.1898,89.9122,52.1684,85.3596,352.46,79.7585,88.1496
2025-09-30,659.0695,597.5623,239.5264,90.2796,52.3744,85.112,355.47,79.797,88.1496
2025-10-01,661.3153,600.4289,240.0511,91.0241,52.7863,85.3318,356.03,79.8896,88.1698
2025-10-02,662.077,602.8973,241.5657,91.1691,53.0315,85.5803,354.79,79.9089,88.1795
2025-10-03,662.0672,600.3592,243.3575,91.933,53.1884,85.4178,357.64,79.88,88.1988
2025-10-06,664.4415,604.868,244.3276,92.1457,53.4336,84.7393,364.38,79.8607,88.2181
2025-10-07,661.9781,601.683,241.7043,91.3432,53.0217,85.2267,366.26,79.8993,88.2181
2025-10-08,665.9255,608.5806,244.2386,91.6139,53.4434,85.2936,372.3,79.8896,88.2373
2025-10-09,663.9964,607.8441,242.6646,90.8597,52.8942,85.2267,365.43,79.88,88.2373
2025-10-10,646.05,586.7432,235.3984,89.187,50.9424,86.6029,369.12,80.0151,88.2759
2025-10-13,655.963,599.1946,241.9518,89.9025,52.4234,86.5551,378.09,80.1694,88.2855
2025-10-14,655.1617,595.2034,245.4067,90.3086,51.9526,86.8322,380.79,80.1116,88.2855
2025-10-15,658.0703,599.4037,247.8123,90.7437,52.8059,86.6411,387.39,80.073,88.2952
2025-10-16,653.5887,597.1841,242.5952,91.2175,53.1492,87.2909,396.45,80.1791,88.3048
2025-10-17,657.2986,601.1057,240.9618,91.3818,53.1394,87.1571,388.99,80.1694,88.3241
2025-10-20,664.1349,608.6801,245.6641,92.136,53.8652,87.4916,403.15,80.1791,88.3434
2025-10-21,664.1249,608.5209,244.5058,91.4592,53.2669,87.9217,377.24,80.1984,88.3434
2025-10-22,660.6722,602.6584,240.8925,91.3238,53.2178,87.979,377.28,80.1984,88.3626
2025-10-23,664.59,607.7246,243.9416,91.7493,53.6886,87.3769,378.79,80.1405,88.3723
2025-10-24,670.0213,614.2141,246.9213,91.8943,54.0417,87.4152,377.52,80.1887,88.4012
2025-10-27,677.9261,625.1528,247.7825,92.5325,54.64,87.7114,367.01,80.1694,88.4012
2025-10-28,679.7266,629.9601,246.456,92.4938,54.6204,87.9408,364.38,80.1791,88.4108
2025-10-29,680.0531,632.7968,244.3573,91.9717,54.9342,87.052,363.0,80.0247,88.4398
2025-10-30,672.5739,623.1223,242.3874,91.5656,54.3654,86.5455,370.13,80.0344,88.4398
2025-10-31,674.78,626.1281,243.7535,91.3625,54.2379,86.2875,368.12,80.0633,88.4591
2025-11-03,676.0464,629.124,242.9714,91.4012,54.5812,86.0717,368.78,80.0662,88.4716
2025-11-04,668.0328,616.354,238.7741,90.4633,53.5807,86.2635,362.32,80.0953,88.4813
2025-11-05,670.3478,620.3652,242.2191,91.0434,54.0613,85.3236,366.51,80.0372,88.491
2025-11-06,663.1555,608.8095,237.9326,90.8404,53.6592,86.0909,366.07,80.134,88.5006
2025-11-07,663.8083,606.8884,239.1799,91.1788,53.5023,85.9086,368.31,80.1727,88.5296
2025-11-10,674.1666,620.3154,241.5756,92.136,54.4438,85.8895,378.38,80.1533,88.549
2025-11-11,675.71,618.6632,241.7835,92.8129,54.5027,86.2827,379.87,80.2211,88.5393
2025-11-12,676.0859,618.1755,241.1895,93.364,54.5125,86.4362,385.99,80.192,88.549
2025-11-13,664.867,605.5548,234.4084,92.3681,53.875,85.7264,382.87,80.1436,88.5587
2025-11-14,664.7581,606.0126,235.0915,92.107,53.9044,85.2373,375.96,80.1727,88.5974
2025-11-17,658.5649,600.8369,230.4189,90.9081,53.2669,85.4482,371.65,80.163,88.5974
2025-11-18,653.0347,593.5214,231.1218,89.7284,53.0021,85.4195,374.35,80.2114,88.6167
2025-11-19,655.5574,597.0647,231.0822,89.4577,52.8157,85.2468,374.96,80.2017,88.6167
2025-11-20,645.5652,582.931,226.8057,88.2201,52.0899,85.5825,374.85,80.2695,88.636
2025-11-21,651.9958,587.3105,233.2304,89.5834,52.0801,85.8415,374.27,80.3663,88.6554
2025-11-24,661.5923,602.3299,237.4871,89.6608,52.6294,86.3306,380.2,80.3759,88.6554
2025-11-25,667.8151,606.0425,242.6646,90.734,52.8157,86.5512,380.08,80.4244,88.6748
2025-11-26,672.4254,611.3973,244.8127,91.7299,53.1982,86.9349,383.12,80.4147,88.6844
2025-11-28,676.0959,616.354,246.2481,92.0393,53.2767,86.5225,387.88,80.4147,88.7134
2025-12-01,673.0092,614.2838,243.1496,91.5849,53.2375,85.4454,389.75,80.3457,88.7241
2025-12-02,674.2557,619.0912,242.7041,91.8943,53.2571,85.4839,387.24,80.3943,88.7532
2025-12-03,676.5905,620.6041,247.1193,92.3874,53.2963,85.7245,386.88,80.4428,88.7629
2025-12-04,677.0851,620.0268,249.2873,92.6388,53.2865,85.2625,387.13,80.3846,88.7726
2025-12-05,678.3713,622.5549,248.2478,92.6388,53.6886,84.8678,386.44,80.3554,88.792
2025-12-08,676.3333,621.3605,248.3468,92.3487,53.5709,84.5887,385.42,80.336,88.8017
2025-12-09,675.7496,622.127,248.8616,92.2231,53.4827,84.6753,387.4,80.2972,88.8211
2025-12-10,680.2312,624.6749,252.2472,93.248,54.0809,85.0026,389.05,80.4331,88.8211
2025-12-11,681.8141,622.6545,255.2071,93.7991,53.8259,84.8871,393.24,80.4428,88.8308
2025-12-12,674.4833,610.7504,251.2968,93.306,53.1982,84.0689,395.44,80.4525,88.8696
2025-12-15,673.4642,607.6848,249.3961,93.8764,53.0413,84.1267,395.8,80.5011,88.8696
2025-12-16,671.6241,608.8891,248.2161,93.4413,52.706,84.5887,395.89,80.5399,88.8793
2025-12-17,664.2338,597.6021,245.5741,92.6833,52.328,84.5117,399.29,80.5496,88.889
2025-12-18,669.2497,606.2614,247.0342,93.3429,52.9249,84.916,398.57,80.6078,88.9036
2025-12-19,675.3154,614.1643,249.1001,93.9729,53.4422,84.599,399.02,80.5933,88.9329
2025-12-22,679.5225,617.1083,251.8714,94.2092,53.7307,84.4154,408.23,80.5543,88.9329
2025-12-23,682.6282,619.9985,250.3815,94.79,54.0292,84.5507,413.64,80.5153,88.9329
2025-12-24,685.0295,621.8123,251.0072,94.9081,54.1386,85.0629,411.93,80.564,88.9621
2025-12-26,684.96,621.7725,249.7259,95.0656,54.5166,84.7826,416.74,80.6225,88.9913
2025-12-29,682.519,618.7626,248.1963,94.7802,54.3774,85.1015,398.6,80.6614,88.9913
2025-12-30,681.6855,617.3276,246.3587,94.9377,54.5962,84.8986,398.89,80.6809,89.0011
2025-12-31,676.635,612.2249,244.5014,94.534,54.4271,84.2222,396.31,80.6517,89.0108
2026-01-02,677.8753,611.0389,247.1037,95.5283,55.9492,84.0966,398.28,80.6906,89.0498
2026-01-05,682.3901,615.8924,251.0271,96.621,56.566,84.5121,408.76,80.7199,89.0498
2026-01-06,686.4484,621.304,254.3545,96.7687,56.9838,84.3381,413.18,80.7296,89.0595
2026-01-07,684.2357,621.902,253.7585,96.4044,56.556,84.8309,409.23,80.7199,89.079
2026-01-08,684.1662,618.364,256.5298,96.4143,56.5759,84.4058,411.49,80.6906,89.079
2026-01-09,688.6909,624.5231,258.4766,97.2707,56.8445,84.9662,414.47,80.6614,89.0985
2026-01-12,689.7723,625.0413,259.738,97.8614,57.6404,84.715,422.23,80.6614,89.1082
2026-01-13,688.3932,624.1145,259.589,97.3003,57.2126,84.8599,421.63,80.6809,89.1179
2026-01-14,685.0095,617.4471,261.4166,97.7531,57.4514,85.3527,425.94,80.7004,89.1277
2026-01-15,686.875,619.6696,263.721,97.7137,57.7896,85.3334,423.33,80.642,89.1277
2026-01-16,686.2996,619.1514,263.9693,97.9795,57.5708,84.8406,421.29,80.6225,89.1666
2026-01-20,672.3287,605.9962,260.8107,96.493,57.0137,83.7294,437.23,80.6322,89.1666
2026-01-21,680.0881,614.1884,265.9856,97.4873,57.9587,84.3671,443.6,80.6712,89.1764
2026-01-22,683.6403,618.653,267.9721,97.8712,58.3965,84.7343,451.79,80.642,89.1861
2026-01-23,683.8883,620.6064,263.0257,98.4127,58.7646,84.9662,458.0,80.6712,89.2153
2026-01-26,687.3612,623.3372,262.2013,98.9049,58.864,85.3721,464.7,80.7004,89.2153
2026-01-27,690.0999,628.9879,262.9462,100.4996,60.028,84.8406,476.1,80.7199,89.2251
2026-01-28,690.0304,631.0707,261.5258,99.4365,60.4359,84.6473,494.56,80.7199,89.2348
2026-01-29,688.6611,627.2936,261.5954,100.1059,60.1275,84.6667,495.9,80.7491,89.2543
2026-01-30,686.6071,619.7592,257.9005,99.1707,58.7944,84.1932,444.95,80.8172,89.2738
2026-02-02,690.0204,624.0148,260.4134,99.8204,58.9735,83.9526,427.13,80.7782,89.2875
2026-02-03,684.186,614.4274,261.0093,99.8696,59.2918,84.1563,454.29,80.7684,89.2875
2026-02-04,680.8719,603.694,258.7646,100.1945,58.496,83.9429,453.97,80.8075,89.307
2026-02-05,672.3683,595.0036,254.1062,98.7671,58.2273,84.8547,441.88,80.9344,89.307
2026-02-06,685.2676,607.5808,263.2343,101.0115,59.7594,84.9129,455.46,80.9344,89.3363
2026-02-09,688.5718,612.2349,265.0818,102.37,60.1971,84.8935,467.03,80.954,89.3363
2026-02-10,686.7559,609.3946,264.3666,102.6161,60.2866,85.8732,462.4,81.0028,89.3461
2026-02-11,686.5972,611.029,263.1648,103.3053,61.2417,85.4173,467.63,80.9247,89.3656
2026-02-12,675.9901,598.6014,257.7912,102.5276,60.5453,86.5522,451.39,81.0028,89.3656
2026-02-13,676.4664,599.877,261.1881,102.6161,60.804,87.0275,462.62,81.1298,89.4047
2026-02-17,677.5578,599.2591,261.2676,102.5965,60.5552,87.173,448.2,81.1005,89.4145
2026-02-18,680.9711,603.7338,262.2112,102.7146,60.8736,86.8432,458.28,81.0517,89.4243
2026-02-19,679.1751,601.4217,262.8171,102.4291,60.7244,86.9305,459.56,81.0517,89.4243
2026-02-20,684.0869,606.7436,262.827,103.2659,62.0176,86.7268,468.62,81.0614,89.4536
2026-02-23,677.1014,599.3687,258.7348,102.8426,61.3312,87.0469,481.28,81.1298,89.4536
2026-02-24,682.0229,605.8068,261.5557,103.0296,62.2962,87.2021,474.61,81.1298,89.4731
2026-02-25,687.778,614.5869,262.7972,104.014,62.9826,87.2118,473.42,81.1103,89.4829
2026-02-26,683.9578,607.1722,264.1977,103.9254,62.3857,87.561,477.48,81.1396,89.4926
2026-02-27,680.6734,605.2288,259.6486,103.7384,62.2564,88.0945,483.75,81.247,89.5122
2026-03-02,681.0605,606.0261,262.0324,101.6908,61.182,87.2098,490.0,81.103,89.5249
2026-03-03,675.0574,599.5381,257.4932,98.5308,58.1179,87.0347,468.14,81.0933,89.5347
2026-03-04,679.8202,608.677,259.9962,99.8007,58.7447,86.7622,471.8,81.0443,89.5445
2026-03-05,676.0297,606.8432,255.0299,97.6153,57.332,86.4118,466.13,80.9855,89.5543
2026-03-06,667.1689,597.7144,249.1995,96.749,57.0236,86.0906,473.51,81.0247,89.5739
2026-03-09,673.0133,605.6972,251.9111,97.4479,58.1478,86.84,472.53,81.0639,89.5837
2026-03-10,671.9317,605.7072,251.6528,97.6744,58.3766,85.9155,477.86,81.0149,89.5935
2026-03-11,671.0883,605.6274,251.1463,97.4676,58.5258,84.806,476.24,80.9366,89.5935
2026-03-12,660.8979,595.2328,245.743,95.9418,56.6555,84.6406,466.88,80.7994,89.6131
2026-03-13,657.1572,591.7048,244.9285,94.7998,56.5063,84.2221,460.84,80.8484,89.6425
2026-03-16,663.8449,598.3422,247.2428,96.5718,58.0781,84.8741,460.43,80.9463,89.6425
2026-03-17,665.5912,601.2623,248.8069,96.8376,58.4462,85.1077,459.27,80.9561,89.6523
2026-03-18,656.3038,592.8809,244.797,95.1838,57.2624,84.6308,444.74,80.8092,89.6719
2026-03-19,654.6864,591.0071,246.399,95.0164,57.3221,85.1466,426.41,80.7896,89.6719
2026-03-20,645.301,580.0844,241.0159,92.1321,55.3523,83.5311,413.38,80.6133,89.7012
2026-03-23,652.0767,586.7432,246.2199,94.347,57.0137,84.0761,404.04,80.7309,89.711
2026-03-24,649.8878,582.7317,247.5433,93.7859,56.2277,83.7063,404.13,80.6133,89.7208
2026-03-25,653.5094,586.5635,250.5682,95.1542,57.1231,84.514,416.29,80.7015,89.711
2026-03-26,641.8386,572.5635,246.2099,93.1854,55.1832,83.8036,400.64,80.5252,89.7306
2026-03-27,630.894,561.3774,241.8915,92.3388,54.9146,83.3462,414.7,80.6917,89.76
2026-03-30,628.7847,557.0867,238.4188,92.6046,54.4669,84.4556,414.58,80.7994,89.7698
2026-03-31,647.0621,575.9462,246.7671,95.6169,56.4963,84.368,430.29,80.868,89.7698
2026-04-01,651.9374,583.061,248.3194,97.0739,56.9341,84.285,437.82,80.865,89.7934
2026-04-02,652.5244,583.7296,250.0408,96.4734,56.2974,84.8029,429.41,80.9043,89.813
2026-04-06,655.6088,587.2421,251.1055,96.9557,56.8147,84.6661,427.65,80.8257,89.8327
2026-04-07,655.8973,587.3319,251.6527,96.8179,57.0137,84.6563,431.81,80.8847,89.8425
2026-04-08,672.6027,604.7945,259.1751,100.5981,60.1275,84.9299,434.53,80.9633,89.8425
2026-04-09,676.483,608.8857,260.6577,100.3618,59.9683,84.7149,437.91,80.9829,89.8523
2026-04-10,676.0353,609.7638,260.001,100.5882,60.2469,84.5097,437.13,80.9535,89.8818
2026-04-13,682.6418,616.0704,263.7523,101.2084,60.7542,84.7638,435.36,81.0124,89.8818
2026-04-14,690.9597,627.2563,267.3842,102.0255,61.9182,85.2132,445.09,81.0713,89.8916
2026-04-15,696.4121,636.0375,268.0508,101.7006,61.8784,84.8419,440.46,81.0517,89.9015
2026-04-16,698.1234,639.101,268.608,101.4053,62.1271,84.3045,440.08,81.0222,89.9113
2026-04-17,706.5607,647.463,274.409,102.6949,63.3109,85.0765,445.93,81.1794,89.9407
2026-04-20,705.1478,645.4074,275.9713,102.2913,62.8533,85.0569,442.09,81.1401,89.9506
2026-04-21,700.5312,642.9528,273.1454,100.0468,61.9281,84.5879,429.57,81.0222,89.9604
2026-04-22,707.6253,653.7097,275.1056,100.3815,63.0523,84.754,435.26,81.0615,89.9604
2026-04-23,704.8792,650.0275,274.1503,99.6629,62.0276,84.5684,431.04,81.0222,89.98
2026-04-24,710.3416,662.4609,275.2747,100.1846,63.4104,84.7247,433.25,81.1106,89.9997
2026-04-27,711.5653,662.8102,275.7623,99.8007,63.3109,84.3045,429.89,81.091,90.0095
2026-04-28,708.1028,656.1445,272.5483,99.3872,62.6643,84.3925,421.91,81.0419,90.0193
2026-04-29,707.9934,660.1559,270.7274,98.3733,62.3658,83.7378,417.41,80.9338,90.0193
2026-04-30,715.0377,666.3127,276.5882,100.7261,63.6591,83.6597,423.66,81.0222,90.0292
2026-05-01,717.0177,672.709,277.8916,100.5095,63.7984,83.9588,423.18,81.035,90.0587
2026-05-04,714.391,671.4417,276.4986,99.1313,63.7685,83.3213,414.71,80.9365,90.0784
2026-05-05,720.122,680.153,281.1553,100.4504,65.0618,83.7822,418.27,80.9759,90.0883
2026-05-06,730.1313,694.2828,285.3742,103.1773,67.141,84.4197,430.96,81.0843,90.0784
2026-05-07,727.8926,693.4545,280.8568,101.2872,66.2457,83.998,431.68,81.0153,90.0981
2026-05-08,733.9022,709.7097,282.7574,102.3405,67.5887,84.4197,433.77,81.0843,90.1178
2026-05-11,735.5737,711.7653,283.9115,102.1239,67.5389,83.9097,434.65,81.0055,90.1376
2026-05-12,734.4594,705.7282,281.1653,101.5333,65.4797,83.3507,432.93,80.9464,90.1474
2026-05-13,738.5685,713.1823,281.2648,102.2125,66.8625,83.1644,430.5,80.9759,90.1474
2026-05-14,744.399,718.2514,283.0359,101.8483,67.0316,83.2821,427.21,80.9464,90.1671
2026-05-15,735.4444,707.4146,276.22,100.1354,64.7335,82.0464,417.29,80.8478,90.1868
2026-05-18,734.927,704.3712,274.5981,101.0608,64.634,81.9483,418.43,80.8872,90.1868
2026-05-19,730.0318,700.0305,271.6429,100.3323,63.9277,81.4187,411.5,80.8281,90.2065
2026-05-20,737.5139,711.6256,278.4787,102.0058,65.1215,82.2915,417.4,80.9365,90.2262
2026-05-21,738.9764,712.9827,281.0857,102.5669,65.6886,82.5956,416.99,80.9267,90.2262
2026-05-22,741.8818,716.0062,283.7026,102.3602,65.5393,83.0467,413.82,80.907,90.2459
2026-05-26,746.8068,728.719,289.0658,103.4923,68.0463,83.4586,414.0,80.9956,90.2657
2026-05-27,746.6775,727.8907,288.9265,103.1379,68.0364,83.6547,408.49,81.0055,90.2755
2026-05-28,750.7966,734.0276,290.5783,103.0591,68.2552,84.0863,412.77,81.0449,90.2854
2026-05-29,752.6671,736.7318,288.9862,103.1674,68.2453,84.1059,417.12,81.0843,90.3149
2026-06-01,754.7167,741.1523,287.5434,102.813,69.7176,84.1512,411.26,81.0378,90.3238
2026-06-02,755.7416,744.565,290.2101,103.384,70.4339,84.3284,411.95,81.0378,90.3139
2026-06-03,750.4384,742.6193,286.2399,102.498,69.5584,83.9936,407.87,80.9983,90.3337
2026-06-04,753.274,739.0269,290.5583,103.3151,68.7427,84.1807,411.27,81.0576,90.3337
2026-06-05,733.8325,703.5529,280.2498,100.667,64.256,83.7475,396.24,80.8896,90.3732
2026-06-08,735.4941,714.5394,282.6976,101.2773,65.41,83.3143,397.27,80.9292,90.3831
2026-06-09,733.335,706.317,283.6031,101.297,65.4797,83.8066,390.78,80.9687,90.3831
2026-06-10,721.7736,692.2072,280.6479,99.9877,64.3257,83.5703,374.58,80.9687,90.393
2026-06-11,734.0415,715.5872,288.9663,103.0985,67.151,84.6533,386.32,81.1169,90.4029
2026-06-12,738.0114,719.7982,291.4937,103.384,67.529,84.4465,386.54,81.0971,90.4325
2026-06-15,751.0255,742.4097,293.8725,104.08,69.75,84.3973,396.55,81.1367,90.4325
2026-06-16,746.5482,728.2999,291.3191,104.31,68.64,84.8601,397.63,81.1564,90.4424
2026-06-17,737.2253,720.9656,289.1249,103.78,68.56,84.9979,388.6,80.9094,90.4523
2026-06-18,744.8903,739.0369,294.82,104.41,70.79,85.4114,387.12,81.0181,90.4918
2026-06-22,742.5461,737.1818,297.4033,104.58,71.21,84.7616,384.59,80.939,90.4918
2026-06-23,731.7629,712.9072,294.5507,102.46,67.17,84.8699,377.32,80.9983,90.5017
2026-06-24,731.4237,709.8803,295.9171,102.26,67.25,86.0317,365.92,81.0971,90.5116
2026-06-25,732.4811,715.6343,298.1313,103.15,67.96,86.0022,369.46,81.1169,90.5215
2026-06-26,727.1843,705.7846,299.049,102.54,67.19,86.012,373.63,81.2157,90.5511
2026-06-29,739.1645,723.3263,298.1912,103.45,67.43,86.1006,368.58,81.1959,90.561
2026-06-30,744.9202,735.6335,299.6674,103.88,68.41,85.0865,368.38,81.1367,90.561
2026-07-01,743.9127,724.4151,298.5403,103.02,66.48,84.5114,370.6,81.1049,90.5887
2026-07-02,742.9352,711.8582,296.8048,104.37,65.7,84.5015,378.13,81.2041,90.6284
2026-07-06,749.4191,722.0676,298.1214,105.46,67.57,84.4422,382.13,81.2437,90.6185
2026-07-07,745.8579,708.6915,295.4184,104.16,65.72,83.5528,377.49,81.1248,90.6383
2026-07-08,743.5536,710.6995,292.7155,103.36,66.23,83.3651,374.45,81.1049,90.6383
2026-07-09,749.848,722.5272,296.4657,103.92,66.78,83.4935,378.18,81.1743,90.6482
2026-07-10,753.08,724.7548,295.2189,104.33,66.9,83.4738,377.01,81.1446,90.6878
2026-07-13,747.3143,710.9991,292.7155,103.24,64.5,82.9797,367.13,81.0554,90.6878
2026-07-14,749.9677,718.9409,293.7428,103.96,65.67,83.0884,372.15,81.1941,90.6978
2026-07-15,752.9403,716.9929,294.9995,104.65,65.57,83.2465,372.35,81.2635,90.7077
2026-07-16,748.8604,705.2051,294.82,103.81,64.19,83.2168,364.96,81.2635,90.7176
2026-07-17,741.4488,694.6062,293.274,103.33,63.29,83.5232,368.41,81.2536,90.7374
2026-07-20,740.2518,695.3354,291.5486,102.57,63.56,82.9006,367.6,81.2239,90.7473
2026-07-21,746.4265,708.232,295.7675,104.06,65.34,82.6733,374.81,81.1545,90.7473
2026-07-22,745.5586,704.6157,293.0247,104.25,64.99,82.4559,379.12,81.095,90.7671
2026-07-23,736.3515,691.2397,291.3291,102.9,64.6,82.1891,371.52,81.0356,90.7671
2026-07-24,737.0996,683.5178,290.4115,103.41,63.33,82.2681,371.9,81.1149,90.7969
2026-07-27,737.2593,681.41,292.147,103.91,63.62,82.7622,374.63,81.1347,90.8068
2026-07-28,739.0248,674.7869,292.6058,103.89,62.36,83.2465,369.37,81.2041,90.8167
2026-07-29,727.6531,661.0411,287.8183,103.37,61.07,81.8729,371.08,81.2536,90.8266
2026-07-30,739.8528,682.8384,291.8278,106.24,63.59,81.8234,377.16,81.2734,90.8365
2026-07-31,745.1796,687.2739,290.4414,105.58,64.09,81.2799,371.54,81.2635,90.8663
2026-08-03,755.7932,699.3413,295.4484,106.02,64.32,81.5478,371.71,81.2844,90.8792
2026-08-04,769.4194,723.0965,300.924,107.32,66.0,82.1729,374.16,81.3838,90.8792
2026-08-05,767.8832,716.5533,298.9891,107.43,65.72,82.3515,389.64,81.4136,90.8891
2026-08-06,766.6562,713.9061,297.4731,107.36,65.02,81.8752,389.67,81.3142,90.909
2026-08-07,771.3446,722.2774,300.7744,108.55,65.64,82.1134,398.47,81.4335,90.9388
2026-08-10,771.1152,720.1196,299.1986,108.01,65.17,81.4188,402.54,81.3739,90.9388
2026-08-11,768.6513,717.7021,300.2059,108.09,65.43,81.5478,400.96,81.3838,90.9488
2026-08-12,770.5765,722.9467,301.9214,108.5,66.46,81.4685,404.92,81.4335,90.9686
2026-08-13,775.9532,731.308,302.7094,108.69,66.68,81.9447,398.96,81.5428,90.9686
2026-08-14,774.417,730.309,304.2953,108.64,66.61,81.399,401.48,81.513,90.9885
2026-08-17,770.756,729.1102,303.2679,108.45,67.32,80.7144,405.49,81.513,91.0084
2026-08-18,765.549,716.7631,299.4479,107.27,65.34,81.022,398.55,81.5329,91.0183
2026-08-19,767.155,715.3346,300.934,107.66,66.11,82.3713,413.84,81.5727,91.0283
2026-08-20,760.711,710.1899,296.8946,107.35,66.62,81.6966,415.26,81.5329,91.0283
2026-08-21,763.8232,712.6974,299.1786,108.24,67.12,81.4089,423.36,81.513,91.0581
2026-08-24,761.5788,705.5848,297.1938,108.03,66.11,81.9149,426.69,81.513,91.068
2026-08-25,764.0128,709.9802,298.4505,108.81,67.25,82.8178,428.07,81.5926,91.078
2026-08-26,764.1824,710.6295,298.1513,108.27,67.17,82.6492,421.32,81.5627,91.0879
2026-08-27,769.1899,720.3594,299.029,108.02,67.61,82.4805,422.6,81.5528,91.0879
2026-08-28,767.4443,715.6843,294.9796,107.72,67.14,82.2324,408.89,81.4037,91.1078
2026-08-31,765.15,716.0139,293.1643,107.45,67.02,81.8752,408.42,81.4037,91.1178
2026-09-01,759.8931,706.9034,289.8131,106.49,66.77,81.5416,396.75,81.3478,91.1277
2026-09-02,763.2646,708.5017,293.2441,107.06,67.15,81.6213,402.78,81.3977,91.1377
2026-09-03,771.2548,716.9229,294.4211,108.21,67.47,81.7408,410.22,81.4675,91.1576
2026-09-04,768.2822,718.2116,295.2389,108.35,68.7,81.8802,406.77,81.4475,91.1875
2026-09-08,764.0627,717.6122,293.9024,107.76,68.83,81.8703,399.72,81.4176,91.1975
2026-09-09,760.5115,715.5644,289.8829,106.56,68.48,81.4022,403.35,81.3877,91.1975
2026-09-10,755.9528,707.9523,286.9506,105.66,67.0,80.456,396.36,81.1783,91.2075
2026-09-11,762.3968,714.1359,288.1375,106.7,67.84,80.5456,398.77,81.1285,91.2374
2026-09-14,758.9952,708.4418,287.16,105.85,65.99,80.6054,392.84,81.0986,91.2374
2026-09-15,755.5139,703.8066,285.14,105.4,65.76,80.3862,394.15,81.0687,91.2474
2026-09-16,752.1822,703.9864,283.92,105.02,65.72,80.5556,391.74,80.9989,91.2474
2026-09-17,760.711,716.1737,285.43,106.04,66.91,81.452,398.36,81.1185,91.2673
2026-09-18,761.69,720.699,284.1,104.97,67.03,80.9241,401.17,80.9989,91.2873
2026-09-21,773.5,741.47,285.58,106.13,68.83,81.4719,398.38,81.0487,91.3072
2026-09-22,773.38,747.46,287.21,106.5,69.1,81.4221,400.07,81.0786,91.3072
2026-09-23,767.81,741.21,281.92,104.8,67.71,80.1372,392.88,80.8792,91.3271
2026-09-24,767.18,741.1,281.66,104.5,67.25,79.1014,391.69,80.8493,91.3172
2026-09-25,771.35,744.5,281.97,105.56,67.98,79.0018,393.41,80.969,91.3571
2026-09-28,765.61,736.53,280.02,105.04,67.2,78.3046,377.91,80.8693,91.367
2026-09-29,764.2,737.93,279.01,104.54,67.4,77.9162,382.89,80.9191,91.387
2026-09-30,762.63,739.77,277.89,103.89,66.79,77.468,380.84,80.959,91.377
2026-10-01,763.99,742.03,279.02,102.82,66.81,77.71,382.76,81.1,91.41
2026-10-02,769.64,749.58,281.52,103.96,67.67,77.48,380.14,81.05,91.43
2026-10-05,774.83,756.2,283.38,104.03,68.73,77.11,379.55,81.08,91.44
2026-10-06,779.09,759.66,281.34,104.22,68.27,77.28,382.27,81.13,91.45
